epoch,time,train/box_loss,train/cls_loss,train/dfl_loss,metrics/precision(B),metrics/recall(B),metrics/mAP50(B),metrics/mAP50-95(B),val/box_loss,val/cls_loss,val/dfl_loss,lr/pg0,lr/pg1,lr/pg2
1,18.8688,2.05586,4.99151,1.57635,0,0,0,0,1.69697,5.02981,1.53487,0.0003,0.0003,0.0003
2,20.2081,1.9949,5.01498,1.59654,0,0,0,0,1.5948,5.00021,1.45909,0.000699931,0.000699931,0.000699931
3,21.5959,1.67753,5.00984,1.40739,0,0,0,0,1.44987,4.91928,1.34274,0.00109978,0.00109978,0.00109978
4,22.9935,1.419,4.9198,1.28083,0,0,0,0,1.56937,4.85228,1.20436,0.00149955,0.00149955,0.00149955
5,24.4018,1.20724,4.78096,1.15146,0,0,0,0,1.23413,4.80157,1.04484,0.00189925,0.00189925,0.00189925
6,25.8248,1.07631,4.53625,1.07612,0,0,0,0,1.05943,4.7237,0.9922,0.00229886,0.00229886,0.00229886
7,27.2414,1.0285,4.20378,1.04776,0,0,0,0,1.07712,4.69114,0.99634,0.0026984,0.0026984,0.0026984
8,28.5823,1.034,3.96962,1.03989,0,0,0,0,1.12564,4.63396,0.9894,0.00309785,0.00309785,0.00309785
9,29.938,1.04338,3.76899,1.02958,0,0,0,0,1.10938,4.57318,0.99025,0.00349723,0.00349723,0.00349723
10,31.3027,1.06813,3.55448,1.02102,0.03125,0.0011,0.01618,0.01279,1.09124,4.47696,0.97373,0.00389653,0.00389653,0.00389653
11,32.6639,1.08136,3.38446,1.01895,0.04842,0.04165,0.04695,0.03726,1.06977,4.35402,0.97362,0.00429574,0.00429574,0.00429574
12,34.0934,1.13876,3.33931,1.01511,0.03186,0.05866,0.05137,0.04123,1.07401,4.26473,1.00378,0.00469488,0.00469488,0.00469488
13,35.4739,1.10709,3.06105,1.04016,0.02585,0.06088,0.05548,0.04581,1.08127,4.18804,1.04036,0.00509394,0.00509394,0.00509394
14,37.0455,1.08631,2.92356,1.03675,0.02152,0.06129,0.0569,0.04784,1.02611,4.09802,0.9769,0.00549292,0.00549292,0.00549292
15,38.5774,1.15152,2.9306,1.01912,0.07978,0.06207,0.08573,0.06368,1.04382,4.07711,0.98794,0.00589182,0.00589182,0.00589182
16,40.0573,1.10015,2.65321,1.01853,0.09869,0.08831,0.11157,0.08603,1.03231,3.93277,0.99266,0.00629064,0.00629064,0.00629064
17,41.5064,1.10049,2.6373,1.01906,0.09357,0.14105,0.13686,0.10952,1.04186,3.84472,1.00302,0.00668939,0.00668939,0.00668939
18,42.9317,1.09377,2.32446,1.0521,0.09852,0.15058,0.15133,0.11948,1.07029,3.78548,1.01671,0.00708805,0.00708805,0.00708805
19,44.4087,1.24346,2.38153,1.03118,0.0854,0.18767,0.16256,0.1186,1.21116,3.65918,1.04527,0.00748664,0.00748664,0.00748664
20,45.901,1.243,2.20948,1.03027,0.0559,0.22568,0.16233,0.12435,1.11481,3.47272,1.00255,0.00788514,0.00788514,0.00788514
21,47.3803,1.18797,2.03314,1.0191,0.06941,0.2427,0.19486,0.14446,1.13251,3.10125,1.01442,0.00828357,0.00828357,0.00828357
22,48.8918,1.2063,1.81754,1.04238,0.05029,0.2889,0.21622,0.16099,1.1362,2.65147,1.04845,0.00868191,0.00868191,0.00868191
23,50.4109,1.20405,1.88305,1.04072,0.07639,0.34437,0.23322,0.17369,1.17935,2.63887,1.01606,0.00908018,0.00908018,0.00908018
24,52.0604,1.22406,1.84223,1.00066,0.65945,0.18992,0.27963,0.20088,1.08383,2.54483,0.99885,0.00947837,0.00947837,0.00947837
25,53.7954,1.18159,1.72848,1.03552,0.67877,0.16775,0.28022,0.21704,1.04146,2.30394,1.01747,0.00987648,0.00987648,0.00987648
26,55.328,1.12401,1.73312,1.02527,0.67291,0.2007,0.29842,0.20578,1.22343,2.0845,1.07195,0.00997525,0.00997525,0.00997525
27,56.8651,1.18249,1.63363,1.03051,0.65674,0.19211,0.29842,0.21888,1.12342,2.00986,1.05881,0.00997426,0.00997426,0.00997426
28,58.405,1.15735,1.47716,1.03463,0.6144,0.26914,0.31928,0.2414,1.03185,1.69232,0.98938,0.00997327,0.00997327,0.00997327
29,59.9297,1.13508,1.50879,1.0067,0.62756,0.30931,0.33007,0.24701,1.05334,1.64047,1.01364,0.00997228,0.00997228,0.00997228
30,61.4721,1.15558,1.48485,1.00432,0.64291,0.24876,0.34302,0.25027,1.08472,1.67773,0.99825,0.00997129,0.00997129,0.00997129
31,62.9578,1.12919,1.35511,0.98018,0.60964,0.26524,0.33258,0.24944,1.00151,1.28526,0.96368,0.0099703,0.0099703,0.0099703
32,64.4309,1.08618,1.33662,0.99053,0.63035,0.30913,0.40398,0.30254,1.05668,1.15136,0.99329,0.00996931,0.00996931,0.00996931
33,66.0649,1.07165,1.35909,1.01053,0.60642,0.30089,0.3811,0.29602,1.04374,1.37578,0.99079,0.00996832,0.00996832,0.00996832
34,67.729,1.12303,1.29379,0.99314,0.70704,0.28789,0.48494,0.39521,0.98391,1.09109,0.96053,0.00996733,0.00996733,0.00996733
35,69.28,1.08008,1.28814,0.97373,0.5821,0.35594,0.40607,0.31806,1.02506,1.09856,0.96573,0.00996634,0.00996634,0.00996634
36,70.7798,1.10827,1.24189,0.97924,0.70603,0.3343,0.47921,0.37868,0.97622,1.03272,0.96672,0.00996535,0.00996535,0.00996535
37,72.3039,1.15212,1.22723,0.98718,0.50948,0.4565,0.43599,0.34194,1.02208,1.04018,0.96325,0.00996436,0.00996436,0.00996436
38,73.8398,1.06044,1.18679,0.96986,0.70636,0.33035,0.43132,0.33248,1.04059,0.92696,0.96396,0.00996337,0.00996337,0.00996337
39,75.3832,1.07428,1.12253,0.98446,0.56422,0.41893,0.42491,0.33907,0.97087,0.92335,0.96288,0.00996238,0.00996238,0.00996238
40,76.9132,1.07618,1.14999,0.96884,0.62187,0.40186,0.43361,0.34465,0.92003,0.90033,0.95754,0.00996139,0.00996139,0.00996139
41,78.4495,1.02258,1.08278,0.97395,0.62289,0.38761,0.4597,0.35956,1.03119,0.90729,0.9734,0.0099604,0.0099604,0.0099604
42,79.9377,1.00817,1.05231,0.99095,0.73343,0.35513,0.44418,0.35543,0.89001,0.82896,0.95107,0.00995941,0.00995941,0.00995941
43,81.4942,1.02151,1.07576,1.00171,0.68557,0.42631,0.49976,0.4041,0.84945,0.79887,0.93718,0.00995842,0.00995842,0.00995842
44,83.1273,0.97542,1.01262,0.98614,0.68269,0.41307,0.48865,0.37791,1.02154,0.91271,1.0084,0.00995743,0.00995743,0.00995743
45,84.6511,1.01618,1.00412,0.97434,0.696,0.39892,0.48034,0.38588,0.89152,0.86104,0.94692,0.00995644,0.00995644,0.00995644
46,86.1942,0.98534,1.03477,0.96018,0.64064,0.50084,0.51997,0.42506,0.85362,0.83333,0.9412,0.00995545,0.00995545,0.00995545
47,87.7419,0.97611,1.00697,0.96115,0.58892,0.51278,0.4826,0.37603,0.98832,0.90295,0.96807,0.00995446,0.00995446,0.00995446
48,89.6916,1.00168,1.0024,0.95362,0.56339,0.53859,0.49158,0.39326,0.86223,0.84881,0.95001,0.00995347,0.00995347,0.00995347
49,91.5175,0.91974,0.91345,0.95828,0.61548,0.51643,0.53782,0.43428,0.88335,0.92148,0.94313,0.00995248,0.00995248,0.00995248
50,93.1431,0.96004,0.93083,0.95469,0.6378,0.4993,0.54086,0.43158,0.90568,0.93185,0.95407,0.00995149,0.00995149,0.00995149
51,94.9061,0.91964,0.8974,0.96382,0.61629,0.49073,0.56221,0.45229,0.88229,0.94907,0.93851,0.0099505,0.0099505,0.0099505
52,96.6654,0.90418,0.97493,0.94628,0.63524,0.40548,0.55397,0.45154,0.82776,0.89933,0.93265,0.00994951,0.00994951,0.00994951
53,98.1556,0.88892,0.90915,0.94758,0.56817,0.52463,0.55492,0.44424,0.94551,0.95585,0.95752,0.00994852,0.00994852,0.00994852
54,99.8944,0.93445,0.9111,0.94872,0.60877,0.46421,0.5475,0.44033,0.85988,0.85428,0.93901,0.00994753,0.00994753,0.00994753
55,101.496,0.98196,0.91651,0.95388,0.55241,0.55229,0.55837,0.45685,0.84935,0.8492,0.9429,0.00994654,0.00994654,0.00994654
56,103.058,0.9352,0.88509,0.9468,0.66812,0.48789,0.57327,0.47564,0.908,0.79166,0.95222,0.00994555,0.00994555,0.00994555
57,104.614,0.92894,0.86682,0.96021,0.63461,0.54698,0.57316,0.47147,0.85111,0.82934,0.93792,0.00994456,0.00994456,0.00994456
58,106.149,0.91002,0.82506,0.9598,0.65978,0.515,0.60353,0.49649,0.83172,0.77098,0.93977,0.00994357,0.00994357,0.00994357
59,107.657,0.90807,0.84257,0.96602,0.65076,0.51514,0.59851,0.49561,0.87841,0.7736,0.92919,0.00994258,0.00994258,0.00994258
60,109.267,0.87332,0.81411,0.93393,0.687,0.48428,0.61583,0.50627,0.82034,0.73096,0.92949,0.00994159,0.00994159,0.00994159
61,111.078,0.88542,0.82644,0.92835,0.60212,0.59995,0.64512,0.52773,0.84404,0.75232,0.93368,0.0099406,0.0099406,0.0099406
62,112.657,0.86674,0.79428,0.94428,0.64661,0.57895,0.63802,0.53178,0.81777,0.71344,0.9222,0.00993961,0.00993961,0.00993961
63,114.151,0.86951,0.81348,0.93957,0.5941,0.62538,0.64078,0.52943,0.8481,0.76855,0.92989,0.00993862,0.00993862,0.00993862
64,115.679,0.93588,0.82467,0.94829,0.63172,0.61337,0.65631,0.54504,0.81163,0.76367,0.92392,0.00993763,0.00993763,0.00993763
65,117.249,0.91696,0.80114,0.95298,0.65439,0.61055,0.66065,0.5459,0.84803,0.74766,0.92382,0.00993664,0.00993664,0.00993664
66,118.875,0.87364,0.78022,0.93759,0.52572,0.67262,0.64778,0.54809,0.79973,0.68622,0.92501,0.00993565,0.00993565,0.00993565
67,120.492,0.88764,0.76561,0.93737,0.5452,0.66704,0.66263,0.55678,0.78611,0.6721,0.91602,0.00993466,0.00993466,0.00993466
68,122.005,0.86271,0.74257,0.92725,0.5218,0.65947,0.65015,0.53609,0.8742,0.69578,0.9178,0.00993367,0.00993367,0.00993367
69,123.517,0.88604,0.76162,0.94725,0.5889,0.63477,0.6654,0.5616,0.7766,0.65757,0.90961,0.00993268,0.00993268,0.00993268
70,125.105,0.87215,0.76978,0.93116,0.52989,0.67963,0.68271,0.5706,0.78015,0.6936,0.90645,0.00993169,0.00993169,0.00993169
71,126.732,0.88945,0.77121,0.93627,0.67943,0.55823,0.66891,0.554,0.80874,0.70265,0.91328,0.0099307,0.0099307,0.0099307
72,128.319,0.85078,0.7542,0.92974,0.69365,0.59345,0.6978,0.5947,0.76786,0.69506,0.90228,0.00992971,0.00992971,0.00992971
73,129.865,0.82499,0.78846,0.9256,0.62731,0.62214,0.69568,0.58883,0.79696,0.70586,0.91308,0.00992872,0.00992872,0.00992872
74,131.481,0.83125,0.74525,0.92241,0.6843,0.52166,0.66963,0.56509,0.80787,0.6937,0.91008,0.00992773,0.00992773,0.00992773
75,133.027,0.8324,0.76428,0.93306,0.62765,0.58217,0.66191,0.56008,0.77875,0.67763,0.90232,0.00992674,0.00992674,0.00992674
76,134.657,0.8178,0.75018,0.93505,0.70421,0.56407,0.69113,0.59077,0.78479,0.64421,0.9181,0.00992575,0.00992575,0.00992575
77,136.159,0.83364,0.71053,0.94209,0.49091,0.74239,0.68469,0.58138,0.78695,0.62426,0.90345,0.00992476,0.00992476,0.00992476
78,137.783,0.83026,0.71174,0.9356,0.56618,0.63209,0.67999,0.56092,0.80567,0.64695,0.92127,0.00992377,0.00992377,0.00992377
79,139.345,0.84452,0.76692,0.91697,0.5626,0.64129,0.69227,0.57564,0.77002,0.63399,0.90762,0.00992278,0.00992278,0.00992278
80,140.995,0.83389,0.74588,0.94116,0.57769,0.65971,0.67291,0.56503,0.80867,0.6331,0.90945,0.00992179,0.00992179,0.00992179
81,142.582,0.83098,0.747,0.91134,0.58964,0.65709,0.68813,0.57161,0.80343,0.62273,0.91051,0.0099208,0.0099208,0.0099208
82,144.123,0.86023,0.73589,0.92311,0.54866,0.70356,0.69025,0.56831,0.82971,0.62864,0.91281,0.00991981,0.00991981,0.00991981
83,145.68,0.85619,0.72637,0.92338,0.61132,0.63443,0.68815,0.58843,0.75708,0.6163,0.90042,0.00991882,0.00991882,0.00991882
84,147.27,0.84118,0.7363,0.9376,0.68219,0.58118,0.69194,0.57326,0.83621,0.63151,0.93487,0.00991783,0.00991783,0.00991783
85,148.79,0.83371,0.72554,0.92125,0.62353,0.62412,0.68365,0.56666,0.84878,0.64465,0.91821,0.00991684,0.00991684,0.00991684
86,150.363,0.86092,0.72871,0.92766,0.50584,0.77157,0.68627,0.59128,0.71284,0.61433,0.88971,0.00991585,0.00991585,0.00991585
87,151.974,0.82715,0.72706,0.92462,0.6281,0.65533,0.68309,0.56743,0.82612,0.6778,0.9114,0.00991486,0.00991486,0.00991486
88,153.541,0.79012,0.69238,0.91632,0.64063,0.6697,0.69317,0.58276,0.81739,0.61345,0.90771,0.00991387,0.00991387,0.00991387
89,155.144,0.80974,0.72101,0.90494,0.53207,0.77321,0.70217,0.60264,0.71993,0.58877,0.88874,0.00991288,0.00991288,0.00991288
90,156.771,0.81753,0.72599,0.92049,0.6702,0.58381,0.6944,0.59278,0.7723,0.61734,0.90444,0.00991189,0.00991189,0.00991189
91,158.362,0.84589,0.72462,0.90872,0.61775,0.68543,0.72174,0.60677,0.77953,0.58917,0.90773,0.0099109,0.0099109,0.0099109
92,159.856,0.80822,0.67062,0.93731,0.59605,0.72853,0.72271,0.62227,0.76955,0.57942,0.90923,0.00990991,0.00990991,0.00990991
93,161.461,0.82113,0.71074,0.92248,0.64509,0.63732,0.7252,0.61654,0.76093,0.5737,0.90118,0.00990892,0.00990892,0.00990892
94,163.076,0.84071,0.66903,0.93439,0.64147,0.62679,0.70837,0.60649,0.74667,0.55653,0.88716,0.00990793,0.00990793,0.00990793
95,164.688,0.8258,0.67189,0.91012,0.52437,0.75207,0.70492,0.60269,0.76477,0.5821,0.89507,0.00990694,0.00990694,0.00990694
96,166.286,0.84878,0.68591,0.91746,0.59267,0.67353,0.70889,0.60638,0.74079,0.55276,0.88603,0.00990595,0.00990595,0.00990595
97,167.789,0.80319,0.68519,0.91994,0.63098,0.62112,0.72404,0.63178,0.73229,0.55435,0.88567,0.00990496,0.00990496,0.00990496
98,169.364,0.83494,0.6798,0.91675,0.66762,0.60813,0.73168,0.62306,0.76393,0.57342,0.90376,0.00990397,0.00990397,0.00990397
99,171.108,0.78746,0.66451,0.92503,0.61058,0.68338,0.72146,0.63319,0.72563,0.5678,0.88009,0.00990298,0.00990298,0.00990298
100,172.716,0.80789,0.6864,0.92445,0.56826,0.73763,0.73058,0.63952,0.73565,0.59286,0.88472,0.00990199,0.00990199,0.00990199
101,174.28,0.80552,0.68075,0.90082,0.61083,0.73782,0.73258,0.63273,0.73634,0.57748,0.88612,0.009901,0.009901,0.009901
102,175.801,0.82008,0.67362,0.90754,0.64048,0.71058,0.75614,0.64705,0.76892,0.56995,0.89278,0.00990001,0.00990001,0.00990001
103,177.392,0.82575,0.68131,0.92274,0.52528,0.80048,0.7658,0.65134,0.75232,0.55523,0.89269,0.00989902,0.00989902,0.00989902
104,178.929,0.82104,0.68299,0.92051,0.66821,0.68176,0.76723,0.6526,0.71871,0.55776,0.8838,0.00989803,0.00989803,0.00989803
105,180.414,0.80924,0.70292,0.91108,0.64755,0.67983,0.76456,0.65394,0.7487,0.57575,0.88728,0.00989704,0.00989704,0.00989704
106,182.002,0.79855,0.68634,0.90733,0.59431,0.75449,0.74809,0.63783,0.72668,0.57108,0.88739,0.00989605,0.00989605,0.00989605
107,183.525,0.79933,0.67478,0.91993,0.61454,0.74903,0.75983,0.65217,0.70991,0.56423,0.88229,0.00989506,0.00989506,0.00989506
108,185.143,0.77804,0.67737,0.91281,0.55027,0.76602,0.75061,0.64717,0.69893,0.5741,0.87745,0.00989407,0.00989407,0.00989407
109,186.797,0.80089,0.69442,0.91238,0.60924,0.7692,0.76708,0.65833,0.70518,0.58133,0.8823,0.00989308,0.00989308,0.00989308
110,188.263,0.78381,0.67538,0.92064,0.59943,0.76643,0.76841,0.66671,0.71622,0.55413,0.87681,0.00989209,0.00989209,0.00989209
111,189.761,0.77767,0.66479,0.90167,0.68518,0.6536,0.75483,0.64683,0.72139,0.54641,0.8829,0.0098911,0.0098911,0.0098911
112,191.295,0.78202,0.67735,0.90052,0.63383,0.7025,0.74316,0.63989,0.7368,0.58034,0.88756,0.00989011,0.00989011,0.00989011
113,192.868,0.75775,0.65821,0.91202,0.62295,0.70625,0.74591,0.64366,0.70784,0.562,0.88419,0.00988912,0.00988912,0.00988912
114,194.415,0.75137,0.66101,0.89361,0.61252,0.73181,0.7358,0.63544,0.7275,0.57776,0.89453,0.00988813,0.00988813,0.00988813
115,195.975,0.78131,0.66689,0.92711,0.62842,0.68152,0.74313,0.63461,0.73786,0.5525,0.90099,0.00988714,0.00988714,0.00988714
116,197.521,0.74376,0.64144,0.91543,0.67491,0.69001,0.76573,0.65807,0.68031,0.52101,0.87661,0.00988615,0.00988615,0.00988615
117,199.023,0.7439,0.63702,0.91606,0.55202,0.7409,0.72455,0.62203,0.74664,0.55404,0.90395,0.00988516,0.00988516,0.00988516
118,200.609,0.77807,0.65266,0.8995,0.62109,0.70997,0.72728,0.63137,0.75661,0.55128,0.89429,0.00988417,0.00988417,0.00988417
119,202.253,0.75801,0.6293,0.92197,0.57799,0.72783,0.70488,0.60155,0.72077,0.54641,0.88614,0.00988318,0.00988318,0.00988318
120,203.779,0.7668,0.63609,0.90991,0.59745,0.71706,0.73877,0.64314,0.70708,0.52912,0.88294,0.00988219,0.00988219,0.00988219
121,205.341,0.79624,0.63661,0.90711,0.65781,0.71726,0.76479,0.67569,0.67242,0.52425,0.87448,0.0098812,0.0098812,0.0098812
122,206.922,0.73858,0.62554,0.90022,0.6071,0.73234,0.74774,0.65091,0.71302,0.54513,0.88432,0.00988021,0.00988021,0.00988021
123,208.518,0.78083,0.67147,0.90242,0.63423,0.71501,0.75767,0.66336,0.70343,0.53602,0.87534,0.00987922,0.00987922,0.00987922
124,210.111,0.78284,0.64285,0.89967,0.61379,0.77681,0.75256,0.66521,0.68569,0.52045,0.87613,0.00987823,0.00987823,0.00987823
125,211.618,0.7744,0.65165,0.90008,0.63883,0.75633,0.75057,0.65518,0.67917,0.51601,0.87212,0.00987724,0.00987724,0.00987724
126,213.13,0.77825,0.63457,0.91777,0.62983,0.71438,0.76096,0.65683,0.69706,0.51703,0.87958,0.00987625,0.00987625,0.00987625
127,214.708,0.7569,0.63703,0.91927,0.61307,0.77784,0.77993,0.68095,0.68109,0.52348,0.87,0.00987526,0.00987526,0.00987526
128,216.397,0.75561,0.61767,0.90851,0.59774,0.77244,0.79862,0.69326,0.71436,0.52465,0.88873,0.00987427,0.00987427,0.00987427
129,217.963,0.76914,0.61646,0.91043,0.64142,0.75365,0.81612,0.71038,0.69336,0.51067,0.87297,0.00987328,0.00987328,0.00987328
130,219.523,0.74157,0.62635,0.89762,0.67611,0.71773,0.7943,0.68005,0.71646,0.5144,0.88389,0.00987229,0.00987229,0.00987229
131,221.08,0.7576,0.60948,0.88283,0.69907,0.71034,0.803,0.70007,0.69592,0.52525,0.87211,0.0098713,0.0098713,0.0098713
132,222.724,0.77471,0.61755,0.89211,0.64817,0.71988,0.80259,0.69828,0.69022,0.51461,0.87281,0.00987031,0.00987031,0.00987031
133,224.293,0.77239,0.6289,0.90152,0.62948,0.71063,0.81085,0.71357,0.69488,0.49995,0.86986,0.00986932,0.00986932,0.00986932
134,225.874,0.77511,0.62462,0.9018,0.66252,0.73303,0.81453,0.71988,0.67403,0.5073,0.86528,0.00986833,0.00986833,0.00986833
135,227.389,0.75937,0.60073,0.90281,0.63054,0.74857,0.80838,0.71453,0.68002,0.505,0.86544,0.00986734,0.00986734,0.00986734
136,228.905,0.77523,0.60692,0.88724,0.71823,0.6909,0.81838,0.72774,0.68544,0.50798,0.86729,0.00986635,0.00986635,0.00986635
137,230.471,0.72363,0.60546,0.89624,0.63819,0.76494,0.81652,0.71929,0.65928,0.52725,0.86129,0.00986536,0.00986536,0.00986536
138,232.14,0.73144,0.6055,0.89499,0.60971,0.7766,0.82977,0.72842,0.68481,0.50233,0.86772,0.00986437,0.00986437,0.00986437
139,233.749,0.7722,0.6302,0.90643,0.66725,0.80317,0.83562,0.72928,0.68674,0.49896,0.8811,0.00986338,0.00986338,0.00986338
140,235.321,0.74623,0.60783,0.89781,0.66994,0.73602,0.82843,0.7213,0.69896,0.50771,0.87413,0.00986239,0.00986239,0.00986239
141,236.866,0.77,0.61754,0.93237,0.57515,0.79927,0.82457,0.71567,0.73667,0.51538,0.8907,0.0098614,0.0098614,0.0098614
142,238.459,0.72626,0.60581,0.91832,0.6298,0.73351,0.80408,0.69032,0.7238,0.524,0.88391,0.00986041,0.00986041,0.00986041
143,240.029,0.74427,0.63149,0.89427,0.62622,0.74365,0.81868,0.72728,0.65587,0.50812,0.85901,0.00985942,0.00985942,0.00985942
144,241.575,0.76204,0.61905,0.89225,0.60292,0.77951,0.81117,0.7064,0.68109,0.50555,0.87554,0.00985843,0.00985843,0.00985843
145,243.116,0.7529,0.60064,0.89184,0.62527,0.77072,0.81388,0.7077,0.67496,0.51015,0.87316,0.00985744,0.00985744,0.00985744
146,244.691,0.73272,0.60163,0.89487,0.66344,0.74628,0.82741,0.7372,0.65687,0.49677,0.86273,0.00985645,0.00985645,0.00985645
147,246.436,0.71989,0.61857,0.89696,0.62279,0.74924,0.81978,0.72529,0.64459,0.50176,0.86033,0.00985546,0.00985546,0.00985546
148,248.046,0.74796,0.63176,0.9098,0.67041,0.71777,0.80529,0.70858,0.64747,0.50644,0.86765,0.00985447,0.00985447,0.00985447
149,249.594,0.75046,0.62187,0.9136,0.66347,0.68627,0.80506,0.69373,0.6871,0.51525,0.8769,0.00985348,0.00985348,0.00985348
150,251.181,0.73782,0.61115,0.90899,0.69353,0.65977,0.77127,0.68084,0.64367,0.50927,0.8646,0.00985249,0.00985249,0.00985249
151,252.784,0.75133,0.61212,0.89093,0.69092,0.65727,0.7867,0.68631,0.638,0.50768,0.86146,0.0098515,0.0098515,0.0098515
152,254.323,0.72839,0.61135,0.89016,0.73632,0.60444,0.786,0.69156,0.66248,0.50703,0.87559,0.00985051,0.00985051,0.00985051
153,255.829,0.72505,0.60358,0.89013,0.60925,0.71163,0.7688,0.66973,0.657,0.50605,0.86792,0.00984952,0.00984952,0.00984952
154,257.335,0.69872,0.596,0.89689,0.69131,0.59897,0.75118,0.65556,0.66348,0.51401,0.86773,0.00984853,0.00984853,0.00984853
155,258.849,0.72357,0.60823,0.89519,0.64044,0.73649,0.80866,0.71178,0.62543,0.48766,0.86467,0.00984754,0.00984754,0.00984754
156,260.474,0.71451,0.60589,0.89605,0.64612,0.7087,0.82269,0.71875,0.64526,0.5118,0.86146,0.00984655,0.00984655,0.00984655
157,262.223,0.74359,0.63384,0.89291,0.65879,0.7514,0.85256,0.74219,0.61899,0.4814,0.86161,0.00984556,0.00984556,0.00984556
158,263.829,0.7139,0.58656,0.90685,0.70098,0.74018,0.85541,0.75848,0.67239,0.49631,0.86918,0.00984457,0.00984457,0.00984457
159,265.45,0.74308,0.60121,0.8889,0.65668,0.77089,0.86569,0.75237,0.62031,0.47306,0.86347,0.00984358,0.00984358,0.00984358
160,267.003,0.7144,0.56832,0.88362,0.74515,0.673,0.85295,0.73485,0.6293,0.47202,0.8639,0.00984259,0.00984259,0.00984259
161,268.604,0.72652,0.59516,0.87614,0.72359,0.72272,0.85393,0.74208,0.64043,0.47992,0.86273,0.0098416,0.0098416,0.0098416
162,270.159,0.72107,0.59001,0.8868,0.67928,0.75486,0.85036,0.73677,0.63533,0.49822,0.86063,0.00984061,0.00984061,0.00984061
163,271.696,0.69395,0.57253,0.88429,0.69255,0.72498,0.84791,0.73877,0.65227,0.48359,0.86162,0.00983962,0.00983962,0.00983962
164,273.235,0.74877,0.60158,0.886,0.74568,0.69403,0.85287,0.74346,0.64411,0.4823,0.86008,0.00983863,0.00983863,0.00983863
165,274.825,0.71797,0.59083,0.89382,0.69598,0.77072,0.86618,0.76728,0.62704,0.47154,0.85589,0.00983764,0.00983764,0.00983764
166,276.56,0.71788,0.59127,0.91296,0.71445,0.75214,0.8455,0.74613,0.62964,0.49944,0.86227,0.00983665,0.00983665,0.00983665
167,278.12,0.72913,0.58312,0.90893,0.74379,0.75459,0.86626,0.76628,0.65036,0.48636,0.86191,0.00983566,0.00983566,0.00983566
168,279.673,0.7242,0.57187,0.90071,0.7298,0.7862,0.86233,0.75793,0.62073,0.46861,0.8533,0.00983467,0.00983467,0.00983467
169,281.253,0.75859,0.58406,0.8788,0.66212,0.76859,0.84106,0.74199,0.61991,0.46806,0.85239,0.00983368,0.00983368,0.00983368
170,282.837,0.73069,0.57889,0.8934,0.73473,0.72534,0.85851,0.74465,0.68295,0.48266,0.85987,0.00983269,0.00983269,0.00983269
171,284.422,0.70369,0.57124,0.8832,0.7427,0.72502,0.86106,0.75956,0.61309,0.46505,0.85095,0.0098317,0.0098317,0.0098317
172,285.97,0.71912,0.56809,0.88572,0.78063,0.72938,0.87198,0.76753,0.61724,0.46469,0.84912,0.00983071,0.00983071,0.00983071
173,287.505,0.74592,0.58429,0.89006,0.55935,0.92614,0.87694,0.76655,0.67331,0.4693,0.85831,0.00982972,0.00982972,0.00982972
174,289.051,0.69084,0.55371,0.88252,0.56621,0.95107,0.88061,0.77696,0.61954,0.47381,0.85124,0.00982873,0.00982873,0.00982873
175,290.667,0.72968,0.5692,0.89694,0.60928,0.88653,0.88168,0.76659,0.63228,0.46512,0.85032,0.00982774,0.00982774,0.00982774
176,292.307,0.69873,0.54094,0.88948,0.61441,0.91921,0.88136,0.76856,0.65904,0.47054,0.85583,0.00982675,0.00982675,0.00982675
177,293.826,0.67641,0.54853,0.8938,0.58392,0.93118,0.87005,0.76555,0.62337,0.46035,0.85279,0.00982576,0.00982576,0.00982576
178,295.343,0.71735,0.56691,0.88827,0.68587,0.82035,0.87231,0.77612,0.61573,0.45348,0.84779,0.00982477,0.00982477,0.00982477
179,296.899,0.69579,0.55464,0.87921,0.65453,0.87859,0.89018,0.77481,0.66163,0.45457,0.85605,0.00982378,0.00982378,0.00982378
180,298.47,0.70236,0.56067,0.88697,0.64128,0.92126,0.88358,0.78248,0.59976,0.45099,0.84604,0.00982279,0.00982279,0.00982279
181,300.057,0.70267,0.56325,0.87367,0.66971,0.84192,0.87316,0.76933,0.59202,0.44596,0.8444,0.0098218,0.0098218,0.0098218
182,301.596,0.71473,0.55836,0.8827,0.66109,0.84746,0.87851,0.76218,0.67962,0.46389,0.86428,0.00982081,0.00982081,0.00982081
183,303.108,0.72501,0.54249,0.89115,0.77507,0.72613,0.87073,0.75885,0.61154,0.45114,0.85127,0.00981982,0.00981982,0.00981982
184,304.601,0.69419,0.55799,0.88455,0.77251,0.74572,0.86864,0.75424,0.6295,0.44758,0.86224,0.00981883,0.00981883,0.00981883
185,306.257,0.70053,0.55152,0.89078,0.6794,0.8164,0.87573,0.76443,0.63851,0.45596,0.85504,0.00981784,0.00981784,0.00981784
186,308.006,0.70532,0.55992,0.88539,0.62845,0.8747,0.87993,0.76668,0.61175,0.44962,0.8538,0.00981685,0.00981685,0.00981685
187,309.528,0.67847,0.53933,0.86456,0.64455,0.85965,0.88308,0.77239,0.59922,0.44853,0.84991,0.00981586,0.00981586,0.00981586
188,311.036,0.71169,0.54917,0.88502,0.65492,0.81994,0.88568,0.77619,0.63118,0.46154,0.86007,0.00981487,0.00981487,0.00981487
189,312.528,0.73685,0.57392,0.89413,0.66292,0.88535,0.88004,0.76697,0.60379,0.45751,0.85177,0.00981388,0.00981388,0.00981388
190,314.085,0.69718,0.57858,0.88666,0.63074,0.86914,0.86739,0.76605,0.62322,0.47286,0.85861,0.00981289,0.00981289,0.00981289
191,315.609,0.70002,0.55622,0.89997,0.65877,0.86915,0.88352,0.78025,0.62673,0.46588,0.85338,0.0098119,0.0098119,0.0098119
192,317.18,0.7028,0.56545,0.88378,0.67177,0.83887,0.87842,0.76801,0.60157,0.46925,0.85007,0.00981091,0.00981091,0.00981091
193,318.765,0.71282,0.5661,0.88362,0.66496,0.87359,0.86414,0.7581,0.59558,0.47045,0.84539,0.00980992,0.00980992,0.00980992
194,320.385,0.69751,0.58664,0.8816,0.67052,0.85253,0.86213,0.77118,0.61327,0.47294,0.84814,0.00980893,0.00980893,0.00980893
195,321.933,0.69082,0.55599,0.88064,0.71743,0.80233,0.8709,0.78101,0.59756,0.46151,0.84843,0.00980794,0.00980794,0.00980794
196,323.509,0.66063,0.55531,0.86824,0.59867,0.84589,0.85094,0.74931,0.60374,0.45563,0.84809,0.00980695,0.00980695,0.00980695
197,324.997,0.68697,0.56472,0.88363,0.78343,0.77316,0.88349,0.79541,0.59722,0.45004,0.84359,0.00980596,0.00980596,0.00980596
198,326.493,0.69572,0.55361,0.88502,0.63226,0.8732,0.88218,0.77815,0.606,0.44875,0.85337,0.00980497,0.00980497,0.00980497
199,328.043,0.69027,0.54506,0.8966,0.67444,0.8646,0.89157,0.78162,0.61356,0.43699,0.86091,0.00980398,0.00980398,0.00980398
200,329.547,0.67451,0.53136,0.88854,0.78665,0.75534,0.89777,0.80476,0.61468,0.43533,0.84748,0.00980299,0.00980299,0.00980299
201,331.137,0.69449,0.56199,0.88022,0.73096,0.76858,0.88945,0.78082,0.58922,0.43151,0.85081,0.009802,0.009802,0.009802
202,332.667,0.69619,0.5392,0.89011,0.70416,0.79464,0.87379,0.76971,0.56913,0.43217,0.84584,0.00980101,0.00980101,0.00980101
203,334.167,0.7234,0.57264,0.87293,0.67056,0.82594,0.87743,0.77665,0.61094,0.44614,0.84434,0.00980002,0.00980002,0.00980002
204,335.73,0.70571,0.55945,0.88793,0.64542,0.81615,0.86381,0.7626,0.59633,0.44369,0.84722,0.00979903,0.00979903,0.00979903
205,337.325,0.71643,0.55239,0.88252,0.66647,0.8273,0.86327,0.75614,0.62974,0.45007,0.84931,0.00979804,0.00979804,0.00979804
206,338.851,0.68483,0.55142,0.87854,0.72117,0.82169,0.88033,0.77983,0.57663,0.4305,0.84168,0.00979705,0.00979705,0.00979705
207,340.402,0.70368,0.5505,0.8752,0.6868,0.80751,0.86384,0.74397,0.64751,0.46057,0.85118,0.00979606,0.00979606,0.00979606
208,342,0.64449,0.52867,0.88001,0.59552,0.91182,0.85945,0.7411,0.65398,0.45987,0.85217,0.00979507,0.00979507,0.00979507
209,343.51,0.67698,0.54014,0.88351,0.70131,0.85672,0.87849,0.77323,0.57995,0.43432,0.84231,0.00979408,0.00979408,0.00979408
210,345.046,0.66035,0.53466,0.88245,0.72166,0.77509,0.86629,0.76428,0.63621,0.45113,0.86536,0.00979309,0.00979309,0.00979309
211,346.59,0.66906,0.56033,0.88351,0.68497,0.76133,0.84098,0.7424,0.61246,0.45398,0.85352,0.0097921,0.0097921,0.0097921
212,348.11,0.66167,0.55972,0.87802,0.71911,0.80712,0.86027,0.77103,0.57961,0.44766,0.84386,0.00979111,0.00979111,0.00979111
213,349.61,0.65981,0.55119,0.89009,0.69673,0.76343,0.85288,0.75059,0.61511,0.4575,0.85071,0.00979012,0.00979012,0.00979012
214,351.199,0.69258,0.55055,0.89124,0.71172,0.76438,0.84776,0.73936,0.60232,0.44468,0.85122,0.00978913,0.00978913,0.00978913
215,352.822,0.65439,0.53958,0.87541,0.73156,0.77335,0.85451,0.7572,0.59059,0.44824,0.84855,0.00978814,0.00978814,0.00978814
216,354.436,0.65355,0.54489,0.88741,0.76199,0.74204,0.85904,0.7568,0.58448,0.44503,0.84439,0.00978715,0.00978715,0.00978715
217,355.956,0.65358,0.53944,0.88298,0.70779,0.86127,0.87007,0.76956,0.59037,0.44953,0.84517,0.00978616,0.00978616,0.00978616
218,357.449,0.66455,0.53127,0.89578,0.78189,0.75162,0.87714,0.76345,0.604,0.44708,0.84752,0.00978517,0.00978517,0.00978517
219,358.999,0.67888,0.5429,0.89128,0.7542,0.76243,0.88226,0.78022,0.60294,0.44263,0.85218,0.00978418,0.00978418,0.00978418
220,360.535,0.6561,0.53784,0.88602,0.80465,0.74614,0.89623,0.78976,0.59706,0.43593,0.846,0.00978319,0.00978319,0.00978319
221,362.092,0.68411,0.53326,0.8756,0.66385,0.90579,0.89744,0.79996,0.58232,0.43138,0.84249,0.0097822,0.0097822,0.0097822
222,363.649,0.68218,0.54169,0.87503,0.72157,0.8719,0.89711,0.80011,0.58212,0.43195,0.84188,0.00978121,0.00978121,0.00978121
223,365.27,0.67357,0.53257,0.88146,0.76222,0.82168,0.8919,0.79376,0.59147,0.43607,0.83987,0.00978022,0.00978022,0.00978022
224,366.878,0.68111,0.52648,0.88185,0.69382,0.8836,0.89753,0.78357,0.59243,0.43538,0.84511,0.00977923,0.00977923,0.00977923
225,368.399,0.6812,0.52258,0.86279,0.67623,0.89267,0.90015,0.79888,0.57886,0.43501,0.83819,0.00977824,0.00977824,0.00977824
226,369.996,0.65932,0.52804,0.87579,0.69202,0.88576,0.89401,0.79718,0.5797,0.42622,0.838,0.00977725,0.00977725,0.00977725
227,371.547,0.67367,0.50245,0.87945,0.68986,0.86816,0.9031,0.79955,0.59796,0.43007,0.84267,0.00977626,0.00977626,0.00977626
228,373.095,0.66079,0.50994,0.87028,0.67876,0.89678,0.91172,0.81258,0.56727,0.41916,0.83352,0.00977527,0.00977527,0.00977527
229,374.633,0.65041,0.51518,0.8664,0.72621,0.87317,0.91055,0.80707,0.58023,0.41837,0.83691,0.00977428,0.00977428,0.00977428
230,376.161,0.68819,0.51447,0.87906,0.6972,0.86101,0.89764,0.80035,0.57661,0.42019,0.83774,0.00977329,0.00977329,0.00977329
231,377.706,0.64724,0.51535,0.88663,0.71696,0.87463,0.9144,0.81237,0.60097,0.42945,0.83963,0.0097723,0.0097723,0.0097723
232,379.238,0.6955,0.53822,0.88172,0.65266,0.85757,0.90997,0.80816,0.61123,0.42841,0.84683,0.00977131,0.00977131,0.00977131
233,380.793,0.6881,0.54332,0.89098,0.74033,0.84608,0.90674,0.80653,0.57025,0.41374,0.84299,0.00977032,0.00977032,0.00977032
234,382.356,0.63573,0.51316,0.88648,0.74187,0.81119,0.87889,0.76935,0.60562,0.41785,0.85232,0.00976933,0.00976933,0.00976933
235,383.93,0.66447,0.5292,0.87583,0.81812,0.78564,0.91048,0.79455,0.58641,0.41954,0.84247,0.00976834,0.00976834,0.00976834
236,385.467,0.67724,0.54227,0.87123,0.76688,0.7905,0.89794,0.78836,0.57409,0.42565,0.83922,0.00976735,0.00976735,0.00976735
237,386.978,0.66455,0.5395,0.87372,0.73593,0.83363,0.89506,0.79182,0.57813,0.43215,0.83945,0.00976636,0.00976636,0.00976636
238,388.56,0.64846,0.53128,0.87187,0.73508,0.80205,0.88377,0.77974,0.59348,0.44383,0.84221,0.00976537,0.00976537,0.00976537
239,390.155,0.66072,0.53743,0.87317,0.73193,0.77498,0.88274,0.78401,0.57327,0.4338,0.83657,0.00976438,0.00976438,0.00976438
240,391.709,0.65257,0.521,0.87283,0.76655,0.79423,0.89833,0.79886,0.59781,0.4386,0.8469,0.00976339,0.00976339,0.00976339
241,393.274,0.64183,0.52349,0.8765,0.73767,0.75952,0.89195,0.78943,0.5823,0.44176,0.84641,0.0097624,0.0097624,0.0097624
242,394.796,0.67241,0.54478,0.87608,0.6954,0.80102,0.8807,0.78336,0.55345,0.43713,0.8374,0.00976141,0.00976141,0.00976141
243,396.419,0.67002,0.53608,0.88524,0.71465,0.82006,0.88722,0.78409,0.57482,0.43509,0.84499,0.00976042,0.00976042,0.00976042
244,398.026,0.68763,0.53841,0.88389,0.75906,0.80204,0.90533,0.80022,0.56716,0.4323,0.84251,0.00975943,0.00975943,0.00975943
245,399.539,0.64648,0.52835,0.88849,0.70303,0.7855,0.87974,0.79124,0.55783,0.43086,0.83827,0.00975844,0.00975844,0.00975844
246,401.099,0.64024,0.51631,0.87771,0.74917,0.77308,0.89941,0.79794,0.55376,0.42236,0.84124,0.00975745,0.00975745,0.00975745
247,402.67,0.65476,0.53851,0.87738,0.70791,0.77925,0.88117,0.78345,0.56709,0.43346,0.84112,0.00975646,0.00975646,0.00975646
248,404.191,0.6274,0.52914,0.87621,0.71081,0.76209,0.83692,0.74563,0.56307,0.43652,0.83968,0.00975547,0.00975547,0.00975547
249,405.795,0.64431,0.54117,0.86872,0.68824,0.81089,0.87487,0.78365,0.54806,0.43136,0.83676,0.00975448,0.00975448,0.00975448
250,407.347,0.61848,0.52708,0.86992,0.62304,0.89223,0.88167,0.78983,0.55213,0.42735,0.83577,0.00975349,0.00975349,0.00975349
251,408.875,0.6696,0.54293,0.86973,0.67294,0.88654,0.88229,0.78158,0.57218,0.42168,0.84066,0.0097525,0.0097525,0.0097525
252,410.476,0.64204,0.50996,0.88428,0.68038,0.88593,0.89597,0.80452,0.54223,0.4108,0.83544,0.00975151,0.00975151,0.00975151
253,412.14,0.64814,0.52065,0.86826,0.67549,0.89995,0.90086,0.81107,0.54214,0.41367,0.83369,0.00975052,0.00975052,0.00975052
254,413.621,0.63079,0.50248,0.87481,0.6364,0.91076,0.90476,0.8058,0.58284,0.41702,0.84152,0.00974953,0.00974953,0.00974953
255,415.13,0.67121,0.53184,0.87882,0.70447,0.83874,0.90101,0.81379,0.52715,0.41104,0.83217,0.00974854,0.00974854,0.00974854
256,416.714,0.65634,0.51057,0.87751,0.7153,0.83377,0.90625,0.81331,0.52998,0.41219,0.83104,0.00974755,0.00974755,0.00974755
257,418.232,0.6434,0.50342,0.87928,0.67935,0.89389,0.90452,0.81001,0.60285,0.42776,0.83808,0.00974656,0.00974656,0.00974656
258,419.869,0.65771,0.51064,0.86672,0.7238,0.88749,0.9136,0.8213,0.52772,0.40031,0.83059,0.00974557,0.00974557,0.00974557
259,421.445,0.64416,0.49704,0.86495,0.77541,0.81295,0.91315,0.81591,0.55226,0.41089,0.83163,0.00974458,0.00974458,0.00974458
260,422.947,0.62607,0.4965,0.8648,0.76736,0.83417,0.90758,0.80918,0.57368,0.41351,0.83417,0.00974359,0.00974359,0.00974359
261,424.505,0.65727,0.50438,0.86948,0.75336,0.84734,0.90491,0.80951,0.56005,0.41116,0.83355,0.0097426,0.0097426,0.0097426
262,426.127,0.66104,0.5152,0.86122,0.72687,0.85044,0.90881,0.81295,0.56565,0.40729,0.84032,0.00974161,0.00974161,0.00974161
263,427.715,0.64233,0.50083,0.8559,0.69867,0.86235,0.90794,0.80467,0.56461,0.40902,0.83243,0.00974062,0.00974062,0.00974062
264,429.297,0.63177,0.50246,0.87519,0.70524,0.8441,0.91636,0.8102,0.55788,0.40576,0.8348,0.00973963,0.00973963,0.00973963
265,430.833,0.6349,0.5009,0.85734,0.71767,0.8356,0.87915,0.78266,0.56409,0.41256,0.83725,0.00973864,0.00973864,0.00973864
266,432.366,0.6506,0.50326,0.87363,0.70105,0.85757,0.90075,0.79948,0.55848,0.40899,0.83508,0.00973765,0.00973765,0.00973765
267,433.918,0.65553,0.51637,0.86284,0.68565,0.86504,0.91103,0.80056,0.55419,0.41483,0.8335,0.00973666,0.00973666,0.00973666
268,435.435,0.63588,0.50732,0.86118,0.72054,0.84443,0.90489,0.81038,0.56423,0.417,0.83389,0.00973567,0.00973567,0.00973567
269,436.999,0.64534,0.52363,0.86762,0.7634,0.8531,0.9079,0.82107,0.55491,0.40461,0.83638,0.00973468,0.00973468,0.00973468
270,438.519,0.65395,0.51836,0.87532,0.71409,0.90394,0.90532,0.81816,0.54431,0.40832,0.83272,0.00973369,0.00973369,0.00973369
271,440.04,0.64253,0.51517,0.87682,0.69954,0.8724,0.90099,0.80504,0.55267,0.4082,0.83397,0.0097327,0.0097327,0.0097327
272,441.683,0.63561,0.49169,0.87774,0.78349,0.78378,0.91001,0.81036,0.57178,0.40773,0.8432,0.00973171,0.00973171,0.00973171
273,443.247,0.62437,0.49479,0.87605,0.55175,0.94361,0.89446,0.79935,0.58331,0.41527,0.84572,0.00973072,0.00973072,0.00973072
274,444.737,0.63973,0.51309,0.87,0.6481,0.91185,0.90708,0.80553,0.56216,0.40537,0.83794,0.00972973,0.00972973,0.00972973
275,446.305,0.62134,0.50064,0.87129,0.67345,0.87382,0.90013,0.80554,0.55754,0.40926,0.84231,0.00972874,0.00972874,0.00972874
276,447.886,0.63788,0.5079,0.87321,0.75983,0.84461,0.90606,0.80486,0.55833,0.41248,0.84044,0.00972775,0.00972775,0.00972775
277,449.376,0.65128,0.51464,0.86914,0.83145,0.79055,0.91355,0.81055,0.55836,0.40646,0.84052,0.00972676,0.00972676,0.00972676
278,450.944,0.63059,0.50094,0.87171,0.7822,0.82039,0.90349,0.80061,0.55677,0.40413,0.84344,0.00972577,0.00972577,0.00972577
279,452.544,0.64823,0.50247,0.8634,0.81281,0.81163,0.90042,0.80869,0.54508,0.41151,0.83688,0.00972478,0.00972478,0.00972478
280,454.081,0.65546,0.49766,0.85642,0.7676,0.82565,0.89993,0.80713,0.53764,0.41461,0.83385,0.00972379,0.00972379,0.00972379
281,455.603,0.65765,0.50735,0.87287,0.76272,0.82353,0.88928,0.78952,0.56316,0.41945,0.83694,0.0097228,0.0097228,0.0097228
282,457.233,0.61222,0.48708,0.86914,0.79626,0.83113,0.89155,0.80716,0.54459,0.41739,0.83276,0.00972181,0.00972181,0.00972181
283,458.761,0.63221,0.4855,0.86957,0.72676,0.88345,0.92074,0.83112,0.55142,0.40281,0.83389,0.00972082,0.00972082,0.00972082
284,460.219,0.64225,0.48956,0.86818,0.7943,0.86543,0.90956,0.80588,0.56626,0.40747,0.8372,0.00971983,0.00971983,0.00971983
285,461.68,0.65229,0.50757,0.86344,0.78088,0.8618,0.92122,0.82617,0.54616,0.40362,0.83244,0.00971884,0.00971884,0.00971884
286,463.163,0.62672,0.49046,0.85974,0.73479,0.87425,0.91474,0.80995,0.57555,0.40889,0.8383,0.00971785,0.00971785,0.00971785
287,464.661,0.63235,0.50282,0.86886,0.74222,0.87947,0.91289,0.80793,0.55414,0.40264,0.8346,0.00971686,0.00971686,0.00971686
288,466.07,0.61416,0.48891,0.87336,0.69399,0.87495,0.90877,0.80504,0.56596,0.40539,0.83577,0.00971587,0.00971587,0.00971587
289,467.541,0.6401,0.50785,0.87114,0.71383,0.86751,0.91013,0.80816,0.55459,0.40883,0.83581,0.00971488,0.00971488,0.00971488
290,469.031,0.63476,0.50017,0.85859,0.76492,0.83058,0.90732,0.80908,0.5529,0.41149,0.83525,0.00971389,0.00971389,0.00971389
291,470.564,0.61464,0.4878,0.86877,0.74771,0.82761,0.90951,0.81366,0.53784,0.40139,0.83214,0.0097129,0.0097129,0.0097129
292,472.162,0.6299,0.50231,0.86583,0.68172,0.86703,0.89626,0.80848,0.51644,0.4047,0.8281,0.00971191,0.00971191,0.00971191
293,473.617,0.64101,0.50878,0.87068,0.6841,0.88772,0.89186,0.79211,0.55307,0.41818,0.83403,0.00971092,0.00971092,0.00971092
294,475.086,0.63117,0.51671,0.86239,0.70584,0.85229,0.88415,0.80366,0.52401,0.40293,0.82987,0.00970993,0.00970993,0.00970993
295,476.528,0.63946,0.51364,0.8717,0.71185,0.80962,0.87661,0.79509,0.52667,0.4131,0.82943,0.00970894,0.00970894,0.00970894
296,478.032,0.63413,0.51114,0.86737,0.72971,0.8427,0.8804,0.79228,0.53731,0.40847,0.83388,0.00970795,0.00970795,0.00970795
297,479.561,0.62277,0.49266,0.86109,0.70718,0.83952,0.88715,0.80076,0.54955,0.42004,0.83157,0.00970696,0.00970696,0.00970696
298,481.061,0.60084,0.49647,0.86773,0.67379,0.88066,0.89244,0.79802,0.55689,0.41647,0.83249,0.00970597,0.00970597,0.00970597
299,482.593,0.6269,0.49799,0.87449,0.7734,0.84037,0.91771,0.82926,0.51598,0.40342,0.83096,0.00970498,0.00970498,0.00970498
300,484.11,0.63213,0.50235,0.87599,0.7746,0.83769,0.91309,0.82343,0.53454,0.41753,0.82775,0.00970399,0.00970399,0.00970399
301,485.726,0.63276,0.49921,0.87206,0.80942,0.83142,0.9393,0.84893,0.52078,0.3971,0.82557,0.009703,0.009703,0.009703
302,487.374,0.61222,0.483,0.86662,0.66506,0.91152,0.91898,0.82606,0.53354,0.40347,0.83514,0.00970201,0.00970201,0.00970201
303,488.914,0.61405,0.48846,0.87988,0.78547,0.83502,0.94016,0.84403,0.5132,0.4047,0.82603,0.00970102,0.00970102,0.00970102
304,490.521,0.60456,0.48032,0.86544,0.74094,0.8281,0.92101,0.81944,0.53161,0.40094,0.82635,0.00970003,0.00970003,0.00970003
305,492.044,0.66111,0.51383,0.8696,0.76582,0.78431,0.90487,0.82033,0.52489,0.40708,0.82871,0.00969904,0.00969904,0.00969904
306,493.604,0.62735,0.50607,0.86949,0.69424,0.857,0.91613,0.82715,0.52245,0.40332,0.8274,0.00969805,0.00969805,0.00969805
307,495.167,0.61239,0.51028,0.8641,0.69969,0.86131,0.91698,0.82732,0.5279,0.40291,0.82924,0.00969706,0.00969706,0.00969706
308,496.66,0.5949,0.48985,0.87158,0.71389,0.86498,0.91703,0.83616,0.52636,0.40045,0.82819,0.00969607,0.00969607,0.00969607
309,498.24,0.62279,0.49288,0.86158,0.62968,0.92919,0.92452,0.83485,0.51444,0.41422,0.82887,0.00969508,0.00969508,0.00969508
310,499.756,0.62033,0.49299,0.85999,0.71453,0.87367,0.92582,0.8361,0.51962,0.39793,0.8297,0.00969409,0.00969409,0.00969409
311,501.271,0.61874,0.50244,0.86664,0.71921,0.86735,0.91621,0.83405,0.5257,0.41086,0.8274,0.0096931,0.0096931,0.0096931
312,502.832,0.64176,0.50962,0.86412,0.74996,0.85809,0.92631,0.83972,0.52662,0.40486,0.82786,0.00969211,0.00969211,0.00969211
313,504.385,0.61604,0.49215,0.86613,0.76943,0.87413,0.92707,0.84155,0.5281,0.39749,0.82764,0.00969112,0.00969112,0.00969112
314,505.913,0.62632,0.48753,0.86841,0.79929,0.85426,0.92991,0.83705,0.52928,0.39974,0.82602,0.00969013,0.00969013,0.00969013
315,507.475,0.6184,0.48632,0.87035,0.80899,0.85099,0.93755,0.84141,0.50676,0.39091,0.82465,0.00968914,0.00968914,0.00968914
316,508.957,0.63077,0.48445,0.86272,0.6172,0.96215,0.9349,0.84644,0.51011,0.3903,0.82431,0.00968815,0.00968815,0.00968815
317,510.513,0.61344,0.47483,0.86031,0.81434,0.81206,0.92995,0.83698,0.52778,0.38984,0.82814,0.00968716,0.00968716,0.00968716
318,512.028,0.6503,0.49441,0.86223,0.69427,0.87946,0.9217,0.83142,0.51144,0.39219,0.82358,0.00968617,0.00968617,0.00968617
319,513.619,0.60778,0.48665,0.85662,0.761,0.83405,0.92079,0.83945,0.51926,0.38883,0.82498,0.00968518,0.00968518,0.00968518
320,515.11,0.60422,0.46812,0.86224,0.75612,0.86918,0.92952,0.8368,0.5467,0.39781,0.8257,0.00968419,0.00968419,0.00968419
321,516.719,0.60793,0.47311,0.86296,0.72577,0.85237,0.93032,0.85105,0.51183,0.38986,0.82426,0.0096832,0.0096832,0.0096832
322,518.337,0.59541,0.47067,0.86233,0.65707,0.92477,0.92348,0.84171,0.51171,0.38601,0.8266,0.00968221,0.00968221,0.00968221
323,519.884,0.62471,0.4793,0.87025,0.70173,0.91144,0.92896,0.83478,0.54182,0.4039,0.83358,0.00968122,0.00968122,0.00968122
324,521.367,0.64109,0.49646,0.85831,0.73856,0.90475,0.9339,0.84911,0.50222,0.38417,0.82687,0.00968023,0.00968023,0.00968023
325,522.991,0.62271,0.48281,0.86035,0.76415,0.87437,0.93014,0.84251,0.51293,0.39333,0.82489,0.00967924,0.00967924,0.00967924
326,524.479,0.61818,0.48563,0.8756,0.75205,0.87919,0.92282,0.83202,0.52919,0.40036,0.82933,0.00967825,0.00967825,0.00967825
327,525.989,0.58802,0.48357,0.85904,0.7894,0.86674,0.92289,0.83684,0.50244,0.39061,0.82144,0.00967726,0.00967726,0.00967726
328,527.554,0.6147,0.49505,0.86408,0.70879,0.8675,0.9197,0.83824,0.49804,0.39997,0.81935,0.00967627,0.00967627,0.00967627
329,529.062,0.61048,0.49655,0.86092,0.66519,0.8813,0.90868,0.82103,0.53145,0.40868,0.82765,0.00967528,0.00967528,0.00967528
330,530.557,0.61451,0.50158,0.874,0.70226,0.90337,0.9261,0.84323,0.49844,0.39351,0.82089,0.00967429,0.00967429,0.00967429
331,532.284,0.60953,0.4916,0.87054,0.77913,0.85687,0.92066,0.83812,0.50652,0.39246,0.82294,0.0096733,0.0096733,0.0096733
332,533.827,0.59556,0.48427,0.86407,0.77966,0.87123,0.92836,0.84905,0.50546,0.39293,0.82628,0.00967231,0.00967231,0.00967231
333,535.388,0.60404,0.49079,0.87592,0.74483,0.88768,0.91605,0.83801,0.527,0.39805,0.82771,0.00967132,0.00967132,0.00967132
334,536.993,0.62668,0.48761,0.86222,0.75309,0.90026,0.93098,0.8521,0.50707,0.38101,0.82398,0.00967033,0.00967033,0.00967033
335,538.488,0.59561,0.46919,0.85983,0.75368,0.90235,0.92319,0.84205,0.50522,0.38247,0.82439,0.00966934,0.00966934,0.00966934
336,540.019,0.61125,0.47575,0.86061,0.77537,0.89698,0.92571,0.84791,0.50253,0.37933,0.82262,0.00966835,0.00966835,0.00966835
337,541.57,0.61422,0.47909,0.85603,0.71267,0.91639,0.94048,0.85641,0.51321,0.37519,0.82217,0.00966736,0.00966736,0.00966736
338,543.075,0.58577,0.46392,0.86658,0.75712,0.8429,0.92943,0.85652,0.49965,0.37926,0.82503,0.00966637,0.00966637,0.00966637
339,544.61,0.60334,0.46636,0.86403,0.78645,0.8385,0.93135,0.85222,0.52447,0.37949,0.82508,0.00966538,0.00966538,0.00966538
340,546.221,0.5931,0.47821,0.86423,0.73262,0.90687,0.92851,0.85022,0.512,0.38083,0.82204,0.00966439,0.00966439,0.00966439
341,547.866,0.61562,0.48896,0.8688,0.70229,0.9137,0.91559,0.83395,0.50096,0.38502,0.82289,0.0096634,0.0096634,0.0096634
342,549.471,0.60989,0.48373,0.86015,0.79383,0.86673,0.93287,0.85011,0.51416,0.38291,0.8265,0.00966241,0.00966241,0.00966241
343,550.986,0.59933,0.48578,0.85799,0.7872,0.86729,0.91819,0.83579,0.51977,0.38933,0.82566,0.00966142,0.00966142,0.00966142
344,552.548,0.58471,0.47388,0.85873,0.74267,0.85713,0.91552,0.82989,0.48742,0.37573,0.82124,0.00966043,0.00966043,0.00966043
345,554.04,0.57884,0.47512,0.85172,0.7628,0.88574,0.935,0.84389,0.51465,0.3839,0.82081,0.00965944,0.00965944,0.00965944
346,555.544,0.60594,0.48391,0.86263,0.67128,0.94766,0.92784,0.84274,0.52305,0.38638,0.82037,0.00965845,0.00965845,0.00965845
347,557.07,0.59704,0.4791,0.85147,0.6542,0.93866,0.92127,0.8335,0.49963,0.38211,0.81932,0.00965746,0.00965746,0.00965746
348,558.545,0.59543,0.46645,0.85188,0.64864,0.92415,0.91979,0.83597,0.51471,0.38419,0.82163,0.00965647,0.00965647,0.00965647
349,560.12,0.60386,0.47121,0.86404,0.75065,0.82397,0.91505,0.83032,0.52172,0.39149,0.82234,0.00965548,0.00965548,0.00965548
350,561.691,0.6053,0.48974,0.85269,0.61687,0.94635,0.89758,0.81563,0.49612,0.38105,0.82172,0.00965449,0.00965449,0.00965449
351,563.308,0.57007,0.4571,0.85352,0.76039,0.79822,0.90964,0.82638,0.51974,0.39399,0.8213,0.0096535,0.0096535,0.0096535
352,564.796,0.60497,0.48126,0.86375,0.68848,0.92093,0.92055,0.83839,0.50222,0.37979,0.82055,0.00965251,0.00965251,0.00965251
353,566.298,0.58924,0.46443,0.858,0.63668,0.93516,0.90909,0.83186,0.50343,0.37832,0.82658,0.00965152,0.00965152,0.00965152
354,567.878,0.58286,0.45574,0.86209,0.72201,0.91664,0.92679,0.84688,0.49687,0.37026,0.82001,0.00965053,0.00965053,0.00965053
355,569.374,0.58639,0.46634,0.86761,0.77487,0.90116,0.92689,0.8418,0.49026,0.37122,0.82088,0.00964954,0.00964954,0.00964954
356,570.968,0.60749,0.47421,0.86886,0.78948,0.87865,0.93174,0.85152,0.49637,0.37159,0.8199,0.00964855,0.00964855,0.00964855
357,572.506,0.59615,0.4729,0.86747,0.78108,0.8767,0.93152,0.84247,0.5012,0.37687,0.8238,0.00964756,0.00964756,0.00964756
358,574.06,0.58554,0.46336,0.85073,0.72902,0.90069,0.93572,0.84333,0.5113,0.3822,0.82295,0.00964657,0.00964657,0.00964657
359,575.578,0.59371,0.46501,0.85435,0.74026,0.92296,0.93225,0.84588,0.47965,0.37461,0.81788,0.00964558,0.00964558,0.00964558
360,577.258,0.59966,0.47118,0.85459,0.7634,0.87882,0.93945,0.83155,0.50755,0.38158,0.82277,0.00964459,0.00964459,0.00964459
361,578.815,0.59137,0.46217,0.84908,0.80433,0.82373,0.91069,0.81573,0.51357,0.38807,0.82729,0.0096436,0.0096436,0.0096436
362,580.39,0.61575,0.47102,0.84914,0.81208,0.82031,0.94192,0.8323,0.49058,0.38272,0.82327,0.00964261,0.00964261,0.00964261
363,581.938,0.59832,0.46016,0.85833,0.79152,0.83872,0.94291,0.82233,0.51025,0.38434,0.82485,0.00964162,0.00964162,0.00964162
364,583.549,0.59399,0.46491,0.86367,0.71867,0.93031,0.93669,0.84012,0.47621,0.3772,0.81874,0.00964063,0.00964063,0.00964063
365,585.115,0.57568,0.46347,0.8451,0.80086,0.84746,0.93434,0.83636,0.51806,0.38652,0.83097,0.00963964,0.00963964,0.00963964
366,586.675,0.60113,0.46528,0.85548,0.7893,0.8661,0.93595,0.84895,0.46117,0.3665,0.81611,0.00963865,0.00963865,0.00963865
367,588.263,0.59526,0.46886,0.86368,0.82409,0.84728,0.92695,0.84341,0.47106,0.37109,0.81715,0.00963766,0.00963766,0.00963766
368,589.78,0.5692,0.44927,0.85495,0.72663,0.88643,0.93216,0.834,0.52563,0.38189,0.82275,0.00963667,0.00963667,0.00963667
369,591.292,0.55522,0.44673,0.85367,0.75225,0.87548,0.93116,0.84627,0.47125,0.37303,0.81493,0.00963568,0.00963568,0.00963568
370,592.945,0.56676,0.4832,0.84599,0.79489,0.87145,0.92584,0.84201,0.46965,0.37122,0.81573,0.00963469,0.00963469,0.00963469
371,594.444,0.5774,0.47927,0.85956,0.78322,0.87309,0.91828,0.83734,0.48615,0.38444,0.81275,0.0096337,0.0096337,0.0096337
372,595.895,0.58778,0.4707,0.86594,0.77734,0.87085,0.93613,0.85558,0.47869,0.37313,0.8166,0.00963271,0.00963271,0.00963271
373,597.423,0.57102,0.46411,0.87545,0.70901,0.95089,0.94457,0.86466,0.48187,0.36982,0.81885,0.00963172,0.00963172,0.00963172
374,598.977,0.57057,0.4652,0.86689,0.67949,0.93028,0.92094,0.83725,0.51234,0.39061,0.81566,0.00963073,0.00963073,0.00963073
375,600.488,0.58835,0.47501,0.84936,0.69649,0.9064,0.92486,0.84135,0.48463,0.3741,0.81576,0.00962974,0.00962974,0.00962974
376,602.101,0.57167,0.4666,0.8458,0.6865,0.91193,0.92594,0.84387,0.48357,0.37306,0.81728,0.00962875,0.00962875,0.00962875
377,603.668,0.57816,0.47331,0.85944,0.64181,0.94816,0.92636,0.85336,0.48488,0.37846,0.81794,0.00962776,0.00962776,0.00962776
378,605.167,0.58176,0.4791,0.85902,0.71867,0.84811,0.92001,0.83465,0.48469,0.37928,0.81901,0.00962677,0.00962677,0.00962677
379,606.917,0.58252,0.48321,0.84618,0.6993,0.94291,0.92854,0.83939,0.47562,0.37103,0.82004,0.00962578,0.00962578,0.00962578
380,608.759,0.56519,0.46477,0.85767,0.69919,0.94084,0.91564,0.83916,0.48468,0.3774,0.81609,0.00962479,0.00962479,0.00962479
381,610.319,0.58702,0.48395,0.85315,0.69146,0.92338,0.92079,0.84129,0.46876,0.37732,0.81566,0.0096238,0.0096238,0.0096238
382,611.883,0.55854,0.47721,0.85172,0.70419,0.90835,0.93094,0.85528,0.46378,0.36284,0.81539,0.00962281,0.00962281,0.00962281
383,613.416,0.57902,0.456,0.86348,0.69971,0.93467,0.93158,0.85325,0.49804,0.38037,0.81746,0.00962182,0.00962182,0.00962182
384,614.922,0.58009,0.47342,0.87143,0.69633,0.91149,0.9104,0.83485,0.48187,0.37401,0.82163,0.00962083,0.00962083,0.00962083
385,616.484,0.58467,0.45978,0.87247,0.75677,0.84315,0.92813,0.85459,0.47013,0.37134,0.82061,0.00961984,0.00961984,0.00961984
386,618.023,0.59284,0.46822,0.85792,0.77176,0.89408,0.92922,0.84571,0.48463,0.37368,0.81955,0.00961885,0.00961885,0.00961885
387,619.59,0.58842,0.47823,0.8559,0.76863,0.86097,0.93614,0.8634,0.47272,0.36318,0.82072,0.00961786,0.00961786,0.00961786
388,621.188,0.56287,0.45819,0.8589,0.76901,0.84978,0.93039,0.84731,0.50389,0.37811,0.8324,0.00961687,0.00961687,0.00961687
389,622.855,0.61404,0.48751,0.8733,0.76515,0.87315,0.91832,0.83264,0.49464,0.3833,0.82497,0.00961588,0.00961588,0.00961588
390,624.371,0.57776,0.46609,0.8531,0.76245,0.83296,0.91181,0.82354,0.51558,0.392,0.82802,0.00961489,0.00961489,0.00961489
391,625.969,0.59075,0.4958,0.85372,0.77599,0.86628,0.92402,0.8355,0.50836,0.3832,0.82571,0.0096139,0.0096139,0.0096139
392,627.49,0.57335,0.46308,0.85999,0.75921,0.90224,0.92928,0.84159,0.48388,0.37807,0.81999,0.00961291,0.00961291,0.00961291
393,629.045,0.59404,0.48595,0.85441,0.69835,0.92491,0.93031,0.84298,0.49705,0.3865,0.82545,0.00961192,0.00961192,0.00961192
394,630.584,0.58469,0.47904,0.85404,0.739,0.88046,0.93349,0.84125,0.49763,0.38141,0.82436,0.00961093,0.00961093,0.00961093
395,632.112,0.59099,0.48351,0.86054,0.76365,0.89386,0.9324,0.84762,0.48913,0.37475,0.81897,0.00960994,0.00960994,0.00960994
396,633.641,0.57176,0.45957,0.86181,0.7616,0.87088,0.93937,0.86454,0.46798,0.36757,0.82002,0.00960895,0.00960895,0.00960895
397,635.251,0.57615,0.46485,0.8591,0.80477,0.84648,0.94048,0.865,0.45936,0.3618,0.81746,0.00960796,0.00960796,0.00960796
398,636.855,0.5732,0.46118,0.85215,0.76591,0.90051,0.93853,0.86118,0.48881,0.36914,0.81705,0.00960697,0.00960697,0.00960697
399,638.43,0.56716,0.45641,0.85508,0.77694,0.9342,0.94505,0.86802,0.46847,0.361,0.81468,0.00960598,0.00960598,0.00960598
400,639.981,0.59161,0.45285,0.8512,0.75743,0.92283,0.94252,0.86333,0.46389,0.36093,0.81284,0.00960499,0.00960499,0.00960499
401,641.515,0.57114,0.45351,0.84877,0.75755,0.92322,0.93255,0.85134,0.48738,0.36729,0.81433,0.009604,0.009604,0.009604
402,643.055,0.60807,0.45997,0.84427,0.80654,0.90739,0.94776,0.8702,0.46132,0.35657,0.812,0.00960301,0.00960301,0.00960301
403,644.656,0.57931,0.4482,0.85002,0.83297,0.88206,0.94897,0.87363,0.47072,0.35562,0.81386,0.00960202,0.00960202,0.00960202
404,646.265,0.57761,0.44057,0.85225,0.83588,0.87854,0.94458,0.8641,0.4849,0.3588,0.8144,0.00960103,0.00960103,0.00960103
405,647.787,0.5774,0.44659,0.85397,0.8368,0.85979,0.94203,0.86508,0.46408,0.35931,0.81174,0.00960004,0.00960004,0.00960004
406,649.335,0.57489,0.44972,0.84931,0.79933,0.90052,0.94497,0.86969,0.46228,0.36099,0.81224,0.00959905,0.00959905,0.00959905
407,650.839,0.61039,0.46143,0.85657,0.81249,0.89907,0.94302,0.86266,0.4851,0.37007,0.81454,0.00959806,0.00959806,0.00959806
408,652.581,0.58476,0.45955,0.86045,0.84848,0.88297,0.94327,0.86883,0.46035,0.37309,0.8112,0.00959707,0.00959707,0.00959707
409,654.165,0.56274,0.4502,0.83711,0.83049,0.83546,0.94661,0.86967,0.47169,0.36623,0.812,0.00959608,0.00959608,0.00959608
410,655.685,0.56266,0.44006,0.8494,0.82939,0.83286,0.94403,0.86961,0.45877,0.36682,0.81197,0.00959509,0.00959509,0.00959509
411,657.213,0.56727,0.45242,0.84621,0.85577,0.8441,0.94232,0.86557,0.48323,0.37489,0.81155,0.0095941,0.0095941,0.0095941
412,658.811,0.57682,0.4478,0.85052,0.85721,0.83804,0.93683,0.86264,0.50285,0.36911,0.81569,0.00959311,0.00959311,0.00959311
413,660.323,0.59532,0.44818,0.86649,0.83083,0.83075,0.91923,0.84025,0.45214,0.35764,0.81372,0.00959212,0.00959212,0.00959212
414,661.816,0.55282,0.45064,0.84964,0.84049,0.84102,0.93426,0.85793,0.49483,0.37035,0.8151,0.00959113,0.00959113,0.00959113
415,663.433,0.57495,0.45766,0.85231,0.83328,0.83806,0.93058,0.84758,0.46152,0.35412,0.81081,0.00959014,0.00959014,0.00959014
416,664.976,0.55973,0.45036,0.84674,0.75429,0.86204,0.91912,0.83906,0.47168,0.36973,0.81369,0.00958915,0.00958915,0.00958915
417,666.514,0.58078,0.46022,0.85835,0.79121,0.85532,0.93046,0.85482,0.4633,0.35918,0.81083,0.00958816,0.00958816,0.00958816
418,668.179,0.54965,0.44847,0.85239,0.74064,0.90439,0.93011,0.8509,0.46296,0.36358,0.81008,0.00958717,0.00958717,0.00958717
419,669.729,0.56584,0.46433,0.85561,0.76179,0.88724,0.93969,0.85899,0.47675,0.36804,0.81462,0.00958618,0.00958618,0.00958618
420,671.265,0.57317,0.46231,0.83999,0.74698,0.89326,0.92453,0.84983,0.45898,0.36433,0.80913,0.00958519,0.00958519,0.00958519
421,672.846,0.56729,0.46176,0.86147,0.79199,0.87227,0.9141,0.84258,0.46762,0.37267,0.81135,0.0095842,0.0095842,0.0095842
422,674.357,0.57751,0.46418,0.84648,0.79712,0.865,0.91597,0.83598,0.46556,0.3673,0.81563,0.00958321,0.00958321,0.00958321
423,675.9,0.53663,0.45201,0.84859,0.80001,0.82929,0.9237,0.8448,0.48299,0.37381,0.81211,0.00958222,0.00958222,0.00958222
424,677.475,0.57901,0.47668,0.85181,0.82606,0.83834,0.92617,0.84315,0.47296,0.36462,0.81481,0.00958123,0.00958123,0.00958123
425,678.993,0.57593,0.46152,0.85445,0.78037,0.81868,0.9224,0.81702,0.47737,0.37674,0.81689,0.00958024,0.00958024,0.00958024
426,680.551,0.58401,0.46596,0.85943,0.80145,0.81633,0.91983,0.81807,0.48101,0.36886,0.81645,0.00957925,0.00957925,0.00957925
427,682.168,0.57131,0.47085,0.86273,0.72988,0.86692,0.88788,0.81091,0.46349,0.36425,0.81381,0.00957826,0.00957826,0.00957826
428,683.757,0.5647,0.45655,0.85187,0.73795,0.8573,0.88989,0.81216,0.46143,0.36808,0.81327,0.00957727,0.00957727,0.00957727
429,685.274,0.55735,0.45254,0.84779,0.78956,0.84159,0.92419,0.8295,0.46546,0.36432,0.81127,0.00957628,0.00957628,0.00957628
430,686.782,0.56423,0.46172,0.86387,0.77012,0.87961,0.91907,0.84871,0.46843,0.36827,0.8101,0.00957529,0.00957529,0.00957529
431,688.409,0.56468,0.46083,0.8443,0.78874,0.88457,0.92643,0.85205,0.44988,0.36132,0.80844,0.0095743,0.0095743,0.0095743
432,689.902,0.53144,0.4533,0.84772,0.78804,0.89162,0.925,0.85152,0.45557,0.36398,0.8091,0.00957331,0.00957331,0.00957331
433,691.457,0.54774,0.45888,0.8515,0.709,0.93529,0.92649,0.85127,0.46358,0.37702,0.81232,0.00957232,0.00957232,0.00957232
434,692.981,0.53947,0.4431,0.85128,0.81586,0.8426,0.93247,0.85323,0.46509,0.36825,0.80896,0.00957133,0.00957133,0.00957133
435,694.587,0.56533,0.45526,0.858,0.82976,0.84754,0.93482,0.85646,0.45221,0.3635,0.80956,0.00957034,0.00957034,0.00957034
436,696.218,0.57835,0.46603,0.8563,0.67393,0.94827,0.92877,0.85598,0.46195,0.36594,0.81115,0.00956935,0.00956935,0.00956935
437,697.915,0.55511,0.44603,0.85046,0.75011,0.93329,0.93484,0.85716,0.47938,0.36413,0.81332,0.00956836,0.00956836,0.00956836
438,699.398,0.54559,0.44307,0.85167,0.79193,0.84251,0.92418,0.84842,0.47457,0.36784,0.8158,0.00956737,0.00956737,0.00956737
439,701.071,0.54572,0.43943,0.84701,0.75643,0.90091,0.92414,0.84715,0.45699,0.35695,0.8126,0.00956638,0.00956638,0.00956638
440,702.654,0.56668,0.45063,0.85551,0.78551,0.87849,0.93944,0.85683,0.47742,0.36454,0.81338,0.00956539,0.00956539,0.00956539
441,704.216,0.55396,0.45592,0.85837,0.77877,0.8805,0.93248,0.85499,0.4605,0.36073,0.81157,0.0095644,0.0095644,0.0095644
442,705.802,0.57469,0.44549,0.86022,0.78818,0.86832,0.93331,0.85317,0.45189,0.35571,0.80996,0.00956341,0.00956341,0.00956341
443,707.376,0.56265,0.45684,0.84747,0.79957,0.86409,0.93421,0.84721,0.46459,0.35271,0.81378,0.00956242,0.00956242,0.00956242
444,708.879,0.55672,0.45725,0.85016,0.82382,0.83957,0.90928,0.82551,0.45843,0.35771,0.81214,0.00956143,0.00956143,0.00956143
445,710.477,0.56429,0.45034,0.84955,0.79662,0.86136,0.91451,0.81117,0.44743,0.36114,0.81289,0.00956044,0.00956044,0.00956044
446,712.005,0.55818,0.456,0.86095,0.77423,0.86926,0.91696,0.81462,0.47584,0.3617,0.81162,0.00955945,0.00955945,0.00955945
447,713.54,0.54801,0.43672,0.86597,0.75201,0.88264,0.91807,0.82236,0.45513,0.35703,0.81308,0.00955846,0.00955846,0.00955846
448,715.061,0.54898,0.44886,0.84695,0.75497,0.89864,0.92463,0.8292,0.45999,0.351,0.81252,0.00955747,0.00955747,0.00955747
449,716.551,0.55806,0.44849,0.86212,0.78745,0.83988,0.94146,0.85747,0.47157,0.355,0.81073,0.00955648,0.00955648,0.00955648
450,718.046,0.54649,0.4396,0.85229,0.76392,0.8776,0.94067,0.86235,0.44529,0.34964,0.81121,0.00955549,0.00955549,0.00955549
451,719.543,0.59561,0.45166,0.85386,0.77488,0.90246,0.93908,0.85781,0.44722,0.35192,0.81171,0.0095545,0.0095545,0.0095545
452,721.037,0.56193,0.45019,0.84606,0.79379,0.89009,0.9382,0.8565,0.47716,0.36596,0.81308,0.00955351,0.00955351,0.00955351
453,722.619,0.59022,0.45933,0.84848,0.78504,0.86983,0.94007,0.84421,0.44333,0.35676,0.81081,0.00955252,0.00955252,0.00955252
454,724.182,0.55086,0.43661,0.84252,0.76475,0.91448,0.94021,0.85336,0.44347,0.34701,0.80967,0.00955153,0.00955153,0.00955153
455,725.706,0.56763,0.44001,0.84948,0.80167,0.90447,0.94327,0.86609,0.43408,0.3459,0.80648,0.00955054,0.00955054,0.00955054
456,727.341,0.55422,0.42332,0.83944,0.78177,0.9176,0.9431,0.86294,0.45967,0.35228,0.81057,0.00954955,0.00954955,0.00954955
457,728.911,0.53735,0.43674,0.83926,0.72962,0.92084,0.94295,0.8634,0.44762,0.34569,0.80918,0.00954856,0.00954856,0.00954856
458,730.42,0.56708,0.43145,0.84739,0.7664,0.91309,0.94835,0.87354,0.45029,0.34771,0.80794,0.00954757,0.00954757,0.00954757
459,731.963,0.54739,0.4389,0.84715,0.76589,0.90961,0.94299,0.86476,0.43746,0.34332,0.80857,0.00954658,0.00954658,0.00954658
460,733.503,0.54924,0.43323,0.84746,0.75507,0.92132,0.94247,0.86338,0.45726,0.34784,0.81086,0.00954559,0.00954559,0.00954559
461,735.072,0.57092,0.45679,0.84328,0.74404,0.91094,0.93749,0.85782,0.43623,0.3418,0.8067,0.0095446,0.0095446,0.0095446
462,736.628,0.57221,0.44777,0.85096,0.74592,0.91892,0.93557,0.85679,0.45133,0.35057,0.80786,0.00954361,0.00954361,0.00954361
463,738.141,0.53992,0.43824,0.84033,0.82805,0.89525,0.94369,0.86679,0.44628,0.34337,0.80849,0.00954262,0.00954262,0.00954262
464,739.749,0.55888,0.44091,0.83781,0.81255,0.89402,0.93808,0.86148,0.43596,0.34208,0.80576,0.00954163,0.00954163,0.00954163
465,741.258,0.55521,0.44425,0.84707,0.7867,0.91457,0.93743,0.86029,0.44206,0.34148,0.80906,0.00954064,0.00954064,0.00954064
466,742.957,0.54506,0.43142,0.85586,0.80384,0.89707,0.9315,0.85282,0.45288,0.34724,0.81281,0.00953965,0.00953965,0.00953965
467,744.473,0.5615,0.43612,0.85314,0.76011,0.90425,0.93282,0.85964,0.43598,0.34389,0.80579,0.00953866,0.00953866,0.00953866
468,746.064,0.56442,0.44611,0.84354,0.79165,0.90254,0.93086,0.85995,0.43965,0.35128,0.80706,0.00953767,0.00953767,0.00953767
469,747.638,0.54705,0.44761,0.85049,0.80343,0.8858,0.93453,0.85707,0.45288,0.35282,0.80703,0.00953668,0.00953668,0.00953668
470,749.111,0.54706,0.4369,0.85086,0.75644,0.89001,0.92903,0.86055,0.42934,0.35107,0.80598,0.00953569,0.00953569,0.00953569
471,750.616,0.54049,0.43446,0.85674,0.76888,0.90928,0.93257,0.86066,0.44572,0.35465,0.80754,0.0095347,0.0095347,0.0095347
472,752.189,0.53308,0.43915,0.85213,0.83962,0.86691,0.93209,0.8639,0.4462,0.35655,0.80673,0.00953371,0.00953371,0.00953371
473,753.66,0.56888,0.45291,0.85079,0.83892,0.86391,0.9356,0.86875,0.42717,0.3478,0.80766,0.00953272,0.00953272,0.00953272
474,755.199,0.54364,0.43504,0.84612,0.81526,0.88326,0.92994,0.86245,0.43888,0.34713,0.80767,0.00953173,0.00953173,0.00953173
475,756.771,0.56578,0.45525,0.8373,0.84794,0.88827,0.93432,0.86006,0.45242,0.35207,0.80768,0.00953074,0.00953074,0.00953074
476,758.312,0.53752,0.44171,0.84516,0.79259,0.90198,0.92791,0.85,0.44254,0.34353,0.80802,0.00952975,0.00952975,0.00952975
477,759.942,0.55977,0.44495,0.85193,0.75876,0.92235,0.91411,0.84257,0.45402,0.35112,0.80861,0.00952876,0.00952876,0.00952876
478,761.479,0.54247,0.45273,0.84499,0.75995,0.90474,0.91388,0.83798,0.46322,0.35739,0.8072,0.00952777,0.00952777,0.00952777
479,763.021,0.54358,0.44844,0.84438,0.75014,0.87492,0.91731,0.84408,0.44294,0.35297,0.80799,0.00952678,0.00952678,0.00952678
480,764.604,0.54887,0.44923,0.85113,0.79815,0.86964,0.91457,0.84469,0.45361,0.35494,0.80459,0.00952579,0.00952579,0.00952579
481,766.202,0.5462,0.43254,0.84573,0.7951,0.88963,0.91431,0.84552,0.4315,0.34362,0.80372,0.0095248,0.0095248,0.0095248
482,767.695,0.5319,0.44819,0.84947,0.81047,0.85842,0.93136,0.84831,0.44547,0.34759,0.80963,0.00952381,0.00952381,0.00952381
483,769.24,0.55026,0.4458,0.84983,0.81444,0.87093,0.91747,0.84474,0.4368,0.34776,0.80526,0.00952282,0.00952282,0.00952282
484,770.8,0.57237,0.44983,0.85108,0.84539,0.86882,0.93459,0.86299,0.43672,0.3463,0.80322,0.00952183,0.00952183,0.00952183
485,772.368,0.56131,0.44913,0.8503,0.84629,0.86663,0.93307,0.85989,0.4457,0.34388,0.80918,0.00952084,0.00952084,0.00952084
486,774.077,0.54784,0.4437,0.85492,0.81155,0.86205,0.92997,0.85867,0.434,0.35011,0.80521,0.00951985,0.00951985,0.00951985
487,775.677,0.54005,0.43443,0.84282,0.76633,0.89395,0.94014,0.87195,0.41908,0.34538,0.80349,0.00951886,0.00951886,0.00951886
488,777.146,0.53525,0.44281,0.84862,0.79642,0.86491,0.94249,0.86436,0.43665,0.3448,0.81196,0.00951787,0.00951787,0.00951787
489,778.717,0.53263,0.44349,0.85463,0.82816,0.85174,0.93872,0.86907,0.42375,0.346,0.80379,0.00951688,0.00951688,0.00951688
490,780.24,0.52512,0.43557,0.84865,0.80641,0.84204,0.93149,0.85805,0.44094,0.3571,0.80555,0.00951589,0.00951589,0.00951589
491,781.824,0.55466,0.45895,0.84268,0.70587,0.9165,0.92669,0.84908,0.41837,0.34765,0.80531,0.0095149,0.0095149,0.0095149
492,783.446,0.5334,0.44768,0.84682,0.68527,0.9422,0.92736,0.8507,0.43902,0.34758,0.8061,0.00951391,0.00951391,0.00951391
493,784.983,0.55552,0.45042,0.85192,0.73525,0.9268,0.92464,0.85504,0.43248,0.35204,0.8047,0.00951292,0.00951292,0.00951292
494,786.573,0.50733,0.44017,0.84382,0.71008,0.93184,0.91252,0.84665,0.41443,0.34601,0.80325,0.00951193,0.00951193,0.00951193
495,788.183,0.54199,0.45029,0.84486,0.72244,0.93001,0.92935,0.86091,0.41079,0.3406,0.80257,0.00951094,0.00951094,0.00951094
496,789.713,0.54267,0.45846,0.85119,0.79057,0.9209,0.93905,0.87435,0.41373,0.33788,0.8049,0.00950995,0.00950995,0.00950995
497,791.209,0.52981,0.42652,0.85736,0.75106,0.92439,0.93873,0.86515,0.42485,0.3375,0.80605,0.00950896,0.00950896,0.00950896
498,792.704,0.52402,0.4177,0.8504,0.76432,0.91434,0.94176,0.8724,0.41557,0.33613,0.80415,0.00950797,0.00950797,0.00950797
499,794.234,0.54092,0.42572,0.83913,0.78986,0.9232,0.94461,0.86816,0.42119,0.33526,0.80422,0.00950698,0.00950698,0.00950698
500,795.685,0.51442,0.41737,0.8404,0.72842,0.92992,0.94104,0.86051,0.43193,0.34117,0.80401,0.00950599,0.00950599,0.00950599
501,797.234,0.56258,0.44959,0.84558,0.78401,0.94241,0.95216,0.87855,0.42339,0.33421,0.80569,0.009505,0.009505,0.009505
502,798.761,0.54188,0.43579,0.84841,0.75501,0.96014,0.95064,0.87832,0.41469,0.33121,0.80534,0.00950401,0.00950401,0.00950401
503,800.288,0.5374,0.42175,0.8416,0.78935,0.90215,0.94396,0.86675,0.43322,0.3398,0.8058,0.00950302,0.00950302,0.00950302
504,801.887,0.5282,0.43343,0.85237,0.78894,0.94216,0.95135,0.87844,0.42182,0.33297,0.80394,0.00950203,0.00950203,0.00950203
505,803.522,0.53165,0.4244,0.84367,0.83859,0.88991,0.95309,0.87719,0.44321,0.3417,0.80517,0.00950104,0.00950104,0.00950104
506,805.038,0.55065,0.43458,0.85172,0.82701,0.89108,0.94208,0.87001,0.41537,0.33123,0.80326,0.00950005,0.00950005,0.00950005
507,806.604,0.54166,0.43114,0.85065,0.84912,0.87681,0.93644,0.86861,0.43088,0.34276,0.8033,0.00949906,0.00949906,0.00949906
508,808.191,0.56992,0.44373,0.84413,0.80595,0.92092,0.93476,0.86208,0.42613,0.33338,0.80228,0.00949807,0.00949807,0.00949807
509,809.652,0.53157,0.43298,0.85706,0.8478,0.90162,0.93986,0.86629,0.4287,0.33792,0.80174,0.00949708,0.00949708,0.00949708
510,811.223,0.52098,0.4236,0.82969,0.84811,0.895,0.93563,0.86847,0.41366,0.33103,0.80176,0.00949609,0.00949609,0.00949609
511,812.802,0.5506,0.43851,0.84067,0.83664,0.89569,0.9305,0.86248,0.41142,0.33367,0.80152,0.0094951,0.0094951,0.0094951
512,814.295,0.52797,0.43319,0.84892,0.83325,0.88665,0.92653,0.85755,0.43919,0.3403,0.80469,0.00949411,0.00949411,0.00949411
513,815.91,0.53978,0.42951,0.84531,0.85843,0.90154,0.94745,0.88243,0.4088,0.32556,0.80283,0.00949312,0.00949312,0.00949312
514,817.499,0.5416,0.44668,0.84088,0.85771,0.8786,0.93939,0.86228,0.42108,0.34043,0.80381,0.00949213,0.00949213,0.00949213
515,819.145,0.49943,0.42662,0.83469,0.85367,0.8659,0.92951,0.86312,0.42,0.33542,0.80222,0.00949114,0.00949114,0.00949114
516,820.661,0.52984,0.43414,0.84327,0.84135,0.86586,0.93853,0.86739,0.41675,0.33906,0.80394,0.00949015,0.00949015,0.00949015
517,822.217,0.54323,0.43095,0.85202,0.85043,0.88391,0.93984,0.87365,0.40848,0.33159,0.8035,0.00948916,0.00948916,0.00948916
518,823.792,0.54196,0.43195,0.85346,0.83719,0.88298,0.94256,0.87398,0.41098,0.33806,0.79936,0.00948817,0.00948817,0.00948817
519,825.292,0.52153,0.43017,0.85536,0.82809,0.88279,0.93677,0.86675,0.39434,0.32688,0.80023,0.00948718,0.00948718,0.00948718
520,826.834,0.52969,0.43487,0.84916,0.7901,0.88649,0.93886,0.86664,0.4046,0.33081,0.80115,0.00948619,0.00948619,0.00948619
521,828.401,0.55619,0.43609,0.84504,0.7854,0.89548,0.93611,0.86234,0.41388,0.33448,0.79897,0.0094852,0.0094852,0.0094852
522,829.96,0.53864,0.43334,0.83557,0.8152,0.87865,0.94654,0.87039,0.41328,0.33339,0.80117,0.00948421,0.00948421,0.00948421
523,831.51,0.53616,0.41863,0.8531,0.82417,0.87221,0.93901,0.85894,0.42862,0.33939,0.80438,0.00948322,0.00948322,0.00948322
524,833.149,0.56672,0.45088,0.84945,0.84552,0.8728,0.94139,0.8647,0.4102,0.33852,0.80124,0.00948223,0.00948223,0.00948223
525,834.711,0.53765,0.42911,0.83902,0.85394,0.86318,0.94137,0.85979,0.41484,0.33621,0.80396,0.00948124,0.00948124,0.00948124
526,836.264,0.53117,0.43144,0.84032,0.73238,0.93856,0.93365,0.85217,0.43364,0.33747,0.8069,0.00948025,0.00948025,0.00948025
527,837.741,0.54445,0.43049,0.84173,0.83687,0.83079,0.93205,0.85137,0.4248,0.33507,0.80572,0.00947926,0.00947926,0.00947926
528,839.214,0.55164,0.44354,0.85143,0.78457,0.86297,0.9357,0.84221,0.46052,0.34924,0.81159,0.00947827,0.00947827,0.00947827
529,840.722,0.52094,0.42353,0.84418,0.79759,0.82098,0.92974,0.83887,0.45284,0.3533,0.80972,0.00947728,0.00947728,0.00947728
530,842.168,0.53525,0.4299,0.84928,0.79349,0.82803,0.92114,0.84121,0.44523,0.34608,0.80837,0.00947629,0.00947629,0.00947629
531,843.739,0.51765,0.43431,0.84367,0.81835,0.81061,0.93651,0.85472,0.42434,0.33774,0.80678,0.0094753,0.0094753,0.0094753
532,845.3,0.54303,0.42593,0.85001,0.79149,0.84724,0.92663,0.85529,0.4224,0.33481,0.80376,0.00947431,0.00947431,0.00947431
533,846.874,0.54437,0.42817,0.83844,0.77765,0.87671,0.92622,0.84848,0.44141,0.34232,0.80486,0.00947332,0.00947332,0.00947332
534,848.449,0.51755,0.41706,0.84697,0.80259,0.86985,0.9314,0.85826,0.42425,0.33514,0.80364,0.00947233,0.00947233,0.00947233
535,850.021,0.52132,0.41548,0.84487,0.83373,0.81558,0.93317,0.86296,0.41246,0.3301,0.80108,0.00947134,0.00947134,0.00947134
536,851.582,0.53611,0.42892,0.85047,0.80216,0.8288,0.923,0.84747,0.43608,0.3429,0.80218,0.00947035,0.00947035,0.00947035
537,853.054,0.53405,0.42365,0.84038,0.78124,0.85955,0.92743,0.85571,0.41973,0.33864,0.80225,0.00946936,0.00946936,0.00946936
538,854.674,0.533,0.4472,0.8386,0.70089,0.89719,0.91627,0.83881,0.4307,0.34194,0.80329,0.00946837,0.00946837,0.00946837
539,856.147,0.52629,0.43799,0.84653,0.7495,0.81748,0.902,0.82368,0.42964,0.3503,0.80338,0.00946738,0.00946738,0.00946738
540,857.712,0.51806,0.42378,0.8367,0.76841,0.84013,0.90402,0.82838,0.44521,0.34719,0.8066,0.00946639,0.00946639,0.00946639
541,859.303,0.50795,0.41646,0.84134,0.74029,0.84256,0.9031,0.83137,0.44504,0.35178,0.80497,0.0094654,0.0094654,0.0094654
542,860.868,0.53801,0.43762,0.84184,0.66235,0.95641,0.92688,0.85222,0.42287,0.33729,0.80369,0.00946441,0.00946441,0.00946441
543,862.458,0.53695,0.4296,0.84555,0.82238,0.80802,0.92022,0.84822,0.42983,0.34237,0.80168,0.00946342,0.00946342,0.00946342
544,864.063,0.49316,0.42001,0.84339,0.75809,0.9077,0.92395,0.85447,0.42328,0.3435,0.80099,0.00946243,0.00946243,0.00946243
545,865.589,0.55799,0.45104,0.84873,0.75364,0.95629,0.93772,0.86576,0.40895,0.3328,0.80131,0.00946144,0.00946144,0.00946144
546,867.058,0.51012,0.41793,0.84742,0.75283,0.95701,0.94186,0.87463,0.44215,0.34112,0.80386,0.00946045,0.00946045,0.00946045
547,868.613,0.51003,0.42427,0.83626,0.81657,0.88131,0.93943,0.86388,0.43591,0.33698,0.80203,0.00945946,0.00945946,0.00945946
548,870.161,0.51901,0.4127,0.82893,0.79524,0.90233,0.93965,0.86107,0.41708,0.32455,0.8011,0.00945847,0.00945847,0.00945847
549,871.685,0.50776,0.41816,0.84096,0.81488,0.9022,0.94293,0.86887,0.4137,0.32525,0.79973,0.00945748,0.00945748,0.00945748
550,873.199,0.51708,0.41727,0.84296,0.8536,0.87548,0.93989,0.85606,0.41873,0.33396,0.79993,0.00945649,0.00945649,0.00945649
551,874.747,0.51994,0.41539,0.83612,0.84095,0.85907,0.91738,0.83733,0.41183,0.32751,0.80163,0.0094555,0.0094555,0.0094555
552,876.271,0.52881,0.42211,0.83776,0.82986,0.89662,0.9359,0.86366,0.41795,0.33021,0.79961,0.00945451,0.00945451,0.00945451
553,877.913,0.4914,0.40571,0.83128,0.81152,0.89573,0.93136,0.85845,0.42004,0.32752,0.80128,0.00945352,0.00945352,0.00945352
554,879.526,0.51619,0.40603,0.84127,0.78349,0.89312,0.92991,0.85263,0.42654,0.33244,0.80219,0.00945253,0.00945253,0.00945253
555,881.012,0.4951,0.40802,0.83559,0.77906,0.88009,0.92004,0.84984,0.41282,0.33498,0.80251,0.00945154,0.00945154,0.00945154
556,882.582,0.53874,0.42135,0.83684,0.76499,0.90022,0.93344,0.86379,0.40529,0.33408,0.80037,0.00945055,0.00945055,0.00945055
557,884.17,0.50935,0.40967,0.83948,0.75531,0.9145,0.94344,0.87704,0.41209,0.33474,0.79822,0.00944956,0.00944956,0.00944956
558,885.707,0.53935,0.4309,0.83387,0.76024,0.9057,0.93156,0.86526,0.40472,0.33416,0.79723,0.00944857,0.00944857,0.00944857
559,887.327,0.53722,0.42002,0.8489,0.76358,0.91276,0.93793,0.87294,0.41236,0.33715,0.79866,0.00944758,0.00944758,0.00944758
560,888.841,0.53132,0.43826,0.8345,0.80715,0.89649,0.94059,0.87389,0.40134,0.33349,0.7967,0.00944659,0.00944659,0.00944659
561,890.362,0.52045,0.43056,0.8384,0.77052,0.9087,0.93636,0.86888,0.41061,0.33978,0.79848,0.0094456,0.0094456,0.0094456
562,891.974,0.5373,0.43531,0.85103,0.75912,0.94367,0.94478,0.87632,0.39909,0.32796,0.79945,0.00944461,0.00944461,0.00944461
563,893.586,0.50516,0.41367,0.8509,0.84038,0.85532,0.94702,0.88143,0.4193,0.33206,0.80088,0.00944362,0.00944362,0.00944362
564,895.115,0.50911,0.41001,0.84304,0.73528,0.95912,0.94411,0.88023,0.39377,0.32239,0.79918,0.00944263,0.00944263,0.00944263
565,896.694,0.50275,0.4119,0.8348,0.67851,0.97195,0.94048,0.87551,0.40499,0.329,0.79842,0.00944164,0.00944164,0.00944164
566,898.199,0.51617,0.42796,0.83378,0.64847,0.98703,0.93772,0.86701,0.41212,0.33407,0.79932,0.00944065,0.00944065,0.00944065
567,899.754,0.50775,0.42329,0.848,0.67836,0.98547,0.94143,0.86797,0.40207,0.33044,0.79919,0.00943966,0.00943966,0.00943966
568,901.274,0.50369,0.42616,0.8368,0.75707,0.92426,0.94064,0.87287,0.40293,0.33246,0.80067,0.00943867,0.00943867,0.00943867
569,902.85,0.53383,0.43436,0.83738,0.72421,0.92391,0.92784,0.86321,0.4182,0.34098,0.80031,0.00943768,0.00943768,0.00943768
570,904.382,0.50295,0.42177,0.83553,0.71182,0.9183,0.93064,0.86167,0.40543,0.33409,0.7992,0.00943669,0.00943669,0.00943669
571,905.924,0.48578,0.42215,0.84626,0.74462,0.86234,0.92179,0.85415,0.41686,0.34266,0.79966,0.0094357,0.0094357,0.0094357
572,907.512,0.51522,0.43633,0.85049,0.77238,0.90276,0.93226,0.86504,0.39117,0.33152,0.79733,0.00943471,0.00943471,0.00943471
573,909.075,0.49591,0.42181,0.83784,0.81045,0.88405,0.94372,0.8771,0.40688,0.33472,0.80005,0.00943372,0.00943372,0.00943372
574,910.663,0.51502,0.4246,0.84395,0.75448,0.91104,0.92461,0.8523,0.41368,0.33226,0.80296,0.00943273,0.00943273,0.00943273
575,912.234,0.49381,0.42164,0.84044,0.79346,0.90587,0.92948,0.85775,0.39211,0.3246,0.80097,0.00943174,0.00943174,0.00943174
576,913.834,0.49537,0.4112,0.84101,0.8091,0.90149,0.93915,0.86728,0.39533,0.32445,0.80163,0.00943075,0.00943075,0.00943075
577,915.362,0.50731,0.42012,0.83943,0.83085,0.90563,0.94739,0.88485,0.38335,0.31936,0.79925,0.00942976,0.00942976,0.00942976
578,916.885,0.48779,0.40002,0.8345,0.80813,0.89657,0.94385,0.8729,0.42409,0.32923,0.80431,0.00942877,0.00942877,0.00942877
579,918.419,0.52481,0.42408,0.85109,0.82074,0.89553,0.93622,0.87813,0.37358,0.31279,0.79686,0.00942778,0.00942778,0.00942778
580,920.014,0.51652,0.42274,0.83472,0.83764,0.84602,0.92876,0.87007,0.37539,0.31432,0.79804,0.00942679,0.00942679,0.00942679
581,921.56,0.52567,0.41714,0.83425,0.8141,0.89135,0.93884,0.87773,0.40771,0.32411,0.79959,0.0094258,0.0094258,0.0094258
582,923.154,0.52061,0.41516,0.84104,0.82649,0.91953,0.94364,0.87991,0.37486,0.31924,0.79602,0.00942481,0.00942481,0.00942481
583,924.718,0.51184,0.41338,0.84061,0.8199,0.92256,0.95261,0.89443,0.36822,0.31562,0.79377,0.00942382,0.00942382,0.00942382
584,926.234,0.53505,0.41233,0.83566,0.77076,0.92586,0.93821,0.87387,0.39519,0.32497,0.79677,0.00942283,0.00942283,0.00942283
585,927.743,0.50459,0.41701,0.845,0.74551,0.93539,0.93991,0.87669,0.38175,0.31884,0.79609,0.00942184,0.00942184,0.00942184
586,929.284,0.50022,0.40616,0.83826,0.76708,0.92554,0.94691,0.88375,0.37759,0.32002,0.79344,0.00942085,0.00942085,0.00942085
587,930.816,0.52025,0.41551,0.84292,0.80786,0.89185,0.95219,0.87961,0.4055,0.32585,0.79693,0.00941986,0.00941986,0.00941986
588,932.301,0.52747,0.41723,0.84105,0.81369,0.89675,0.94916,0.88375,0.37728,0.31442,0.79401,0.00941887,0.00941887,0.00941887
589,933.861,0.49687,0.40515,0.84599,0.85181,0.8806,0.95361,0.88878,0.36559,0.31064,0.79217,0.00941788,0.00941788,0.00941788
590,935.409,0.52689,0.4081,0.83856,0.86621,0.87308,0.95555,0.88576,0.40101,0.31994,0.79637,0.00941689,0.00941689,0.00941689
591,936.981,0.53106,0.42225,0.84059,0.8308,0.88121,0.947,0.88261,0.3653,0.32367,0.79224,0.0094159,0.0094159,0.0094159
592,938.677,0.49316,0.40443,0.84527,0.83717,0.90964,0.95236,0.88911,0.37215,0.3134,0.79378,0.00941491,0.00941491,0.00941491
593,940.178,0.51804,0.41646,0.84268,0.82709,0.88048,0.94933,0.87146,0.405,0.32583,0.79574,0.00941392,0.00941392,0.00941392
594,941.73,0.5245,0.41305,0.83879,0.84464,0.89056,0.94279,0.88257,0.36905,0.31449,0.79304,0.00941293,0.00941293,0.00941293
595,943.272,0.507,0.41073,0.84051,0.8274,0.87097,0.94142,0.87902,0.37682,0.31663,0.79393,0.00941194,0.00941194,0.00941194
596,944.805,0.51637,0.41354,0.84077,0.82017,0.86892,0.94095,0.87629,0.39996,0.32166,0.79728,0.00941095,0.00941095,0.00941095
597,946.311,0.49398,0.39827,0.84523,0.8112,0.86692,0.94297,0.87601,0.37689,0.31537,0.79415,0.00940996,0.00940996,0.00940996
598,947.86,0.49689,0.41092,0.83916,0.72764,0.92892,0.93024,0.86507,0.37538,0.31341,0.79464,0.00940897,0.00940897,0.00940897
599,949.384,0.50182,0.40789,0.83691,0.70845,0.95297,0.92993,0.86331,0.38768,0.32625,0.79693,0.00940798,0.00940798,0.00940798
600,950.915,0.48175,0.4045,0.84324,0.67688,0.96897,0.91904,0.8538,0.38501,0.32292,0.79542,0.00940699,0.00940699,0.00940699
601,952.542,0.48841,0.41364,0.84182,0.76873,0.92699,0.93019,0.8628,0.37531,0.32585,0.79359,0.009406,0.009406,0.009406
602,954.056,0.50545,0.41811,0.84682,0.80764,0.89486,0.92568,0.85302,0.40582,0.34131,0.79514,0.00940501,0.00940501,0.00940501
603,955.639,0.47743,0.41362,0.83548,0.81686,0.91356,0.93252,0.86691,0.37729,0.32726,0.79258,0.00940402,0.00940402,0.00940402
604,957.213,0.52478,0.42393,0.83962,0.77966,0.92618,0.93537,0.86131,0.36947,0.31904,0.79276,0.00940303,0.00940303,0.00940303
605,958.797,0.51212,0.4138,0.85302,0.80579,0.91276,0.93284,0.85885,0.41381,0.33499,0.79764,0.00940204,0.00940204,0.00940204
606,960.405,0.52775,0.42989,0.84142,0.82956,0.90285,0.93032,0.86305,0.36447,0.31987,0.79083,0.00940105,0.00940105,0.00940105
607,961.962,0.52597,0.42907,0.84262,0.82305,0.88017,0.926,0.85932,0.37395,0.3246,0.79284,0.00940006,0.00940006,0.00940006
608,963.49,0.53053,0.43834,0.8305,0.81716,0.8854,0.92964,0.86089,0.38315,0.32726,0.79236,0.00939907,0.00939907,0.00939907
609,965.012,0.54089,0.43112,0.84519,0.85147,0.88819,0.94164,0.87544,0.37561,0.31595,0.79573,0.00939808,0.00939808,0.00939808
610,966.55,0.49882,0.40782,0.83893,0.81629,0.9111,0.94548,0.8823,0.3646,0.30789,0.79537,0.00939709,0.00939709,0.00939709
611,968.232,0.52279,0.42266,0.84927,0.82528,0.91261,0.94529,0.88091,0.38711,0.31067,0.79428,0.0093961,0.0093961,0.0093961
612,969.797,0.49006,0.39836,0.83575,0.83618,0.89122,0.93751,0.87597,0.3673,0.30689,0.79535,0.00939511,0.00939511,0.00939511
613,971.368,0.49662,0.4044,0.8395,0.82148,0.8954,0.94821,0.88549,0.37516,0.30709,0.7968,0.00939412,0.00939412,0.00939412
614,972.882,0.49666,0.39762,0.84523,0.81501,0.89907,0.941,0.87453,0.43427,0.32737,0.79904,0.00939313,0.00939313,0.00939313
615,974.453,0.50548,0.40494,0.83338,0.81596,0.90502,0.93852,0.87814,0.37882,0.30979,0.79587,0.00939214,0.00939214,0.00939214
616,975.919,0.4915,0.40449,0.83491,0.80847,0.90592,0.93349,0.87596,0.37447,0.31158,0.7944,0.00939115,0.00939115,0.00939115
617,977.483,0.49204,0.41424,0.84313,0.78252,0.90402,0.9317,0.86995,0.3986,0.32359,0.79377,0.00939016,0.00939016,0.00939016
618,978.999,0.48243,0.4123,0.84086,0.82461,0.89327,0.93609,0.88038,0.3727,0.31263,0.79432,0.00938917,0.00938917,0.00938917
619,980.522,0.51125,0.43558,0.84565,0.82043,0.88065,0.94072,0.87838,0.38773,0.32567,0.79737,0.00938818,0.00938818,0.00938818
620,982.065,0.46957,0.40788,0.82872,0.81898,0.85902,0.93376,0.85996,0.41162,0.33649,0.80086,0.00938719,0.00938719,0.00938719
621,983.698,0.48558,0.41395,0.84031,0.80082,0.86622,0.91115,0.84433,0.39918,0.33953,0.79901,0.0093862,0.0093862,0.0093862
622,985.309,0.51162,0.43762,0.85071,0.79841,0.87035,0.90962,0.83886,0.39662,0.33203,0.79787,0.00938521,0.00938521,0.00938521
623,986.832,0.51148,0.42204,0.82611,0.78345,0.87214,0.907,0.83604,0.40716,0.33702,0.80099,0.00938422,0.00938422,0.00938422
624,988.365,0.5027,0.42148,0.83695,0.79921,0.88606,0.93693,0.86873,0.37942,0.32628,0.7965,0.00938323,0.00938323,0.00938323
625,989.866,0.49812,0.42392,0.84338,0.7801,0.92712,0.93256,0.86414,0.36876,0.31599,0.79493,0.00938224,0.00938224,0.00938224
626,991.432,0.48562,0.40889,0.85273,0.73248,0.90269,0.92703,0.86383,0.39394,0.32913,0.7973,0.00938125,0.00938125,0.00938125
627,992.942,0.48374,0.40527,0.8361,0.77599,0.9003,0.93849,0.86989,0.37544,0.3202,0.79665,0.00938026,0.00938026,0.00938026
628,994.504,0.52544,0.40925,0.84326,0.76737,0.88558,0.91272,0.84013,0.39785,0.31918,0.79936,0.00937927,0.00937927,0.00937927
629,996.045,0.49066,0.39338,0.83391,0.78578,0.87652,0.92218,0.85216,0.38362,0.31538,0.79895,0.00937828,0.00937828,0.00937828
630,997.671,0.51047,0.40657,0.84012,0.794,0.85938,0.93411,0.85907,0.41381,0.32436,0.80246,0.00937729,0.00937729,0.00937729
631,999.239,0.49974,0.40971,0.84329,0.82342,0.86536,0.94549,0.87327,0.40772,0.31902,0.80187,0.0093763,0.0093763,0.0093763
632,1000.83,0.50676,0.39535,0.84105,0.84912,0.84982,0.95355,0.87808,0.39144,0.31674,0.80097,0.00937531,0.00937531,0.00937531
633,1002.37,0.48497,0.39724,0.83692,0.8421,0.86176,0.94386,0.87863,0.3973,0.32021,0.79919,0.00937432,0.00937432,0.00937432
634,1003.94,0.50935,0.40707,0.83676,0.83288,0.87628,0.9433,0.8755,0.38489,0.31795,0.79871,0.00937333,0.00937333,0.00937333
635,1005.52,0.50765,0.41452,0.83133,0.83066,0.85204,0.94819,0.87599,0.39761,0.32522,0.79938,0.00937234,0.00937234,0.00937234
636,1007,0.48706,0.39836,0.8252,0.84342,0.88162,0.95147,0.88349,0.37423,0.31121,0.79531,0.00937135,0.00937135,0.00937135
637,1008.55,0.49669,0.39703,0.83581,0.84931,0.8665,0.94863,0.87623,0.37208,0.3067,0.79512,0.00937036,0.00937036,0.00937036
638,1010.13,0.49594,0.41136,0.83265,0.88564,0.87512,0.95532,0.88685,0.38613,0.31164,0.79494,0.00936937,0.00936937,0.00936937
639,1011.62,0.48035,0.39769,0.84049,0.84382,0.88604,0.95237,0.88873,0.37554,0.30623,0.7948,0.00936838,0.00936838,0.00936838
640,1013.18,0.49281,0.40104,0.84621,0.83885,0.89073,0.94414,0.87927,0.37544,0.30826,0.79388,0.00936739,0.00936739,0.00936739
641,1014.77,0.5064,0.41139,0.83482,0.77653,0.91346,0.94494,0.87968,0.37034,0.30783,0.79395,0.0093664,0.0093664,0.0093664
642,1016.31,0.50522,0.39976,0.8355,0.76453,0.93217,0.9407,0.86873,0.38158,0.30877,0.79446,0.00936541,0.00936541,0.00936541
643,1017.84,0.49252,0.40533,0.84098,0.76488,0.90438,0.93886,0.87499,0.37151,0.31344,0.79372,0.00936442,0.00936442,0.00936442
644,1019.36,0.50538,0.40277,0.83317,0.78649,0.91287,0.9457,0.88133,0.36384,0.30875,0.79203,0.00936343,0.00936343,0.00936343
645,1020.91,0.48002,0.40621,0.83424,0.77946,0.90232,0.94176,0.87915,0.36251,0.31068,0.79193,0.00936244,0.00936244,0.00936244
646,1022.48,0.51898,0.4158,0.83623,0.74961,0.93145,0.9468,0.88304,0.35763,0.30711,0.7933,0.00936145,0.00936145,0.00936145
647,1023.94,0.47933,0.3877,0.83905,0.81719,0.89989,0.94668,0.88175,0.38481,0.31628,0.79522,0.00936046,0.00936046,0.00936046
648,1025.45,0.50085,0.39846,0.84137,0.81375,0.88862,0.94831,0.88215,0.35495,0.30587,0.79393,0.00935947,0.00935947,0.00935947
649,1027.09,0.50619,0.41145,0.83082,0.74237,0.95461,0.94838,0.88223,0.35139,0.30562,0.7914,0.00935848,0.00935848,0.00935848
650,1028.68,0.49277,0.40827,0.8432,0.79337,0.92873,0.95153,0.88584,0.39011,0.31971,0.79348,0.00935749,0.00935749,0.00935749
651,1030.17,0.47543,0.3961,0.84171,0.83743,0.90201,0.9395,0.88016,0.35671,0.31213,0.79118,0.0093565,0.0093565,0.0093565
652,1031.77,0.45802,0.39011,0.8238,0.84168,0.8899,0.94351,0.87751,0.36967,0.31191,0.79227,0.00935551,0.00935551,0.00935551
653,1033.3,0.49119,0.41014,0.83775,0.8256,0.90068,0.94106,0.88104,0.37209,0.31775,0.79367,0.00935452,0.00935452,0.00935452
654,1034.89,0.48471,0.4027,0.82983,0.84145,0.85769,0.93994,0.88143,0.36477,0.315,0.78969,0.00935353,0.00935353,0.00935353
655,1036.39,0.481,0.40197,0.84182,0.83417,0.90576,0.94276,0.88673,0.35658,0.30856,0.78896,0.00935254,0.00935254,0.00935254
656,1037.96,0.50224,0.39649,0.84099,0.87623,0.90135,0.94942,0.89169,0.35842,0.30644,0.79077,0.00935155,0.00935155,0.00935155
657,1039.52,0.48699,0.3982,0.83166,0.85796,0.90316,0.93955,0.88342,0.35782,0.30673,0.78915,0.00935056,0.00935056,0.00935056
658,1041.06,0.48363,0.39151,0.83105,0.86401,0.89852,0.94702,0.88809,0.36029,0.30456,0.79017,0.00934957,0.00934957,0.00934957
659,1042.7,0.47372,0.38775,0.83391,0.87075,0.89606,0.94626,0.88919,0.35071,0.30423,0.78869,0.00934858,0.00934858,0.00934858
660,1044.3,0.47377,0.38848,0.83727,0.86545,0.89017,0.94944,0.89356,0.36519,0.30488,0.78983,0.00934759,0.00934759,0.00934759
661,1045.81,0.50475,0.41467,0.84523,0.84952,0.91657,0.94907,0.88932,0.34787,0.30052,0.78738,0.0093466,0.0093466,0.0093466
662,1047.29,0.4757,0.39222,0.8324,0.84995,0.90375,0.94363,0.88749,0.36354,0.30828,0.78692,0.00934561,0.00934561,0.00934561
663,1048.79,0.47283,0.38642,0.82366,0.83895,0.90538,0.94682,0.89267,0.35072,0.30166,0.78746,0.00934462,0.00934462,0.00934462
664,1050.35,0.50513,0.40487,0.8304,0.86162,0.89673,0.94995,0.8918,0.35139,0.3034,0.78761,0.00934363,0.00934363,0.00934363
665,1051.91,0.50589,0.39912,0.83795,0.86871,0.89014,0.94928,0.89561,0.35532,0.307,0.78646,0.00934264,0.00934264,0.00934264
666,1053.41,0.50326,0.40763,0.8307,0.86882,0.88884,0.95204,0.89303,0.36208,0.30222,0.78839,0.00934165,0.00934165,0.00934165
667,1054.94,0.47058,0.39333,0.83533,0.8561,0.89106,0.94676,0.89381,0.34702,0.29659,0.78777,0.00934066,0.00934066,0.00934066
668,1056.58,0.46446,0.37468,0.83634,0.86545,0.89105,0.94824,0.88898,0.36694,0.30054,0.7902,0.00933967,0.00933967,0.00933967
669,1058.15,0.49238,0.39567,0.8397,0.84518,0.8997,0.94088,0.89039,0.34574,0.2976,0.78805,0.00933868,0.00933868,0.00933868
670,1059.77,0.49624,0.39312,0.82978,0.81908,0.91872,0.9421,0.88727,0.35733,0.30258,0.79,0.00933769,0.00933769,0.00933769
671,1061.31,0.48644,0.3929,0.83175,0.83243,0.91641,0.9392,0.88294,0.35203,0.30238,0.78794,0.0093367,0.0093367,0.0093367
672,1062.82,0.48184,0.39811,0.83875,0.84209,0.9153,0.94092,0.88138,0.35537,0.30025,0.79083,0.00933571,0.00933571,0.00933571
673,1064.3,0.46819,0.39041,0.83807,0.80156,0.92732,0.93551,0.87428,0.3691,0.30648,0.79196,0.00933472,0.00933472,0.00933472
674,1065.82,0.47532,0.39143,0.83188,0.78919,0.94408,0.94775,0.88671,0.35298,0.3022,0.78982,0.00933373,0.00933373,0.00933373
675,1067.36,0.51419,0.40357,0.83053,0.76986,0.94196,0.94207,0.87542,0.36564,0.30703,0.79078,0.00933274,0.00933274,0.00933274
676,1068.87,0.48963,0.39556,0.83518,0.84174,0.85481,0.9425,0.87364,0.37118,0.31248,0.79081,0.00933175,0.00933175,0.00933175
677,1070.44,0.50885,0.41386,0.82581,0.85115,0.84817,0.9375,0.87476,0.34828,0.30559,0.78767,0.00933076,0.00933076,0.00933076
678,1071.9,0.4791,0.39058,0.82554,0.81372,0.88076,0.94073,0.87339,0.37405,0.31309,0.78985,0.00932977,0.00932977,0.00932977
679,1073.52,0.47768,0.39583,0.82706,0.80899,0.87312,0.94387,0.87443,0.36682,0.3102,0.78873,0.00932878,0.00932878,0.00932878
680,1075.11,0.45261,0.39022,0.83291,0.8007,0.88289,0.9401,0.87852,0.33428,0.30163,0.78565,0.00932779,0.00932779,0.00932779
681,1076.59,0.47942,0.39204,0.82876,0.77203,0.91803,0.93682,0.86812,0.36553,0.30726,0.78955,0.0093268,0.0093268,0.0093268
682,1078.12,0.49707,0.42021,0.84377,0.78803,0.90175,0.93613,0.87581,0.34399,0.30472,0.78587,0.00932581,0.00932581,0.00932581
683,1079.66,0.49651,0.40691,0.82661,0.81585,0.89657,0.94151,0.88093,0.34716,0.30434,0.78531,0.00932482,0.00932482,0.00932482
684,1081.13,0.47523,0.39278,0.82746,0.81568,0.89914,0.9381,0.87953,0.34122,0.30011,0.78575,0.00932383,0.00932383,0.00932383
685,1082.63,0.46882,0.40978,0.83387,0.79457,0.91891,0.93932,0.87357,0.3406,0.29799,0.78633,0.00932284,0.00932284,0.00932284
686,1084.13,0.48444,0.40976,0.83372,0.80471,0.92041,0.94473,0.88068,0.36241,0.30338,0.78726,0.00932185,0.00932185,0.00932185
687,1085.6,0.48086,0.40502,0.83996,0.81624,0.90147,0.9434,0.88106,0.33745,0.2977,0.78724,0.00932086,0.00932086,0.00932086
688,1087.17,0.51529,0.40627,0.8404,0.84133,0.86058,0.94781,0.86985,0.34292,0.29272,0.79044,0.00931987,0.00931987,0.00931987
689,1088.85,0.47702,0.38778,0.83861,0.8509,0.8783,0.95203,0.87263,0.35405,0.30017,0.78938,0.00931888,0.00931888,0.00931888
690,1090.4,0.48747,0.41228,0.82882,0.83276,0.85011,0.95065,0.86492,0.35271,0.29471,0.79449,0.00931789,0.00931789,0.00931789
691,1092.01,0.47989,0.40584,0.83937,0.8312,0.85592,0.94757,0.87682,0.35127,0.30029,0.79267,0.0093169,0.0093169,0.0093169
692,1093.49,0.47999,0.41017,0.83936,0.80178,0.93238,0.94944,0.89086,0.34893,0.29448,0.78863,0.00931591,0.00931591,0.00931591
693,1095.01,0.46914,0.39131,0.83299,0.8398,0.88942,0.94518,0.88465,0.34999,0.3022,0.78989,0.00931492,0.00931492,0.00931492
694,1096.49,0.4719,0.39599,0.83104,0.8343,0.88463,0.94547,0.88271,0.35437,0.29833,0.79141,0.00931393,0.00931393,0.00931393
695,1097.98,0.49908,0.39631,0.83716,0.84685,0.8915,0.95509,0.89557,0.35806,0.29992,0.78897,0.00931294,0.00931294,0.00931294
696,1099.5,0.48107,0.4002,0.827,0.81789,0.86827,0.93812,0.87817,0.36298,0.30262,0.79016,0.00931195,0.00931195,0.00931195
697,1101.02,0.46437,0.38611,0.82468,0.80784,0.90412,0.94033,0.87489,0.37052,0.30313,0.79057,0.00931096,0.00931096,0.00931096
698,1102.61,0.48829,0.39449,0.83567,0.8437,0.90297,0.9499,0.88542,0.36344,0.30365,0.78997,0.00930997,0.00930997,0.00930997
699,1104.19,0.4596,0.38355,0.84547,0.85857,0.88159,0.95334,0.88784,0.35042,0.29578,0.78961,0.00930898,0.00930898,0.00930898
700,1105.71,0.48948,0.393,0.83995,0.78035,0.92793,0.95168,0.8866,0.35899,0.30322,0.79159,0.00930799,0.00930799,0.00930799
701,1107.2,0.452,0.37631,0.83199,0.76835,0.91383,0.93975,0.86571,0.39378,0.31192,0.79171,0.009307,0.009307,0.009307
702,1108.74,0.48831,0.39318,0.83131,0.70064,0.94741,0.93725,0.86689,0.36634,0.30227,0.79184,0.00930601,0.00930601,0.00930601
703,1110.2,0.51076,0.40175,0.83795,0.80364,0.88925,0.95048,0.88192,0.35551,0.30294,0.79059,0.00930502,0.00930502,0.00930502
704,1111.63,0.47975,0.40037,0.83935,0.73796,0.95249,0.946,0.87436,0.37186,0.30399,0.78928,0.00930403,0.00930403,0.00930403
705,1113.07,0.46235,0.38319,0.83397,0.86109,0.89364,0.9496,0.88788,0.34612,0.2975,0.78808,0.00930304,0.00930304,0.00930304
706,1114.53,0.48725,0.39964,0.83529,0.82025,0.88507,0.90683,0.82145,0.3785,0.31957,0.7978,0.00930205,0.00930205,0.00930205
707,1115.98,0.49811,0.39712,0.83748,0.81333,0.91709,0.91791,0.82948,0.39726,0.32336,0.80189,0.00930106,0.00930106,0.00930106
708,1117.43,0.47302,0.38611,0.82695,0.75597,0.93043,0.90794,0.8193,0.41793,0.33435,0.80524,0.00930007,0.00930007,0.00930007
709,1119.01,0.49284,0.39412,0.83234,0.7743,0.91433,0.91611,0.83135,0.42157,0.33024,0.80894,0.00929908,0.00929908,0.00929908
710,1120.49,0.47918,0.39033,0.82152,0.8048,0.88984,0.91974,0.83089,0.42053,0.32823,0.80791,0.00929809,0.00929809,0.00929809
711,1121.96,0.50365,0.40156,0.82914,0.81875,0.8594,0.93645,0.84048,0.41825,0.32946,0.80581,0.0092971,0.0092971,0.0092971
712,1123.4,0.47602,0.38781,0.83272,0.84969,0.85206,0.94612,0.86371,0.41699,0.32997,0.80404,0.00929611,0.00929611,0.00929611
713,1124.83,0.47796,0.39463,0.83671,0.82786,0.86056,0.94226,0.86044,0.38954,0.31948,0.80154,0.00929512,0.00929512,0.00929512
714,1126.29,0.46294,0.38634,0.83494,0.84672,0.85627,0.94663,0.86804,0.40039,0.32341,0.80087,0.00929413,0.00929413,0.00929413
715,1127.72,0.49333,0.39472,0.84561,0.82069,0.85516,0.94516,0.87494,0.40345,0.32554,0.80017,0.00929314,0.00929314,0.00929314
716,1129.16,0.47058,0.38527,0.82166,0.85579,0.90291,0.95289,0.87483,0.38789,0.31071,0.79882,0.00929215,0.00929215,0.00929215
717,1130.64,0.47514,0.38701,0.82736,0.84448,0.90323,0.94755,0.87823,0.38808,0.31362,0.79774,0.00929116,0.00929116,0.00929116
718,1132.11,0.45019,0.3777,0.82687,0.83452,0.90678,0.95382,0.88923,0.37574,0.30869,0.79384,0.00929017,0.00929017,0.00929017
719,1133.61,0.49161,0.38701,0.83748,0.86871,0.91556,0.95115,0.88169,0.36445,0.30237,0.79105,0.00928918,0.00928918,0.00928918
720,1135.18,0.47706,0.38239,0.83729,0.84181,0.91741,0.94784,0.88326,0.36271,0.30059,0.79038,0.00928819,0.00928819,0.00928819
721,1136.75,0.48287,0.38652,0.83086,0.87018,0.92682,0.95354,0.89272,0.35445,0.29472,0.78694,0.0092872,0.0092872,0.0092872
722,1138.28,0.48082,0.38714,0.82912,0.86579,0.91194,0.94884,0.88537,0.36136,0.29859,0.78635,0.00928621,0.00928621,0.00928621
723,1139.78,0.46276,0.37634,0.81797,0.87165,0.91282,0.95532,0.89966,0.34029,0.29105,0.78513,0.00928522,0.00928522,0.00928522
724,1141.3,0.47011,0.38078,0.829,0.86189,0.90448,0.95433,0.89459,0.34248,0.29239,0.78441,0.00928423,0.00928423,0.00928423
725,1142.76,0.46362,0.38555,0.82924,0.86476,0.91198,0.95071,0.89081,0.35442,0.29601,0.78557,0.00928324,0.00928324,0.00928324
726,1144.32,0.46404,0.39233,0.83168,0.85048,0.90535,0.95383,0.89906,0.34243,0.29449,0.78524,0.00928225,0.00928225,0.00928225
727,1145.85,0.48634,0.39212,0.8373,0.85113,0.9142,0.95718,0.90084,0.34485,0.29318,0.78574,0.00928126,0.00928126,0.00928126
728,1147.34,0.46756,0.39111,0.8259,0.84306,0.90798,0.94537,0.89158,0.33485,0.29088,0.78413,0.00928027,0.00928027,0.00928027
729,1149.06,0.46483,0.38815,0.82909,0.84901,0.90484,0.94603,0.88513,0.33975,0.29021,0.78548,0.00927928,0.00927928,0.00927928
730,1150.72,0.45636,0.38227,0.83438,0.80079,0.90605,0.93732,0.87666,0.34594,0.29147,0.78647,0.00927829,0.00927829,0.00927829
731,1152.15,0.45925,0.39102,0.83779,0.81057,0.91391,0.93272,0.87605,0.33911,0.29185,0.78628,0.0092773,0.0092773,0.0092773
732,1153.72,0.467,0.38683,0.83954,0.84009,0.92471,0.9488,0.8887,0.3486,0.29451,0.78749,0.00927631,0.00927631,0.00927631
733,1155.25,0.46048,0.38804,0.83488,0.83185,0.90021,0.94349,0.8786,0.3569,0.29636,0.78644,0.00927532,0.00927532,0.00927532
734,1156.75,0.48787,0.40147,0.83129,0.84001,0.90299,0.94138,0.88193,0.34481,0.29418,0.78696,0.00927433,0.00927433,0.00927433
735,1158.32,0.45907,0.3928,0.82935,0.82786,0.89808,0.94326,0.87993,0.3646,0.30105,0.78745,0.00927334,0.00927334,0.00927334
736,1159.84,0.48243,0.40845,0.83905,0.86236,0.89182,0.94809,0.8925,0.35555,0.30088,0.78679,0.00927235,0.00927235,0.00927235
737,1161.32,0.47239,0.39959,0.83404,0.8643,0.89584,0.94177,0.88116,0.3378,0.29488,0.78713,0.00927136,0.00927136,0.00927136
738,1162.92,0.47899,0.39413,0.83304,0.85374,0.90068,0.95019,0.89312,0.35585,0.30115,0.78772,0.00927037,0.00927037,0.00927037
739,1164.53,0.46058,0.40005,0.83251,0.85463,0.8907,0.95084,0.88725,0.35586,0.29804,0.78735,0.00926938,0.00926938,0.00926938
740,1166.06,0.46555,0.39536,0.83048,0.85899,0.89289,0.95496,0.89184,0.33234,0.29345,0.78603,0.00926839,0.00926839,0.00926839
741,1167.53,0.43716,0.3785,0.8282,0.85187,0.88636,0.94548,0.87677,0.34798,0.29602,0.78602,0.0092674,0.0092674,0.0092674
742,1169.05,0.4658,0.39845,0.83312,0.85757,0.90387,0.95225,0.88849,0.34726,0.29571,0.78674,0.00926641,0.00926641,0.00926641
743,1170.55,0.46467,0.38905,0.83849,0.85506,0.90507,0.9523,0.89397,0.32799,0.29347,0.78526,0.00926542,0.00926542,0.00926542
744,1172.06,0.46459,0.40042,0.84262,0.85193,0.87592,0.94544,0.87942,0.35535,0.30154,0.78746,0.00926443,0.00926443,0.00926443
745,1173.6,0.44975,0.38583,0.82744,0.86895,0.88681,0.94696,0.87947,0.35486,0.29869,0.78725,0.00926344,0.00926344,0.00926344
746,1175.09,0.46207,0.38282,0.83352,0.85838,0.89382,0.94485,0.88931,0.33553,0.28741,0.78793,0.00926245,0.00926245,0.00926245
747,1176.65,0.45383,0.38917,0.8286,0.87363,0.89766,0.95211,0.8914,0.34035,0.28993,0.78595,0.00926146,0.00926146,0.00926146
748,1178.19,0.46684,0.39528,0.83546,0.8652,0.89977,0.95057,0.88862,0.32475,0.28735,0.78376,0.00926047,0.00926047,0.00926047
749,1179.84,0.4812,0.39441,0.83689,0.86223,0.90194,0.94968,0.88951,0.34094,0.29236,0.7866,0.00925948,0.00925948,0.00925948
750,1181.34,0.4504,0.37411,0.82805,0.83829,0.8896,0.94526,0.88485,0.33157,0.29106,0.78386,0.00925849,0.00925849,0.00925849
751,1182.85,0.46934,0.39691,0.83856,0.8596,0.89576,0.9527,0.89832,0.32145,0.28418,0.7837,0.0092575,0.0092575,0.0092575
752,1184.36,0.46283,0.38248,0.83732,0.84924,0.89168,0.95084,0.88737,0.35909,0.29469,0.78807,0.00925651,0.00925651,0.00925651
753,1185.87,0.47293,0.38394,0.83902,0.86384,0.89413,0.94532,0.88856,0.32403,0.28435,0.78367,0.00925552,0.00925552,0.00925552
754,1187.48,0.46413,0.38573,0.832,0.85588,0.9024,0.95421,0.90008,0.32126,0.28267,0.78374,0.00925453,0.00925453,0.00925453
755,1188.98,0.4561,0.37817,0.83015,0.84854,0.89658,0.94708,0.88455,0.36152,0.29239,0.78969,0.00925354,0.00925354,0.00925354
756,1190.49,0.47312,0.37639,0.83821,0.76186,0.93945,0.94906,0.89195,0.32968,0.28327,0.78547,0.00925255,0.00925255,0.00925255
757,1191.96,0.4706,0.39034,0.82867,0.82963,0.89561,0.95602,0.90212,0.32885,0.2871,0.78478,0.00925156,0.00925156,0.00925156
758,1193.56,0.45937,0.38086,0.82177,0.83563,0.90826,0.95096,0.89093,0.34088,0.29124,0.78768,0.00925057,0.00925057,0.00925057
759,1195.07,0.45867,0.37912,0.82439,0.8213,0.91707,0.95376,0.89764,0.33205,0.28772,0.78478,0.00924958,0.00924958,0.00924958
760,1196.64,0.47041,0.38323,0.83052,0.81914,0.91406,0.94305,0.88593,0.34438,0.29037,0.78768,0.00924859,0.00924859,0.00924859
761,1198.23,0.45058,0.37528,0.83292,0.80925,0.92233,0.94984,0.88685,0.3407,0.29032,0.78766,0.0092476,0.0092476,0.0092476
762,1199.71,0.48278,0.38822,0.83605,0.78336,0.91389,0.93964,0.88085,0.34677,0.29244,0.78744,0.00924661,0.00924661,0.00924661
763,1201.29,0.4609,0.38517,0.83031,0.71922,0.95979,0.94013,0.873,0.34908,0.29515,0.78633,0.00924562,0.00924562,0.00924562
764,1202.8,0.45899,0.3808,0.82354,0.82698,0.89127,0.95064,0.89164,0.33738,0.28749,0.78643,0.00924463,0.00924463,0.00924463
765,1204.28,0.47161,0.38897,0.83905,0.83095,0.88543,0.95401,0.89765,0.34368,0.29176,0.78572,0.00924364,0.00924364,0.00924364
766,1205.87,0.46515,0.40041,0.83436,0.81219,0.88852,0.94107,0.88457,0.33371,0.29193,0.7858,0.00924265,0.00924265,0.00924265
767,1207.37,0.4615,0.39235,0.82275,0.80755,0.90124,0.9388,0.87656,0.34607,0.29577,0.7859,0.00924166,0.00924166,0.00924166
768,1208.97,0.48092,0.39237,0.83202,0.82428,0.89834,0.94536,0.88827,0.33066,0.28943,0.78657,0.00924067,0.00924067,0.00924067
769,1210.53,0.45131,0.37785,0.83478,0.83337,0.88446,0.94122,0.88222,0.32844,0.28618,0.78596,0.00923968,0.00923968,0.00923968
770,1212.05,0.46099,0.37309,0.83091,0.85828,0.86811,0.95149,0.88194,0.32724,0.2886,0.78583,0.00923869,0.00923869,0.00923869
771,1213.61,0.47279,0.38487,0.82753,0.81881,0.86907,0.94298,0.87619,0.33112,0.28753,0.78656,0.0092377,0.0092377,0.0092377
772,1215.11,0.48157,0.38458,0.83289,0.85606,0.87866,0.95636,0.88804,0.33354,0.29109,0.78616,0.00923671,0.00923671,0.00923671
773,1216.69,0.47988,0.38811,0.82572,0.83683,0.87581,0.94386,0.87354,0.33146,0.29141,0.78565,0.00923572,0.00923572,0.00923572
774,1218.26,0.44763,0.37486,0.83529,0.85832,0.87463,0.95258,0.87818,0.32866,0.28968,0.78608,0.00923473,0.00923473,0.00923473
775,1219.83,0.47612,0.38619,0.83809,0.87498,0.89537,0.95251,0.8961,0.32499,0.28637,0.78435,0.00923374,0.00923374,0.00923374
776,1221.34,0.4531,0.36503,0.82818,0.85039,0.89188,0.94502,0.89409,0.33446,0.28768,0.78524,0.00923275,0.00923275,0.00923275
777,1222.86,0.4607,0.37879,0.83016,0.88262,0.90986,0.95395,0.90446,0.31904,0.28801,0.78315,0.00923176,0.00923176,0.00923176
778,1224.57,0.47791,0.38032,0.83068,0.86998,0.90535,0.95374,0.90076,0.32159,0.28579,0.78269,0.00923077,0.00923077,0.00923077
779,1226.12,0.46443,0.3744,0.8219,0.86653,0.90987,0.9534,0.90259,0.32838,0.28518,0.78283,0.00922978,0.00922978,0.00922978
780,1227.61,0.47291,0.38101,0.83462,0.86955,0.90164,0.95748,0.90625,0.32077,0.28011,0.78353,0.00922879,0.00922879,0.00922879
781,1229.08,0.48874,0.39386,0.83346,0.87825,0.91107,0.96095,0.90789,0.32397,0.27911,0.78311,0.0092278,0.0092278,0.0092278
782,1230.63,0.44698,0.36329,0.83256,0.79348,0.94158,0.95235,0.89686,0.33127,0.28162,0.78433,0.00922681,0.00922681,0.00922681
783,1232.19,0.47926,0.38874,0.83994,0.76701,0.95124,0.95761,0.90439,0.33234,0.27707,0.78509,0.00922582,0.00922582,0.00922582
784,1233.66,0.4594,0.37666,0.83099,0.87757,0.86918,0.96316,0.90561,0.32718,0.27573,0.78281,0.00922483,0.00922483,0.00922483
785,1235.22,0.46643,0.38017,0.82392,0.8658,0.86666,0.95517,0.90153,0.33054,0.28043,0.78235,0.00922384,0.00922384,0.00922384
786,1236.75,0.44499,0.37687,0.82557,0.84076,0.85667,0.95118,0.90388,0.31969,0.27557,0.7812,0.00922285,0.00922285,0.00922285
787,1238.36,0.47161,0.37884,0.83009,0.81867,0.88801,0.95275,0.89873,0.31759,0.27353,0.78106,0.00922186,0.00922186,0.00922186
788,1239.95,0.44734,0.36686,0.82788,0.7858,0.90742,0.94888,0.89923,0.32717,0.2763,0.78186,0.00922087,0.00922087,0.00922087
789,1241.52,0.48029,0.39291,0.83282,0.7851,0.91615,0.95668,0.89626,0.32173,0.27794,0.78222,0.00921988,0.00921988,0.00921988
790,1243.01,0.44232,0.38028,0.8246,0.74082,0.9489,0.9463,0.89158,0.32087,0.2797,0.78121,0.00921889,0.00921889,0.00921889
791,1244.55,0.48255,0.38652,0.83309,0.81255,0.8781,0.93859,0.88737,0.32805,0.28623,0.78013,0.0092179,0.0092179,0.0092179
792,1246.01,0.4938,0.40842,0.83845,0.75034,0.95098,0.94704,0.89433,0.31977,0.28159,0.78047,0.00921691,0.00921691,0.00921691
793,1247.58,0.46443,0.38731,0.82665,0.81708,0.92801,0.95015,0.89237,0.3156,0.2796,0.78114,0.00921592,0.00921592,0.00921592
794,1249.05,0.46326,0.3778,0.83593,0.81457,0.9158,0.93892,0.88723,0.33609,0.29113,0.78151,0.00921493,0.00921493,0.00921493
795,1250.6,0.47276,0.39182,0.83062,0.8439,0.91308,0.94837,0.89707,0.30981,0.28044,0.78109,0.00921394,0.00921394,0.00921394
796,1252.17,0.46395,0.38404,0.82092,0.83835,0.90956,0.94355,0.89341,0.3117,0.27912,0.78053,0.00921295,0.00921295,0.00921295
797,1253.8,0.46565,0.38154,0.82639,0.8465,0.90548,0.94889,0.89981,0.3318,0.29086,0.78151,0.00921196,0.00921196,0.00921196
798,1255.35,0.46574,0.38479,0.82696,0.87006,0.91766,0.9464,0.89639,0.31555,0.27999,0.7806,0.00921097,0.00921097,0.00921097
799,1256.89,0.45674,0.37463,0.82565,0.8533,0.91069,0.94975,0.89909,0.31475,0.27701,0.78062,0.00920998,0.00920998,0.00920998
800,1258.32,0.45038,0.3681,0.83131,0.8661,0.90068,0.94533,0.89425,0.32741,0.28382,0.78133,0.00920899,0.00920899,0.00920899
801,1259.75,0.4369,0.37114,0.82381,0.8709,0.90893,0.9475,0.90109,0.31172,0.27725,0.7795,0.009208,0.009208,0.009208
802,1261.26,0.4493,0.38446,0.83428,0.86563,0.91524,0.95307,0.90634,0.32283,0.278,0.78203,0.00920701,0.00920701,0.00920701
803,1262.79,0.46736,0.38349,0.83379,0.85848,0.90382,0.95914,0.90651,0.3249,0.28303,0.78215,0.00920602,0.00920602,0.00920602
804,1264.25,0.46524,0.39025,0.82846,0.8407,0.90705,0.95154,0.90336,0.31893,0.28161,0.78202,0.00920503,0.00920503,0.00920503
805,1265.84,0.44898,0.38127,0.82621,0.83615,0.90326,0.94999,0.89952,0.31019,0.2828,0.78024,0.00920404,0.00920404,0.00920404
806,1267.41,0.45893,0.37645,0.82959,0.84192,0.899,0.94332,0.89582,0.3206,0.28646,0.77989,0.00920305,0.00920305,0.00920305
807,1268.99,0.46377,0.38277,0.82709,0.86086,0.90629,0.94614,0.89481,0.3084,0.28422,0.77894,0.00920206,0.00920206,0.00920206
808,1270.56,0.47076,0.38424,0.82402,0.866,0.90555,0.94499,0.8937,0.31075,0.28194,0.78093,0.00920107,0.00920107,0.00920107
809,1272.07,0.46441,0.38576,0.82671,0.87216,0.90574,0.95658,0.90479,0.32164,0.2872,0.78188,0.00920008,0.00920008,0.00920008
810,1273.53,0.45783,0.38291,0.8236,0.8394,0.91177,0.94479,0.89304,0.32144,0.28761,0.78217,0.00919909,0.00919909,0.00919909
811,1275.09,0.47055,0.38913,0.8204,0.85947,0.91907,0.95296,0.90046,0.33319,0.28895,0.78398,0.0091981,0.0091981,0.0091981
812,1276.64,0.44382,0.38353,0.82868,0.84673,0.91431,0.95051,0.89825,0.32203,0.28786,0.78262,0.00919711,0.00919711,0.00919711
813,1278.22,0.4463,0.38057,0.82784,0.87204,0.90938,0.95397,0.90476,0.32135,0.28915,0.78152,0.00919612,0.00919612,0.00919612
814,1279.81,0.45141,0.38148,0.82453,0.87681,0.91718,0.95473,0.89984,0.30593,0.27713,0.78191,0.00919513,0.00919513,0.00919513
815,1281.29,0.43618,0.38587,0.82765,0.87962,0.90874,0.95358,0.89344,0.32908,0.28924,0.78294,0.00919414,0.00919414,0.00919414
816,1282.84,0.43439,0.3771,0.82807,0.88145,0.90628,0.95157,0.89747,0.31711,0.2885,0.78184,0.00919315,0.00919315,0.00919315
817,1284.5,0.43884,0.37622,0.82905,0.87267,0.88679,0.95038,0.89178,0.31334,0.28102,0.78223,0.00919216,0.00919216,0.00919216
818,1286.06,0.44699,0.37625,0.83311,0.85576,0.8916,0.94259,0.88873,0.33081,0.29106,0.78353,0.00919117,0.00919117,0.00919117
819,1287.6,0.42141,0.37689,0.82695,0.86843,0.89694,0.94856,0.89557,0.31079,0.27868,0.78277,0.00919018,0.00919018,0.00919018
820,1289.2,0.44817,0.38622,0.83061,0.82433,0.90982,0.94659,0.89158,0.31936,0.28163,0.78336,0.00918919,0.00918919,0.00918919
821,1290.77,0.43705,0.38352,0.82635,0.83573,0.88679,0.94565,0.88629,0.35873,0.29685,0.78611,0.0091882,0.0091882,0.0091882
822,1292.28,0.44228,0.37857,0.83023,0.83541,0.90872,0.94648,0.8794,0.34745,0.28707,0.78928,0.00918721,0.00918721,0.00918721
823,1293.76,0.44586,0.38114,0.83342,0.80341,0.89266,0.94376,0.86978,0.36825,0.3006,0.79115,0.00918622,0.00918622,0.00918622
824,1295.29,0.46551,0.38499,0.8282,0.82487,0.89643,0.94392,0.87071,0.3843,0.30111,0.79555,0.00918523,0.00918523,0.00918523
825,1296.85,0.44542,0.38941,0.82905,0.84637,0.88257,0.93274,0.84848,0.39692,0.30882,0.80019,0.00918424,0.00918424,0.00918424
826,1298.46,0.47959,0.40207,0.83107,0.81861,0.89994,0.93774,0.85041,0.39868,0.31069,0.79914,0.00918325,0.00918325,0.00918325
827,1300.1,0.43433,0.37597,0.833,0.8226,0.893,0.93825,0.85764,0.40646,0.31106,0.79948,0.00918226,0.00918226,0.00918226
828,1301.73,0.46497,0.39225,0.83617,0.86225,0.90901,0.94826,0.87225,0.39815,0.30637,0.80248,0.00918127,0.00918127,0.00918127
829,1303.28,0.44733,0.36896,0.82799,0.85456,0.90865,0.94784,0.87224,0.41736,0.31014,0.80974,0.00918028,0.00918028,0.00918028
830,1304.79,0.44093,0.38495,0.82981,0.8554,0.91519,0.94419,0.87758,0.42298,0.31142,0.8103,0.00917929,0.00917929,0.00917929
831,1306.37,0.42216,0.37041,0.82306,0.84745,0.90254,0.94121,0.88098,0.36622,0.29424,0.79357,0.0091783,0.0091783,0.0091783
832,1307.88,0.44846,0.38872,0.8309,0.8442,0.89763,0.93677,0.87543,0.35493,0.28375,0.79155,0.00917731,0.00917731,0.00917731
833,1309.43,0.43425,0.3643,0.82398,0.84325,0.90128,0.93302,0.8743,0.38207,0.29533,0.79384,0.00917632,0.00917632,0.00917632
834,1310.94,0.45921,0.39237,0.82956,0.86528,0.89923,0.94201,0.8865,0.35503,0.28641,0.79061,0.00917533,0.00917533,0.00917533
835,1312.53,0.44687,0.37332,0.83318,0.8488,0.90193,0.94668,0.89695,0.3464,0.28534,0.78744,0.00917434,0.00917434,0.00917434
836,1314.23,0.46036,0.37095,0.82257,0.80465,0.89704,0.94582,0.88128,0.3613,0.29327,0.78666,0.00917335,0.00917335,0.00917335
837,1315.81,0.47856,0.38918,0.82188,0.80897,0.93253,0.95181,0.89974,0.32602,0.28077,0.78241,0.00917236,0.00917236,0.00917236
838,1317.31,0.45761,0.38409,0.82655,0.75767,0.94595,0.95392,0.90235,0.32111,0.28206,0.78047,0.00917137,0.00917137,0.00917137
839,1318.75,0.4531,0.38259,0.83149,0.73728,0.95858,0.95446,0.89487,0.33271,0.28395,0.78085,0.00917038,0.00917038,0.00917038
840,1320.26,0.45355,0.37429,0.82653,0.75726,0.96003,0.96087,0.90835,0.31108,0.27961,0.78002,0.00916939,0.00916939,0.00916939
841,1321.75,0.52093,0.40332,0.83721,0.87758,0.86991,0.96177,0.90924,0.31348,0.28127,0.78044,0.0091684,0.0091684,0.0091684
842,1323.23,0.3983,0.36096,0.81891,0.74893,0.96906,0.95771,0.90392,0.32265,0.27926,0.7823,0.00916741,0.00916741,0.00916741
843,1324.69,0.4447,0.37177,0.82911,0.7902,0.95018,0.95903,0.90451,0.31933,0.27767,0.78242,0.00916642,0.00916642,0.00916642
844,1326.3,0.44206,0.37154,0.83079,0.82036,0.91468,0.94323,0.88884,0.32995,0.28413,0.78329,0.00916543,0.00916543,0.00916543
845,1327.8,0.44994,0.36699,0.82926,0.87822,0.90577,0.95969,0.89991,0.31531,0.27679,0.7838,0.00916444,0.00916444,0.00916444
846,1329.44,0.46395,0.3778,0.83641,0.82034,0.89255,0.94282,0.88859,0.32932,0.28435,0.78351,0.00916345,0.00916345,0.00916345
847,1331.06,0.44204,0.37628,0.83006,0.86148,0.90333,0.95347,0.89478,0.32107,0.27891,0.78215,0.00916246,0.00916246,0.00916246
848,1332.56,0.48501,0.38062,0.82692,0.87625,0.90426,0.94939,0.89106,0.32095,0.2789,0.78314,0.00916147,0.00916147,0.00916147
849,1334.14,0.43374,0.36843,0.82519,0.88469,0.89759,0.95813,0.89785,0.32897,0.28135,0.78343,0.00916048,0.00916048,0.00916048
850,1335.61,0.43286,0.37141,0.8293,0.83452,0.89857,0.94724,0.88931,0.32949,0.28019,0.78325,0.00915949,0.00915949,0.00915949
851,1337.09,0.4347,0.35959,0.83016,0.8705,0.89735,0.9475,0.89101,0.30915,0.27315,0.78286,0.0091585,0.0091585,0.0091585
852,1338.64,0.43469,0.36222,0.8229,0.8135,0.91464,0.94445,0.88175,0.34067,0.28471,0.78274,0.00915751,0.00915751,0.00915751
853,1340.26,0.44704,0.38563,0.83769,0.79316,0.93338,0.94648,0.88338,0.32402,0.27859,0.78332,0.00915652,0.00915652,0.00915652
854,1341.74,0.45102,0.3794,0.82811,0.81584,0.92235,0.94963,0.89117,0.30882,0.27388,0.78283,0.00915553,0.00915553,0.00915553
855,1343.39,0.46324,0.384,0.82186,0.8256,0.92447,0.94758,0.88726,0.31025,0.27392,0.78094,0.00915454,0.00915454,0.00915454
856,1345.04,0.4517,0.36957,0.82976,0.82561,0.93232,0.95067,0.89191,0.31247,0.2778,0.78034,0.00915355,0.00915355,0.00915355
857,1346.52,0.45004,0.36991,0.8262,0.85908,0.92049,0.95351,0.89361,0.31451,0.27282,0.78118,0.00915256,0.00915256,0.00915256
858,1348.01,0.4426,0.36282,0.82621,0.8243,0.91998,0.94797,0.88946,0.31983,0.27918,0.7819,0.00915157,0.00915157,0.00915157
859,1349.53,0.44809,0.37218,0.82335,0.82049,0.90613,0.95219,0.89302,0.31554,0.27951,0.7799,0.00915058,0.00915058,0.00915058
860,1351.07,0.43331,0.37053,0.83002,0.8265,0.90915,0.95071,0.89749,0.31414,0.28026,0.78055,0.00914959,0.00914959,0.00914959
861,1352.53,0.43835,0.37654,0.82893,0.83527,0.90132,0.94774,0.89024,0.3163,0.28075,0.78025,0.0091486,0.0091486,0.0091486
862,1354.06,0.44445,0.3787,0.82857,0.8147,0.90577,0.94608,0.88701,0.31876,0.28203,0.78026,0.00914761,0.00914761,0.00914761
863,1355.65,0.46165,0.38072,0.83767,0.82253,0.91304,0.94396,0.88951,0.32116,0.28345,0.78132,0.00914662,0.00914662,0.00914662
864,1357.12,0.44785,0.37819,0.83294,0.79746,0.91216,0.9471,0.89329,0.31548,0.28588,0.78106,0.00914563,0.00914563,0.00914563
865,1358.73,0.41527,0.36826,0.8273,0.79412,0.9127,0.94577,0.88776,0.3339,0.28772,0.78475,0.00914464,0.00914464,0.00914464
866,1360.3,0.46272,0.37898,0.82905,0.79501,0.90218,0.94608,0.8856,0.32453,0.28602,0.78372,0.00914365,0.00914365,0.00914365
867,1361.89,0.44834,0.39032,0.82622,0.79433,0.90343,0.9445,0.8759,0.35142,0.29482,0.78756,0.00914266,0.00914266,0.00914266
868,1363.4,0.44874,0.38665,0.8395,0.77703,0.89279,0.93785,0.86898,0.3668,0.30174,0.79279,0.00914167,0.00914167,0.00914167
869,1364.87,0.4527,0.38027,0.83363,0.7688,0.90073,0.93344,0.87049,0.35103,0.29844,0.79019,0.00914068,0.00914068,0.00914068
870,1366.41,0.45008,0.37861,0.83563,0.77765,0.91146,0.93333,0.86637,0.35783,0.30036,0.79125,0.00913969,0.00913969,0.00913969
871,1367.92,0.45325,0.37378,0.83783,0.8101,0.89603,0.93123,0.86269,0.36656,0.30048,0.79504,0.0091387,0.0091387,0.0091387
872,1369.41,0.4406,0.3748,0.82414,0.7889,0.91677,0.93694,0.87461,0.35464,0.29814,0.79196,0.00913771,0.00913771,0.00913771
873,1370.9,0.45149,0.37497,0.82932,0.7934,0.91357,0.93758,0.87296,0.38691,0.30561,0.79661,0.00913672,0.00913672,0.00913672
874,1372.48,0.43295,0.37587,0.823,0.79703,0.92938,0.94569,0.88384,0.37,0.2994,0.79122,0.00913573,0.00913573,0.00913573
875,1374.09,0.44634,0.37231,0.83001,0.83513,0.92277,0.94048,0.88879,0.33884,0.28742,0.78552,0.00913474,0.00913474,0.00913474
876,1375.59,0.46037,0.3816,0.82672,0.80414,0.91143,0.92931,0.87482,0.34355,0.2879,0.78544,0.00913375,0.00913375,0.00913375
877,1377.11,0.44779,0.37501,0.82647,0.80553,0.91854,0.93883,0.88475,0.33165,0.28168,0.78373,0.00913276,0.00913276,0.00913276
878,1378.56,0.46314,0.3772,0.83341,0.81107,0.91345,0.93631,0.88659,0.31179,0.27777,0.78131,0.00913177,0.00913177,0.00913177
879,1380.11,0.4341,0.36624,0.82712,0.8448,0.92038,0.94367,0.89609,0.31909,0.27503,0.78191,0.00913078,0.00913078,0.00913078
880,1381.63,0.4611,0.38351,0.83105,0.80874,0.91537,0.94373,0.89429,0.30559,0.27224,0.77927,0.00912979,0.00912979,0.00912979
881,1383.18,0.46688,0.3889,0.84148,0.82644,0.90189,0.94585,0.90109,0.30236,0.27177,0.78011,0.0091288,0.0091288,0.0091288
882,1384.68,0.44408,0.38002,0.82558,0.8368,0.9003,0.94474,0.89047,0.30681,0.27459,0.77986,0.00912781,0.00912781,0.00912781
883,1386.22,0.47403,0.39137,0.83817,0.84756,0.9209,0.94953,0.89748,0.30419,0.26948,0.78019,0.00912682,0.00912682,0.00912682
884,1387.69,0.44005,0.36683,0.82656,0.79296,0.94713,0.94744,0.89942,0.31066,0.27273,0.78035,0.00912583,0.00912583,0.00912583
885,1389.29,0.45574,0.36452,0.83631,0.85953,0.91092,0.94784,0.90078,0.29574,0.26843,0.78012,0.00912484,0.00912484,0.00912484
886,1390.85,0.45642,0.36432,0.82365,0.86657,0.9128,0.9492,0.8989,0.30146,0.27134,0.78022,0.00912385,0.00912385,0.00912385
887,1392.38,0.4433,0.37269,0.82946,0.87753,0.915,0.9557,0.90536,0.29907,0.26637,0.77904,0.00912286,0.00912286,0.00912286
888,1393.86,0.44716,0.36983,0.83008,0.85711,0.92164,0.9559,0.90591,0.29603,0.26564,0.77914,0.00912187,0.00912187,0.00912187
889,1395.46,0.4354,0.37037,0.82172,0.85091,0.90717,0.94602,0.8949,0.29565,0.26755,0.77758,0.00912088,0.00912088,0.00912088
890,1396.98,0.43108,0.3615,0.82733,0.88172,0.90822,0.95967,0.91068,0.30199,0.26706,0.77807,0.00911989,0.00911989,0.00911989
891,1398.59,0.43101,0.36274,0.81831,0.86626,0.91176,0.95305,0.90237,0.29833,0.26666,0.77707,0.0091189,0.0091189,0.0091189
892,1400.09,0.46127,0.37146,0.83582,0.86835,0.92005,0.95506,0.90686,0.29449,0.26926,0.77613,0.00911791,0.00911791,0.00911791
893,1401.62,0.42115,0.35722,0.82373,0.88018,0.91449,0.95763,0.91025,0.30696,0.27416,0.77639,0.00911692,0.00911692,0.00911692
894,1403.15,0.44039,0.36579,0.82219,0.8725,0.91752,0.96037,0.91249,0.29514,0.27041,0.77734,0.00911593,0.00911593,0.00911593
895,1404.8,0.42317,0.36474,0.82209,0.86677,0.91766,0.96281,0.9142,0.29929,0.27036,0.77797,0.00911494,0.00911494,0.00911494
896,1406.37,0.44551,0.3714,0.83231,0.8621,0.92191,0.95995,0.90793,0.31752,0.27695,0.7779,0.00911395,0.00911395,0.00911395
897,1407.95,0.43571,0.36574,0.8224,0.86586,0.92555,0.9638,0.91088,0.30232,0.27076,0.77838,0.00911296,0.00911296,0.00911296
898,1409.46,0.4315,0.3622,0.82263,0.85115,0.9244,0.95743,0.90621,0.30268,0.2733,0.77862,0.00911197,0.00911197,0.00911197
899,1411.07,0.44776,0.37429,0.82538,0.84891,0.92271,0.95913,0.90918,0.31345,0.27345,0.77753,0.00911098,0.00911098,0.00911098
900,1412.56,0.45853,0.37259,0.83893,0.84865,0.91376,0.95698,0.89665,0.30587,0.2723,0.77886,0.00910999,0.00910999,0.00910999
901,1414.07,0.44311,0.36704,0.82169,0.86636,0.91264,0.95287,0.89618,0.31372,0.27062,0.77976,0.009109,0.009109,0.009109
902,1415.62,0.43266,0.35755,0.82535,0.86368,0.91168,0.95985,0.90687,0.30727,0.26889,0.77698,0.00910801,0.00910801,0.00910801
903,1417.09,0.42961,0.36012,0.81953,0.86239,0.91084,0.95982,0.9085,0.29959,0.26734,0.77891,0.00910702,0.00910702,0.00910702
904,1418.69,0.45677,0.39453,0.83078,0.86454,0.91385,0.95649,0.9096,0.28931,0.2622,0.77793,0.00910603,0.00910603,0.00910603
905,1420.31,0.42419,0.36007,0.82083,0.82633,0.93237,0.95741,0.90925,0.30714,0.26652,0.77776,0.00910504,0.00910504,0.00910504
906,1421.8,0.4273,0.37252,0.82967,0.84603,0.9203,0.95123,0.90556,0.29669,0.26818,0.77773,0.00910405,0.00910405,0.00910405
907,1423.36,0.42266,0.373,0.82692,0.82718,0.92031,0.94804,0.90313,0.29663,0.26723,0.77797,0.00910306,0.00910306,0.00910306
908,1424.83,0.41226,0.37399,0.82035,0.82086,0.92082,0.94224,0.89016,0.31778,0.27419,0.77922,0.00910207,0.00910207,0.00910207
909,1426.36,0.42607,0.37582,0.81314,0.84149,0.9121,0.94722,0.89968,0.30794,0.27504,0.77862,0.00910108,0.00910108,0.00910108
910,1427.86,0.43886,0.37497,0.82153,0.86505,0.90845,0.95668,0.9081,0.30367,0.27977,0.77771,0.00910009,0.00910009,0.00910009
911,1429.4,0.43754,0.37452,0.82214,0.87033,0.92334,0.95562,0.90823,0.30324,0.2751,0.77794,0.0090991,0.0090991,0.0090991
912,1430.91,0.43966,0.36967,0.8157,0.85425,0.91594,0.95426,0.90639,0.29679,0.27559,0.77811,0.00909811,0.00909811,0.00909811
913,1432.43,0.41739,0.36697,0.82067,0.85022,0.90044,0.95016,0.89631,0.29369,0.27383,0.77841,0.00909712,0.00909712,0.00909712
914,1434.03,0.42867,0.37401,0.82601,0.86499,0.90675,0.95369,0.90324,0.29757,0.27393,0.7785,0.00909613,0.00909613,0.00909613
915,1435.63,0.41911,0.36157,0.82929,0.84834,0.88962,0.946,0.89303,0.2936,0.26968,0.77896,0.00909514,0.00909514,0.00909514
916,1437.11,0.42393,0.35457,0.8263,0.84373,0.914,0.94886,0.89778,0.28922,0.26567,0.77838,0.00909415,0.00909415,0.00909415
917,1438.67,0.43259,0.36785,0.82546,0.86255,0.91984,0.95757,0.90733,0.29009,0.26421,0.77843,0.00909316,0.00909316,0.00909316
918,1440.15,0.42967,0.36106,0.82054,0.84352,0.91055,0.94882,0.89743,0.2944,0.26472,0.77747,0.00909217,0.00909217,0.00909217
919,1441.68,0.43899,0.36272,0.82746,0.83078,0.92201,0.9548,0.90232,0.29638,0.26305,0.77749,0.00909118,0.00909118,0.00909118
920,1443.13,0.42373,0.36351,0.82428,0.85253,0.92857,0.96136,0.90534,0.28638,0.25718,0.77811,0.00909019,0.00909019,0.00909019
921,1444.64,0.43861,0.35831,0.82282,0.83605,0.92286,0.95675,0.9052,0.30126,0.26414,0.77842,0.0090892,0.0090892,0.0090892
922,1446.13,0.46082,0.37547,0.81632,0.86757,0.92609,0.95902,0.90355,0.29981,0.26557,0.77827,0.00908821,0.00908821,0.00908821
923,1447.63,0.45095,0.36383,0.81825,0.87691,0.92504,0.96404,0.91286,0.29321,0.25987,0.77765,0.00908722,0.00908722,0.00908722
924,1449.21,0.42577,0.3554,0.81777,0.85821,0.92322,0.95901,0.90883,0.29648,0.26069,0.77733,0.00908623,0.00908623,0.00908623
925,1450.74,0.43284,0.3525,0.83149,0.8503,0.9257,0.96454,0.91612,0.29661,0.25832,0.77674,0.00908524,0.00908524,0.00908524
926,1452.28,0.43669,0.3611,0.82243,0.84951,0.92758,0.96721,0.91701,0.28272,0.25643,0.77647,0.00908425,0.00908425,0.00908425
927,1453.71,0.42901,0.36934,0.82473,0.87043,0.92941,0.96403,0.91714,0.28522,0.25897,0.77515,0.00908326,0.00908326,0.00908326
928,1455.25,0.42284,0.35347,0.82154,0.86435,0.92201,0.96698,0.9168,0.28347,0.25736,0.77572,0.00908227,0.00908227,0.00908227
929,1456.73,0.45062,0.35959,0.82559,0.86361,0.92107,0.96266,0.91071,0.28572,0.26018,0.77539,0.00908128,0.00908128,0.00908128
930,1458.22,0.44992,0.36404,0.82137,0.86811,0.92481,0.96229,0.90962,0.28504,0.259,0.77533,0.00908029,0.00908029,0.00908029
931,1459.77,0.43416,0.36532,0.82675,0.84986,0.92181,0.95932,0.90683,0.29565,0.2678,0.77551,0.0090793,0.0090793,0.0090793
932,1461.2,0.4513,0.35937,0.82625,0.87535,0.91987,0.95745,0.9113,0.27395,0.26199,0.77407,0.00907831,0.00907831,0.00907831
933,1462.71,0.43283,0.36472,0.82299,0.87698,0.91478,0.95355,0.90447,0.28349,0.26235,0.77443,0.00907732,0.00907732,0.00907732
934,1464.22,0.41941,0.35569,0.82163,0.86833,0.90874,0.95184,0.91017,0.27232,0.25412,0.77426,0.00907633,0.00907633,0.00907633
935,1465.8,0.44115,0.35903,0.82058,0.86337,0.91144,0.94874,0.90162,0.2753,0.2561,0.7748,0.00907534,0.00907534,0.00907534
936,1467.37,0.42222,0.35084,0.81947,0.86238,0.90971,0.95026,0.90988,0.2704,0.25491,0.77431,0.00907435,0.00907435,0.00907435
937,1468.87,0.4441,0.3586,0.82616,0.88738,0.91088,0.95656,0.91586,0.27105,0.25331,0.77383,0.00907336,0.00907336,0.00907336
938,1470.41,0.43476,0.35941,0.8188,0.86302,0.9141,0.9523,0.90308,0.28591,0.25865,0.77516,0.00907237,0.00907237,0.00907237
939,1471.91,0.42524,0.35125,0.83344,0.87457,0.91368,0.95265,0.90924,0.27348,0.25383,0.77463,0.00907138,0.00907138,0.00907138
940,1473.46,0.42555,0.34678,0.824,0.86886,0.91208,0.9518,0.91176,0.2744,0.25416,0.77269,0.00907039,0.00907039,0.00907039
941,1474.95,0.43083,0.3587,0.82634,0.86668,0.90814,0.95189,0.90273,0.28604,0.25761,0.77475,0.0090694,0.0090694,0.0090694
942,1476.4,0.43523,0.35293,0.81998,0.87022,0.90793,0.9524,0.90526,0.28249,0.25402,0.77303,0.00906841,0.00906841,0.00906841
943,1477.87,0.42072,0.36378,0.8248,0.8578,0.90415,0.94807,0.89888,0.2909,0.26087,0.77372,0.00906742,0.00906742,0.00906742
944,1479.39,0.44241,0.35887,0.82259,0.8586,0.89738,0.94354,0.89778,0.27307,0.25378,0.77428,0.00906643,0.00906643,0.00906643
945,1480.98,0.41461,0.34928,0.82253,0.8738,0.89754,0.94676,0.89968,0.28436,0.25725,0.77382,0.00906544,0.00906544,0.00906544
946,1482.5,0.43205,0.35787,0.81868,0.8695,0.89589,0.95118,0.89955,0.28333,0.25724,0.77401,0.00906445,0.00906445,0.00906445
947,1483.99,0.42697,0.36195,0.83024,0.88515,0.90114,0.95786,0.90385,0.28403,0.25877,0.77512,0.00906346,0.00906346,0.00906346
948,1485.48,0.43403,0.37023,0.81808,0.86151,0.90519,0.95002,0.89318,0.29511,0.26151,0.77594,0.00906247,0.00906247,0.00906247
949,1487.05,0.42977,0.359,0.81981,0.85136,0.90808,0.94794,0.89065,0.29924,0.26525,0.77618,0.00906148,0.00906148,0.00906148
950,1488.51,0.42615,0.35605,0.82383,0.8381,0.91291,0.95291,0.8958,0.29453,0.2666,0.77548,0.00906049,0.00906049,0.00906049
951,1490.05,0.41848,0.35121,0.82824,0.85325,0.9075,0.95485,0.89772,0.29161,0.26713,0.77481,0.0090595,0.0090595,0.0090595
952,1491.56,0.44501,0.35879,0.82674,0.85726,0.90182,0.95048,0.89692,0.29478,0.26857,0.77536,0.00905851,0.00905851,0.00905851
953,1493.08,0.42137,0.34325,0.82794,0.86541,0.90925,0.95536,0.90607,0.29089,0.26775,0.77529,0.00905752,0.00905752,0.00905752
954,1494.75,0.43327,0.35936,0.82553,0.87156,0.91182,0.95544,0.90432,0.29289,0.26765,0.77493,0.00905653,0.00905653,0.00905653
955,1496.42,0.43545,0.35922,0.82778,0.86942,0.90303,0.96174,0.91014,0.28979,0.26457,0.77486,0.00905554,0.00905554,0.00905554
956,1497.92,0.41419,0.34373,0.81815,0.85319,0.91995,0.95358,0.90492,0.29097,0.26341,0.77476,0.00905455,0.00905455,0.00905455
957,1499.38,0.4457,0.35794,0.8279,0.836,0.93118,0.95507,0.90852,0.28264,0.25968,0.77412,0.00905356,0.00905356,0.00905356
958,1500.98,0.43499,0.36274,0.81608,0.8481,0.93004,0.94611,0.90295,0.2837,0.25901,0.77429,0.00905257,0.00905257,0.00905257
959,1502.41,0.4476,0.36665,0.81869,0.83458,0.91622,0.94372,0.89885,0.29035,0.25973,0.77572,0.00905158,0.00905158,0.00905158
960,1503.94,0.38866,0.33989,0.82684,0.86921,0.9143,0.95601,0.91311,0.28422,0.25813,0.77434,0.00905059,0.00905059,0.00905059
961,1505.46,0.43288,0.36347,0.82141,0.87035,0.9181,0.94806,0.90082,0.27996,0.25406,0.77368,0.0090496,0.0090496,0.0090496
962,1506.98,0.40232,0.35224,0.82086,0.85577,0.91114,0.94627,0.89767,0.29502,0.25816,0.77386,0.00904861,0.00904861,0.00904861
963,1508.44,0.42718,0.35676,0.81256,0.85821,0.90672,0.94838,0.90347,0.28028,0.25392,0.77339,0.00904762,0.00904762,0.00904762
964,1510.06,0.44358,0.37016,0.82342,0.80946,0.92566,0.94633,0.89286,0.29263,0.26331,0.77496,0.00904663,0.00904663,0.00904663
965,1511.62,0.41555,0.35898,0.822,0.84844,0.91991,0.94913,0.90138,0.28841,0.25723,0.77459,0.00904564,0.00904564,0.00904564
966,1513.17,0.43122,0.36967,0.82826,0.86025,0.91033,0.96057,0.91112,0.2875,0.25825,0.7751,0.00904465,0.00904465,0.00904465
967,1514.69,0.41348,0.35526,0.81441,0.84134,0.94063,0.95814,0.9043,0.29481,0.25902,0.77735,0.00904366,0.00904366,0.00904366
968,1516.14,0.43552,0.35439,0.82634,0.85242,0.94171,0.96016,0.90772,0.28601,0.25707,0.775,0.00904267,0.00904267,0.00904267
969,1517.69,0.44263,0.3615,0.83441,0.78557,0.95109,0.95594,0.90422,0.29091,0.26076,0.77599,0.00904168,0.00904168,0.00904168
970,1519.19,0.42037,0.35238,0.8216,0.84819,0.93271,0.95928,0.90354,0.28713,0.25727,0.77642,0.00904069,0.00904069,0.00904069
971,1520.63,0.43582,0.35958,0.82935,0.82097,0.9375,0.961,0.90842,0.284,0.25713,0.77471,0.0090397,0.0090397,0.0090397
972,1522.22,0.41444,0.35201,0.81893,0.83906,0.92702,0.95318,0.89886,0.28641,0.25956,0.77554,0.00903871,0.00903871,0.00903871
973,1523.8,0.43245,0.3538,0.82781,0.87012,0.93086,0.95987,0.90488,0.29124,0.25707,0.77486,0.00903772,0.00903772,0.00903772
974,1525.38,0.41751,0.35687,0.81874,0.84983,0.93777,0.95788,0.90186,0.2845,0.25846,0.77409,0.00903673,0.00903673,0.00903673
975,1526.98,0.42935,0.36285,0.82431,0.8571,0.94196,0.96171,0.90733,0.28371,0.25691,0.77471,0.00903574,0.00903574,0.00903574
976,1528.51,0.45274,0.37438,0.82127,0.89412,0.93041,0.96413,0.90973,0.28335,0.25337,0.77551,0.00903475,0.00903475,0.00903475
977,1530,0.41787,0.34954,0.82149,0.86748,0.92224,0.95503,0.9012,0.29417,0.25909,0.77478,0.00903376,0.00903376,0.00903376
978,1531.46,0.44259,0.37214,0.81955,0.89052,0.93096,0.95841,0.91237,0.28464,0.25604,0.77459,0.00903277,0.00903277,0.00903277
979,1533.02,0.40901,0.36103,0.82294,0.8751,0.92084,0.95539,0.90612,0.29424,0.25939,0.77517,0.00903178,0.00903178,0.00903178
980,1534.56,0.41695,0.35501,0.82735,0.85333,0.91732,0.94998,0.90054,0.28526,0.25621,0.77331,0.00903079,0.00903079,0.00903079
981,1536.06,0.42111,0.35847,0.81602,0.84354,0.9299,0.95709,0.90795,0.29318,0.25905,0.77475,0.0090298,0.0090298,0.0090298
982,1537.56,0.38524,0.34641,0.82291,0.85128,0.92079,0.95378,0.90526,0.30825,0.26404,0.77704,0.00902881,0.00902881,0.00902881
983,1539.14,0.44881,0.37444,0.83309,0.83003,0.92356,0.95431,0.90635,0.28162,0.25433,0.77413,0.00902782,0.00902782,0.00902782
984,1540.7,0.43374,0.36099,0.83203,0.85503,0.92994,0.95508,0.9075,0.30354,0.26042,0.77778,0.00902683,0.00902683,0.00902683
985,1542.21,0.41326,0.3544,0.81795,0.86325,0.92425,0.96056,0.91272,0.30561,0.26272,0.77841,0.00902584,0.00902584,0.00902584
986,1543.73,0.42258,0.35575,0.82436,0.8523,0.9339,0.96203,0.91209,0.29557,0.25999,0.77642,0.00902485,0.00902485,0.00902485
987,1545.27,0.43139,0.35868,0.83142,0.86642,0.92531,0.95859,0.91224,0.29683,0.25978,0.77732,0.00902386,0.00902386,0.00902386
988,1546.85,0.44021,0.36008,0.82709,0.80619,0.95522,0.9628,0.90943,0.30185,0.26117,0.77864,0.00902287,0.00902287,0.00902287
989,1548.34,0.41134,0.35511,0.82905,0.83927,0.89856,0.95115,0.90363,0.31078,0.26939,0.77798,0.00902188,0.00902188,0.00902188
990,1549.83,0.40654,0.35331,0.81571,0.86419,0.87988,0.95472,0.90344,0.30321,0.26158,0.77924,0.00902089,0.00902089,0.00902089
991,1551.49,0.43004,0.36712,0.82115,0.86902,0.88759,0.95468,0.89606,0.31296,0.26566,0.78091,0.0090199,0.0090199,0.0090199
992,1552.99,0.42989,0.36252,0.83313,0.89026,0.88597,0.9215,0.86609,0.31234,0.2733,0.78104,0.00901891,0.00901891,0.00901891
993,1554.6,0.42977,0.36715,0.82487,0.86838,0.87202,0.91394,0.84549,0.35386,0.28857,0.78744,0.00901792,0.00901792,0.00901792
994,1556.18,0.40385,0.35263,0.82383,0.80926,0.8974,0.91517,0.84177,0.37654,0.29581,0.79581,0.00901693,0.00901693,0.00901693
995,1557.68,0.4335,0.36264,0.82206,0.79372,0.91642,0.92087,0.84706,0.37244,0.29839,0.79642,0.00901594,0.00901594,0.00901594
996,1559.23,0.43253,0.36487,0.82549,0.73646,0.93998,0.91137,0.83688,0.38099,0.30041,0.79623,0.00901495,0.00901495,0.00901495
997,1560.76,0.41588,0.35056,0.81935,0.78358,0.87327,0.91263,0.83983,0.36392,0.29349,0.79298,0.00901396,0.00901396,0.00901396
998,1562.28,0.42257,0.35715,0.82603,0.77021,0.92767,0.92181,0.85364,0.36153,0.29058,0.79106,0.00901297,0.00901297,0.00901297
999,1563.77,0.43317,0.36546,0.82146,0.78141,0.93228,0.9198,0.85263,0.34409,0.28494,0.78787,0.00901198,0.00901198,0.00901198
1000,1565.27,0.42564,0.35506,0.82105,0.85039,0.89538,0.92266,0.86768,0.33401,0.2826,0.78501,0.00901099,0.00901099,0.00901099
1001,1566.77,0.41345,0.35492,0.82616,0.8713,0.89325,0.95839,0.90268,0.32204,0.27379,0.78225,0.00901,0.00901,0.00901
1002,1568.31,0.42255,0.34798,0.81218,0.87779,0.89734,0.95645,0.90258,0.30728,0.26714,0.77803,0.00900901,0.00900901,0.00900901
1003,1569.82,0.41632,0.35107,0.82089,0.86095,0.92032,0.95667,0.91039,0.2922,0.26392,0.77565,0.00900802,0.00900802,0.00900802
1004,1571.42,0.41443,0.34709,0.8231,0.8433,0.91449,0.95379,0.90815,0.29212,0.26289,0.77456,0.00900703,0.00900703,0.00900703
1005,1572.86,0.4136,0.33944,0.82938,0.87533,0.91879,0.9572,0.91228,0.28427,0.25792,0.77359,0.00900604,0.00900604,0.00900604
1006,1574.43,0.42414,0.35492,0.82101,0.85577,0.89625,0.95164,0.91058,0.28548,0.26141,0.77394,0.00900505,0.00900505,0.00900505
1007,1575.99,0.44552,0.3633,0.81596,0.84905,0.89441,0.94397,0.9041,0.28884,0.26519,0.77502,0.00900406,0.00900406,0.00900406
1008,1577.45,0.4215,0.34827,0.827,0.84537,0.9015,0.93877,0.89611,0.28415,0.26248,0.77455,0.00900307,0.00900307,0.00900307
1009,1579.08,0.44816,0.36391,0.82529,0.84577,0.89847,0.94325,0.89643,0.2812,0.26137,0.77456,0.00900208,0.00900208,0.00900208
1010,1580.57,0.42648,0.35489,0.82829,0.84084,0.90019,0.93743,0.88876,0.30951,0.26996,0.77703,0.00900109,0.00900109,0.00900109
1011,1582.04,0.41228,0.35183,0.8148,0.8362,0.89513,0.94107,0.89574,0.27967,0.26094,0.77369,0.0090001,0.0090001,0.0090001
1012,1583.57,0.4306,0.36257,0.80983,0.84249,0.919,0.94087,0.89808,0.27577,0.25495,0.77337,0.00899911,0.00899911,0.00899911
1013,1585.18,0.43862,0.36061,0.82139,0.86109,0.91387,0.94898,0.90204,0.28245,0.25604,0.77405,0.00899812,0.00899812,0.00899812
1014,1586.73,0.44011,0.3546,0.81937,0.85955,0.92086,0.94808,0.90148,0.28601,0.25671,0.77396,0.00899713,0.00899713,0.00899713
1015,1588.22,0.41887,0.34225,0.82828,0.85336,0.92587,0.94896,0.90078,0.29648,0.26008,0.7754,0.00899614,0.00899614,0.00899614
1016,1589.63,0.44184,0.35656,0.82753,0.86499,0.92229,0.95426,0.91076,0.27345,0.25389,0.77342,0.00899515,0.00899515,0.00899515
1017,1591.16,0.40746,0.34561,0.82438,0.85516,0.91617,0.94606,0.89732,0.29118,0.25733,0.77544,0.00899416,0.00899416,0.00899416
1018,1592.64,0.42784,0.34939,0.82189,0.84321,0.91263,0.95481,0.90585,0.28556,0.25648,0.77458,0.00899317,0.00899317,0.00899317
1019,1594.22,0.41615,0.33741,0.82245,0.84499,0.90776,0.94794,0.89984,0.2902,0.25702,0.77456,0.00899218,0.00899218,0.00899218
1020,1595.71,0.42247,0.35331,0.81384,0.85165,0.91116,0.95424,0.90995,0.28258,0.25463,0.77462,0.00899119,0.00899119,0.00899119
1021,1597.29,0.44908,0.36615,0.82022,0.84887,0.91419,0.95221,0.90324,0.28682,0.25475,0.77669,0.0089902,0.0089902,0.0089902
1022,1598.82,0.42248,0.35543,0.81852,0.85985,0.93126,0.95117,0.90755,0.28171,0.25501,0.77498,0.00898921,0.00898921,0.00898921
1023,1600.41,0.42653,0.34559,0.83676,0.83604,0.94017,0.95276,0.90669,0.29004,0.25831,0.77629,0.00898822,0.00898822,0.00898822
1024,1602.05,0.43602,0.36283,0.82887,0.83618,0.9381,0.95293,0.90083,0.28217,0.25407,0.77539,0.00898723,0.00898723,0.00898723
1025,1603.54,0.40617,0.34091,0.82025,0.8473,0.92926,0.95251,0.90053,0.28525,0.25792,0.7752,0.00898624,0.00898624,0.00898624
1026,1605.05,0.42346,0.35044,0.82086,0.88002,0.92803,0.95954,0.91109,0.27746,0.25569,0.77512,0.00898525,0.00898525,0.00898525
1027,1606.56,0.42981,0.35527,0.82483,0.89157,0.92907,0.96389,0.91533,0.2776,0.25392,0.77515,0.00898426,0.00898426,0.00898426
1028,1608.02,0.4255,0.3475,0.82214,0.88593,0.93057,0.96202,0.91317,0.28647,0.25384,0.77538,0.00898327,0.00898327,0.00898327
1029,1609.59,0.41919,0.3521,0.82869,0.88594,0.9308,0.96086,0.91204,0.2729,0.25019,0.77382,0.00898228,0.00898228,0.00898228
1030,1611.17,0.40458,0.34216,0.82136,0.86874,0.91684,0.95328,0.90341,0.27572,0.25149,0.773,0.00898129,0.00898129,0.00898129
1031,1612.71,0.40403,0.34315,0.82198,0.8703,0.92277,0.95298,0.9064,0.28662,0.25211,0.7745,0.0089803,0.0089803,0.0089803
1032,1614.2,0.40942,0.34285,0.81444,0.86957,0.91218,0.95517,0.90313,0.27777,0.25045,0.77429,0.00897931,0.00897931,0.00897931
1033,1615.8,0.42818,0.35274,0.82823,0.88316,0.91217,0.95555,0.90811,0.2786,0.25609,0.77497,0.00897832,0.00897832,0.00897832
1034,1617.27,0.43639,0.35536,0.82174,0.87382,0.92555,0.96084,0.90587,0.28288,0.25634,0.7756,0.00897733,0.00897733,0.00897733
1035,1618.77,0.40165,0.3398,0.81483,0.87517,0.92232,0.96244,0.90827,0.29189,0.2593,0.77594,0.00897634,0.00897634,0.00897634
1036,1620.32,0.42552,0.34935,0.82545,0.8921,0.93398,0.96332,0.90667,0.28272,0.25307,0.77563,0.00897535,0.00897535,0.00897535
1037,1621.83,0.39175,0.33615,0.82442,0.87254,0.92805,0.96373,0.91142,0.28953,0.25528,0.7766,0.00897436,0.00897436,0.00897436
1038,1623.38,0.41156,0.34236,0.8194,0.88819,0.93258,0.96076,0.91347,0.27652,0.25065,0.77454,0.00897337,0.00897337,0.00897337
1039,1624.87,0.43022,0.35553,0.82467,0.8853,0.9025,0.9567,0.91164,0.26921,0.25009,0.77276,0.00897238,0.00897238,0.00897238
1040,1626.35,0.39417,0.34933,0.81541,0.87736,0.89887,0.95026,0.90718,0.2773,0.25425,0.77254,0.00897139,0.00897139,0.00897139
1041,1627.79,0.4183,0.34421,0.82153,0.86969,0.90718,0.95995,0.91344,0.26491,0.24893,0.77166,0.0089704,0.0089704,0.0089704
1042,1629.43,0.40386,0.33602,0.80983,0.88405,0.93302,0.96442,0.91273,0.27315,0.24846,0.7723,0.00896941,0.00896941,0.00896941
1043,1630.98,0.42161,0.34967,0.81454,0.88944,0.93432,0.9649,0.91663,0.26706,0.24723,0.77209,0.00896842,0.00896842,0.00896842
1044,1632.52,0.41791,0.34293,0.81991,0.86561,0.93776,0.96409,0.91689,0.27281,0.25064,0.77194,0.00896743,0.00896743,0.00896743
1045,1634.03,0.39954,0.34079,0.81691,0.86481,0.94443,0.95917,0.91373,0.26822,0.24656,0.77146,0.00896644,0.00896644,0.00896644
1046,1635.6,0.41313,0.35294,0.82202,0.8425,0.94888,0.95429,0.90249,0.27768,0.24971,0.77257,0.00896545,0.00896545,0.00896545
1047,1637.15,0.40282,0.33984,0.83152,0.86854,0.94117,0.96312,0.91704,0.26633,0.24445,0.77183,0.00896446,0.00896446,0.00896446
1048,1638.7,0.40588,0.33895,0.82103,0.80203,0.94876,0.95516,0.90612,0.27411,0.24586,0.77136,0.00896347,0.00896347,0.00896347
1049,1640.22,0.4331,0.3592,0.8212,0.82511,0.93621,0.95987,0.90966,0.26852,0.24368,0.77176,0.00896248,0.00896248,0.00896248
1050,1641.74,0.42264,0.34936,0.82128,0.81836,0.93182,0.95468,0.90642,0.27597,0.25029,0.77121,0.00896149,0.00896149,0.00896149
1051,1643.25,0.43467,0.36199,0.83777,0.84822,0.92654,0.95556,0.9069,0.27491,0.25079,0.77181,0.0089605,0.0089605,0.0089605
1052,1644.82,0.40707,0.34216,0.82256,0.82507,0.93089,0.94816,0.89752,0.28476,0.2521,0.77395,0.00895951,0.00895951,0.00895951
1053,1646.39,0.41417,0.3472,0.82359,0.84073,0.92956,0.95731,0.91296,0.27455,0.25147,0.77213,0.00895852,0.00895852,0.00895852
1054,1647.9,0.4131,0.35843,0.82171,0.84299,0.92554,0.95759,0.91229,0.27654,0.25041,0.77286,0.00895753,0.00895753,0.00895753
1055,1649.47,0.42822,0.36257,0.81789,0.84964,0.92495,0.95676,0.90449,0.28335,0.2546,0.77504,0.00895654,0.00895654,0.00895654
1056,1650.95,0.42509,0.36246,0.83009,0.83401,0.92409,0.95461,0.90911,0.2806,0.25304,0.77368,0.00895555,0.00895555,0.00895555
1057,1652.44,0.42344,0.36002,0.82823,0.86753,0.93148,0.96005,0.91377,0.28715,0.25685,0.77548,0.00895456,0.00895456,0.00895456
1058,1653.99,0.43251,0.35477,0.81605,0.86451,0.92948,0.96421,0.91506,0.28207,0.25226,0.77652,0.00895357,0.00895357,0.00895357
1059,1655.49,0.41908,0.3518,0.82217,0.87264,0.93081,0.9578,0.90759,0.28537,0.25667,0.7749,0.00895258,0.00895258,0.00895258
1060,1657.02,0.42965,0.3617,0.82259,0.84189,0.9417,0.95853,0.9099,0.27399,0.25399,0.77397,0.00895159,0.00895159,0.00895159
1061,1658.52,0.40647,0.34829,0.81433,0.83852,0.94804,0.95761,0.9051,0.28694,0.25802,0.77508,0.0089506,0.0089506,0.0089506
1062,1660.11,0.42582,0.35953,0.82218,0.86428,0.94448,0.95853,0.91091,0.27345,0.2536,0.77414,0.00894961,0.00894961,0.00894961
1063,1661.8,0.42879,0.35241,0.82186,0.86438,0.94737,0.95782,0.91396,0.27717,0.25114,0.77456,0.00894862,0.00894862,0.00894862
1064,1663.3,0.41061,0.34129,0.80955,0.85836,0.94234,0.95823,0.9042,0.29619,0.25751,0.77619,0.00894763,0.00894763,0.00894763
1065,1664.78,0.4269,0.35061,0.81758,0.87507,0.93341,0.95481,0.90412,0.28372,0.25121,0.77392,0.00894664,0.00894664,0.00894664
1066,1666.31,0.41337,0.34883,0.82153,0.86452,0.92808,0.95636,0.9076,0.29732,0.25663,0.77353,0.00894565,0.00894565,0.00894565
1067,1667.89,0.4406,0.36717,0.81589,0.84681,0.93129,0.95624,0.91022,0.28941,0.25371,0.77432,0.00894466,0.00894466,0.00894466
1068,1669.41,0.4293,0.35173,0.82429,0.86675,0.9255,0.95219,0.90456,0.29836,0.25912,0.77326,0.00894367,0.00894367,0.00894367
1069,1670.99,0.40888,0.33863,0.81948,0.84969,0.93537,0.95837,0.90968,0.28822,0.25475,0.77362,0.00894268,0.00894268,0.00894268
1070,1672.52,0.41032,0.35397,0.8199,0.84216,0.94026,0.95736,0.90853,0.27725,0.25011,0.77445,0.00894169,0.00894169,0.00894169
1071,1674.03,0.4086,0.35056,0.81666,0.81462,0.94459,0.96007,0.91122,0.27679,0.24873,0.77237,0.0089407,0.0089407,0.0089407
1072,1675.64,0.41158,0.3522,0.81086,0.8399,0.94691,0.95748,0.9121,0.27364,0.24763,0.77285,0.00893971,0.00893971,0.00893971
1073,1677.15,0.40781,0.35351,0.81979,0.83871,0.93905,0.95292,0.90481,0.28961,0.25818,0.77416,0.00893872,0.00893872,0.00893872
1074,1678.69,0.41336,0.35191,0.82424,0.84436,0.93498,0.95244,0.90707,0.27929,0.24818,0.77328,0.00893773,0.00893773,0.00893773
1075,1680.29,0.39989,0.34717,0.82658,0.80426,0.91226,0.95119,0.89391,0.28004,0.25256,0.77398,0.00893674,0.00893674,0.00893674
1076,1681.77,0.42387,0.36324,0.8283,0.805,0.91197,0.95138,0.88928,0.27253,0.24981,0.77506,0.00893575,0.00893575,0.00893575
1077,1683.31,0.39542,0.34638,0.81817,0.82284,0.89097,0.94975,0.88063,0.28351,0.25514,0.77592,0.00893476,0.00893476,0.00893476
1078,1684.91,0.41293,0.34669,0.82473,0.84978,0.8977,0.95652,0.90133,0.27383,0.25095,0.77509,0.00893377,0.00893377,0.00893377
1079,1686.38,0.40416,0.34275,0.82107,0.84649,0.89721,0.95059,0.8862,0.28497,0.2539,0.77851,0.00893278,0.00893278,0.00893278
1080,1687.92,0.41401,0.35422,0.82218,0.8395,0.93326,0.95166,0.90156,0.27378,0.24864,0.77653,0.00893179,0.00893179,0.00893179
1081,1689.48,0.40805,0.35151,0.82866,0.84126,0.93717,0.95628,0.91435,0.28077,0.25264,0.77627,0.0089308,0.0089308,0.0089308
1082,1691.08,0.40945,0.35219,0.82,0.83495,0.93596,0.95354,0.91116,0.26359,0.24562,0.77527,0.00892981,0.00892981,0.00892981
1083,1692.61,0.41706,0.36127,0.82475,0.832,0.9386,0.94695,0.90733,0.28367,0.25378,0.77534,0.00892882,0.00892882,0.00892882
1084,1694.12,0.38297,0.34156,0.8168,0.87224,0.92448,0.95593,0.91354,0.2904,0.25642,0.77521,0.00892783,0.00892783,0.00892783
1085,1695.6,0.42601,0.35028,0.81487,0.88525,0.92311,0.95852,0.92,0.26699,0.24529,0.77504,0.00892684,0.00892684,0.00892684
1086,1697.15,0.41112,0.35288,0.82007,0.8422,0.91646,0.95187,0.9088,0.28409,0.25291,0.77526,0.00892585,0.00892585,0.00892585
1087,1698.71,0.41828,0.35225,0.83421,0.87532,0.91563,0.95656,0.91379,0.26676,0.24511,0.77408,0.00892486,0.00892486,0.00892486
1088,1700.21,0.41205,0.3532,0.81161,0.84779,0.91718,0.9533,0.91018,0.26541,0.2442,0.77361,0.00892387,0.00892387,0.00892387
1089,1701.76,0.40108,0.35447,0.81082,0.85176,0.91307,0.95044,0.91232,0.26574,0.24346,0.77357,0.00892288,0.00892288,0.00892288
1090,1703.29,0.40491,0.35482,0.81613,0.85644,0.90938,0.95148,0.90505,0.26912,0.2459,0.77331,0.00892189,0.00892189,0.00892189
1091,1704.79,0.3983,0.34851,0.81984,0.84552,0.90424,0.95554,0.91157,0.26974,0.24856,0.77318,0.0089209,0.0089209,0.0089209
1092,1706.38,0.41118,0.33999,0.82373,0.84506,0.91766,0.95626,0.90939,0.26475,0.24649,0.7725,0.00891991,0.00891991,0.00891991
1093,1707.94,0.40079,0.33697,0.80876,0.86412,0.91306,0.95555,0.91099,0.26652,0.24465,0.77219,0.00891892,0.00891892,0.00891892
1094,1709.51,0.42532,0.34829,0.83065,0.83044,0.91198,0.94804,0.90188,0.26167,0.24179,0.77089,0.00891793,0.00891793,0.00891793
1095,1710.95,0.38631,0.33128,0.82254,0.87499,0.91566,0.95693,0.91513,0.27026,0.24537,0.77222,0.00891694,0.00891694,0.00891694
1096,1712.48,0.40253,0.33414,0.817,0.84928,0.91822,0.95774,0.91193,0.25844,0.24272,0.77193,0.00891595,0.00891595,0.00891595
1097,1713.96,0.39375,0.33962,0.82181,0.80783,0.90969,0.94212,0.88851,0.27422,0.24822,0.77149,0.00891496,0.00891496,0.00891496
1098,1715.44,0.40617,0.34204,0.82092,0.81049,0.91715,0.94388,0.89556,0.26633,0.24389,0.77201,0.00891397,0.00891397,0.00891397
1099,1717.03,0.42281,0.34427,0.81356,0.86399,0.88448,0.95287,0.89281,0.27158,0.2445,0.77445,0.00891298,0.00891298,0.00891298
1100,1718.62,0.40171,0.34079,0.81613,0.85407,0.88038,0.95261,0.89078,0.29376,0.25302,0.77499,0.00891199,0.00891199,0.00891199
1101,1720.13,0.42023,0.34463,0.8229,0.87199,0.89265,0.95617,0.89807,0.27826,0.24387,0.77508,0.008911,0.008911,0.008911
1102,1721.63,0.40996,0.33544,0.82484,0.86872,0.92117,0.96048,0.91155,0.27984,0.24332,0.77482,0.00891001,0.00891001,0.00891001
1103,1723.12,0.42268,0.33876,0.82339,0.85836,0.92261,0.95749,0.91007,0.2745,0.24275,0.77386,0.00890902,0.00890902,0.00890902
1104,1724.56,0.40433,0.33583,0.81127,0.84203,0.91618,0.95809,0.91162,0.28082,0.24815,0.77346,0.00890803,0.00890803,0.00890803
1105,1725.96,0.41508,0.3427,0.81625,0.83016,0.91529,0.96046,0.91388,0.2714,0.24764,0.77183,0.00890704,0.00890704,0.00890704
1106,1727.38,0.40637,0.33928,0.82683,0.84068,0.91761,0.95987,0.91418,0.27099,0.24559,0.7726,0.00890605,0.00890605,0.00890605
1107,1728.79,0.38467,0.31973,0.81943,0.86788,0.92262,0.96684,0.92325,0.26727,0.24436,0.77194,0.00890506,0.00890506,0.00890506
1108,1730.27,0.39913,0.3364,0.81755,0.86162,0.92573,0.96505,0.92534,0.26412,0.2432,0.77059,0.00890407,0.00890407,0.00890407
1109,1731.73,0.392,0.33796,0.80998,0.84478,0.9293,0.95451,0.90546,0.26082,0.24321,0.77035,0.00890308,0.00890308,0.00890308
1110,1733.22,0.41216,0.34847,0.81264,0.86103,0.927,0.95725,0.91215,0.25951,0.24501,0.77052,0.00890209,0.00890209,0.00890209
1111,1734.75,0.3955,0.32997,0.82428,0.85615,0.92901,0.96062,0.91688,0.26928,0.24841,0.77071,0.0089011,0.0089011,0.0089011
1112,1736.29,0.41471,0.34243,0.81047,0.8818,0.92783,0.95694,0.90501,0.26391,0.24422,0.77109,0.00890011,0.00890011,0.00890011
1113,1737.72,0.38507,0.33576,0.82264,0.86793,0.9125,0.95431,0.90719,0.27005,0.24865,0.77125,0.00889912,0.00889912,0.00889912
1114,1739.17,0.38475,0.33323,0.8201,0.87198,0.91366,0.95554,0.91883,0.25804,0.24424,0.76991,0.00889813,0.00889813,0.00889813
1115,1740.59,0.39742,0.34223,0.82264,0.86959,0.91959,0.9558,0.91345,0.26148,0.24314,0.77019,0.00889714,0.00889714,0.00889714
1116,1742,0.40729,0.34453,0.82492,0.83551,0.92766,0.95632,0.91987,0.25439,0.24129,0.76915,0.00889615,0.00889615,0.00889615
1117,1743.45,0.41676,0.3469,0.81771,0.80904,0.93427,0.95713,0.91798,0.25067,0.23863,0.76929,0.00889516,0.00889516,0.00889516
1118,1744.9,0.38698,0.32774,0.81444,0.8191,0.93214,0.95536,0.91554,0.26583,0.24483,0.77107,0.00889417,0.00889417,0.00889417
1119,1746.45,0.40985,0.33921,0.81849,0.83424,0.92442,0.9577,0.91937,0.25552,0.24197,0.77075,0.00889318,0.00889318,0.00889318
1120,1747.91,0.38856,0.34452,0.81391,0.86237,0.91814,0.95926,0.91853,0.2557,0.24084,0.77084,0.00889219,0.00889219,0.00889219
1121,1749.35,0.40894,0.3405,0.82202,0.86443,0.91816,0.96287,0.92298,0.26526,0.24195,0.77215,0.0088912,0.0088912,0.0088912
1122,1751.06,0.42363,0.3616,0.81567,0.85195,0.91883,0.96081,0.91912,0.25878,0.23923,0.77162,0.00889021,0.00889021,0.00889021
1123,1752.64,0.42191,0.3467,0.81753,0.84418,0.92966,0.95787,0.91364,0.26696,0.24438,0.77209,0.00888922,0.00888922,0.00888922
1124,1754.12,0.40673,0.34415,0.82526,0.86037,0.93656,0.95814,0.9139,0.26599,0.24296,0.77251,0.00888823,0.00888823,0.00888823
1125,1755.66,0.39459,0.33044,0.81786,0.87187,0.90152,0.96384,0.91362,0.26419,0.24213,0.77186,0.00888724,0.00888724,0.00888724
1126,1757.15,0.40149,0.34179,0.81959,0.89094,0.90104,0.96018,0.90512,0.26262,0.2406,0.7714,0.00888625,0.00888625,0.00888625
1127,1758.6,0.40159,0.34105,0.82359,0.87478,0.90529,0.96062,0.90355,0.26418,0.23964,0.77144,0.00888526,0.00888526,0.00888526
1128,1760.1,0.4069,0.32996,0.81543,0.8952,0.90129,0.95889,0.9117,0.26002,0.23905,0.77122,0.00888427,0.00888427,0.00888427
1129,1761.65,0.42198,0.34384,0.81206,0.8682,0.94842,0.95624,0.91076,0.26012,0.24004,0.77134,0.00888328,0.00888328,0.00888328
1130,1763.22,0.4067,0.33879,0.82253,0.84949,0.9342,0.95331,0.91044,0.2714,0.24606,0.7713,0.00888229,0.00888229,0.00888229
1131,1764.73,0.40219,0.33749,0.82263,0.86969,0.92176,0.95854,0.91563,0.25454,0.24121,0.77071,0.0088813,0.0088813,0.0088813
1132,1766.33,0.41411,0.34141,0.82867,0.88287,0.92789,0.96306,0.92167,0.2496,0.23647,0.77005,0.00888031,0.00888031,0.00888031
1133,1767.78,0.39669,0.34031,0.81614,0.88669,0.92048,0.95525,0.91196,0.25655,0.23925,0.77021,0.00887932,0.00887932,0.00887932
1134,1769.28,0.40497,0.33348,0.80779,0.89024,0.92608,0.96009,0.91633,0.26368,0.24344,0.77133,0.00887833,0.00887833,0.00887833
1135,1770.84,0.39293,0.33123,0.80631,0.87882,0.92756,0.95455,0.91439,0.26927,0.24601,0.77157,0.00887734,0.00887734,0.00887734
1136,1772.38,0.41542,0.34297,0.80932,0.87446,0.92452,0.95684,0.91344,0.25691,0.24076,0.77147,0.00887635,0.00887635,0.00887635
1137,1773.87,0.40168,0.3418,0.82489,0.87771,0.93012,0.95851,0.9171,0.27124,0.24618,0.77189,0.00887536,0.00887536,0.00887536
1138,1775.36,0.38917,0.32583,0.82552,0.87214,0.93116,0.96047,0.91851,0.26617,0.24256,0.77185,0.00887437,0.00887437,0.00887437
1139,1776.82,0.40421,0.33371,0.8165,0.8867,0.93132,0.96332,0.92684,0.25459,0.23833,0.77089,0.00887338,0.00887338,0.00887338
1140,1778.3,0.40014,0.33182,0.81829,0.86875,0.94272,0.95889,0.91738,0.26139,0.24313,0.77132,0.00887239,0.00887239,0.00887239
1141,1779.88,0.38934,0.33008,0.82803,0.85812,0.94513,0.95377,0.91251,0.26004,0.24097,0.77123,0.0088714,0.0088714,0.0088714
1142,1781.52,0.39815,0.34294,0.82315,0.86608,0.93999,0.95543,0.91108,0.26144,0.23949,0.77112,0.00887041,0.00887041,0.00887041
1143,1783.05,0.39372,0.33015,0.82023,0.87357,0.93836,0.95707,0.91321,0.25995,0.24166,0.77113,0.00886942,0.00886942,0.00886942
1144,1784.58,0.42539,0.34668,0.81867,0.86266,0.93085,0.95347,0.90875,0.25932,0.24138,0.77118,0.00886843,0.00886843,0.00886843
1145,1786.06,0.41004,0.35407,0.81161,0.84447,0.92276,0.95116,0.90774,0.2625,0.24059,0.77027,0.00886744,0.00886744,0.00886744
1146,1787.52,0.41676,0.3556,0.82481,0.87811,0.93411,0.96143,0.91706,0.25277,0.23902,0.77057,0.00886645,0.00886645,0.00886645
1147,1789.09,0.4143,0.35668,0.82226,0.83897,0.9214,0.94844,0.90718,0.25744,0.24188,0.77049,0.00886546,0.00886546,0.00886546
1148,1790.58,0.40123,0.34768,0.81848,0.85749,0.92825,0.9549,0.91096,0.25632,0.23712,0.77037,0.00886447,0.00886447,0.00886447
1149,1792.08,0.40493,0.35229,0.81534,0.86382,0.92358,0.9536,0.90974,0.26085,0.23917,0.7708,0.00886348,0.00886348,0.00886348
1150,1793.57,0.38893,0.33686,0.82062,0.85798,0.92233,0.94354,0.90094,0.25436,0.23575,0.77024,0.00886249,0.00886249,0.00886249
1151,1795.15,0.40894,0.33864,0.81624,0.85695,0.92296,0.95256,0.91164,0.25164,0.23608,0.76972,0.0088615,0.0088615,0.0088615
1152,1796.75,0.41906,0.34455,0.82501,0.86803,0.92485,0.95873,0.91891,0.24727,0.23573,0.76975,0.00886051,0.00886051,0.00886051
1153,1798.27,0.41904,0.34563,0.82294,0.8697,0.92457,0.95668,0.91804,0.25176,0.2394,0.76987,0.00885952,0.00885952,0.00885952
1154,1799.75,0.3878,0.34128,0.81624,0.83374,0.93949,0.95232,0.91407,0.2681,0.24647,0.77131,0.00885853,0.00885853,0.00885853
1155,1801.24,0.3948,0.34094,0.81462,0.85779,0.93521,0.96186,0.9203,0.25117,0.23919,0.76979,0.00885754,0.00885754,0.00885754
1156,1802.73,0.39896,0.34044,0.82356,0.85956,0.93645,0.9644,0.92751,0.25162,0.23697,0.77016,0.00885655,0.00885655,0.00885655
1157,1804.25,0.38658,0.33801,0.81536,0.86098,0.93908,0.96567,0.92649,0.25745,0.2405,0.77113,0.00885556,0.00885556,0.00885556
1158,1805.76,0.42159,0.34571,0.816,0.86519,0.94224,0.96666,0.9299,0.25303,0.23774,0.77044,0.00885457,0.00885457,0.00885457
1159,1807.24,0.40225,0.33883,0.81508,0.87387,0.93487,0.96606,0.92463,0.25982,0.23936,0.77099,0.00885358,0.00885358,0.00885358
1160,1808.72,0.3936,0.33166,0.81599,0.88161,0.92729,0.96048,0.92153,0.24862,0.23439,0.77047,0.00885259,0.00885259,0.00885259
1161,1810.3,0.40575,0.3391,0.82399,0.88592,0.92792,0.96216,0.92388,0.25461,0.23609,0.77072,0.0088516,0.0088516,0.0088516
1162,1811.89,0.40676,0.34316,0.8285,0.87095,0.92273,0.95464,0.9167,0.25234,0.23503,0.77058,0.00885061,0.00885061,0.00885061
1163,1813.41,0.37895,0.3324,0.81841,0.87697,0.92524,0.9512,0.91371,0.26008,0.23799,0.772,0.00884962,0.00884962,0.00884962
1164,1814.85,0.38979,0.33117,0.82243,0.88172,0.92095,0.95308,0.91563,0.25433,0.23625,0.77117,0.00884863,0.00884863,0.00884863
1165,1816.38,0.38827,0.34046,0.81844,0.86846,0.93488,0.96036,0.92077,0.25316,0.2364,0.77058,0.00884764,0.00884764,0.00884764
1166,1817.81,0.38257,0.33302,0.81328,0.88332,0.94417,0.96675,0.92635,0.25785,0.23592,0.77213,0.00884665,0.00884665,0.00884665
1167,1819.38,0.39577,0.33429,0.82034,0.86023,0.94433,0.96299,0.92234,0.25144,0.23478,0.77066,0.00884566,0.00884566,0.00884566
1168,1820.83,0.39865,0.34999,0.81403,0.83257,0.94346,0.96275,0.92223,0.24999,0.23544,0.77054,0.00884467,0.00884467,0.00884467
1169,1822.31,0.41393,0.3543,0.82476,0.84347,0.95156,0.95948,0.9241,0.24369,0.23389,0.77022,0.00884368,0.00884368,0.00884368
1170,1823.75,0.40079,0.34314,0.81265,0.82392,0.95788,0.95934,0.9238,0.24635,0.23408,0.76978,0.00884269,0.00884269,0.00884269
1171,1825.34,0.38932,0.3346,0.81484,0.82213,0.95592,0.95347,0.91776,0.25215,0.23632,0.76995,0.0088417,0.0088417,0.0088417
1172,1826.84,0.39028,0.33473,0.82839,0.84733,0.94679,0.95789,0.92179,0.24141,0.23323,0.76953,0.00884071,0.00884071,0.00884071
1173,1828.35,0.38379,0.3428,0.82894,0.8838,0.94238,0.96361,0.92862,0.25755,0.23806,0.77048,0.00883972,0.00883972,0.00883972
1174,1829.88,0.40114,0.34633,0.81856,0.8944,0.93832,0.95994,0.92622,0.2579,0.23845,0.76959,0.00883873,0.00883873,0.00883873
1175,1831.33,0.435,0.3473,0.82213,0.86094,0.93315,0.95455,0.91649,0.24803,0.23647,0.77004,0.00883774,0.00883774,0.00883774
1176,1832.83,0.40106,0.34343,0.81732,0.87727,0.93871,0.96229,0.92687,0.24823,0.23876,0.76959,0.00883675,0.00883675,0.00883675
1177,1834.4,0.39526,0.34128,0.81625,0.88427,0.94373,0.95454,0.91676,0.24708,0.23376,0.76926,0.00883576,0.00883576,0.00883576
1178,1835.94,0.40386,0.35569,0.81175,0.87158,0.93764,0.96159,0.91981,0.24895,0.23478,0.76971,0.00883477,0.00883477,0.00883477
1179,1837.44,0.41304,0.35475,0.8184,0.85275,0.93746,0.95361,0.91013,0.24191,0.23382,0.76893,0.00883378,0.00883378,0.00883378
1180,1839.02,0.40185,0.35138,0.81922,0.87094,0.94295,0.95229,0.91093,0.24147,0.23331,0.76847,0.00883279,0.00883279,0.00883279
1181,1840.59,0.37949,0.32998,0.81353,0.8803,0.94401,0.95717,0.91418,0.24599,0.2324,0.7693,0.0088318,0.0088318,0.0088318
1182,1842.24,0.40728,0.33285,0.81908,0.86249,0.94814,0.95708,0.91456,0.24552,0.23185,0.76876,0.00883081,0.00883081,0.00883081
1183,1843.73,0.3963,0.32705,0.81696,0.85266,0.94942,0.96082,0.91607,0.24812,0.23129,0.76892,0.00882982,0.00882982,0.00882982
1184,1845.23,0.41063,0.32648,0.83027,0.85966,0.9417,0.96805,0.92568,0.24339,0.22712,0.76888,0.00882883,0.00882883,0.00882883
1185,1846.71,0.38774,0.32663,0.81102,0.85702,0.94069,0.96989,0.92867,0.24457,0.22747,0.76892,0.00882784,0.00882784,0.00882784
1186,1848.29,0.39164,0.3402,0.81105,0.87875,0.92384,0.9708,0.93108,0.24658,0.22826,0.76948,0.00882685,0.00882685,0.00882685
1187,1849.81,0.39091,0.33338,0.81973,0.88157,0.92206,0.96783,0.92331,0.2513,0.22998,0.7693,0.00882586,0.00882586,0.00882586
1188,1851.34,0.39658,0.3326,0.81798,0.87968,0.92686,0.96561,0.92289,0.24404,0.22865,0.76948,0.00882487,0.00882487,0.00882487
1189,1852.89,0.4088,0.34309,0.82591,0.89243,0.93288,0.96752,0.92486,0.24974,0.231,0.76982,0.00882388,0.00882388,0.00882388
1190,1854.41,0.37316,0.31871,0.81951,0.88535,0.93741,0.97,0.92536,0.24737,0.23028,0.76894,0.00882289,0.00882289,0.00882289
1191,1856,0.38222,0.32098,0.8163,0.88854,0.94201,0.96735,0.92816,0.24612,0.23096,0.76924,0.0088219,0.0088219,0.0088219
1192,1857.57,0.37947,0.32496,0.81163,0.89016,0.94719,0.96769,0.93073,0.24345,0.22854,0.7684,0.00882091,0.00882091,0.00882091
1193,1859.1,0.39842,0.33584,0.81744,0.90156,0.94692,0.96948,0.92505,0.24009,0.22713,0.76807,0.00881992,0.00881992,0.00881992
1194,1860.55,0.39166,0.33144,0.81588,0.90192,0.94658,0.96859,0.92857,0.25012,0.23449,0.76912,0.00881893,0.00881893,0.00881893
1195,1862.13,0.39353,0.33872,0.80681,0.88151,0.93647,0.96372,0.91875,0.24722,0.23532,0.7693,0.00881794,0.00881794,0.00881794
1196,1863.65,0.40597,0.34548,0.81188,0.88536,0.93952,0.96283,0.92071,0.23949,0.23036,0.7682,0.00881695,0.00881695,0.00881695
1197,1865.14,0.37989,0.33434,0.81409,0.87284,0.92957,0.95875,0.91958,0.24466,0.23344,0.76873,0.00881596,0.00881596,0.00881596
1198,1866.69,0.39013,0.34196,0.81001,0.89703,0.93109,0.96439,0.92477,0.24146,0.23362,0.76814,0.00881497,0.00881497,0.00881497
1199,1868.22,0.38172,0.3387,0.81544,0.88385,0.92791,0.96336,0.92258,0.24114,0.23286,0.76797,0.00881398,0.00881398,0.00881398
1200,1869.73,0.38689,0.33552,0.81119,0.88197,0.92826,0.96302,0.92431,0.24104,0.23329,0.76882,0.00881299,0.00881299,0.00881299
1201,1871.29,0.39341,0.32906,0.82356,0.89098,0.9383,0.96885,0.93028,0.23559,0.22986,0.76873,0.008812,0.008812,0.008812
1202,1872.78,0.39097,0.33067,0.82411,0.89008,0.93875,0.96871,0.93096,0.2376,0.23189,0.76855,0.00881101,0.00881101,0.00881101
1203,1874.27,0.41409,0.3458,0.81914,0.88866,0.93039,0.9653,0.92356,0.24597,0.23251,0.76974,0.00881002,0.00881002,0.00881002
1204,1875.88,0.40866,0.33737,0.82185,0.87302,0.91945,0.96281,0.91989,0.2642,0.24128,0.77065,0.00880903,0.00880903,0.00880903
1205,1877.34,0.39556,0.32928,0.81289,0.89469,0.91894,0.96163,0.92033,0.2482,0.23339,0.76996,0.00880804,0.00880804,0.00880804
1206,1878.85,0.39081,0.33166,0.81952,0.90845,0.91807,0.9671,0.9226,0.25374,0.236,0.7703,0.00880705,0.00880705,0.00880705
1207,1880.35,0.39076,0.33627,0.8194,0.90282,0.9213,0.96576,0.92367,0.25521,0.23571,0.77124,0.00880606,0.00880606,0.00880606
1208,1881.81,0.38295,0.33208,0.81562,0.89571,0.91892,0.96176,0.92142,0.2525,0.23514,0.77015,0.00880507,0.00880507,0.00880507
1209,1883.3,0.39605,0.33165,0.81644,0.89957,0.92363,0.9641,0.92287,0.25424,0.23672,0.76987,0.00880408,0.00880408,0.00880408
1210,1884.82,0.41448,0.34032,0.82221,0.88945,0.92203,0.96216,0.91917,0.2615,0.24036,0.7697,0.00880309,0.00880309,0.00880309
1211,1886.42,0.40113,0.33958,0.81566,0.90603,0.92362,0.96511,0.92339,0.24318,0.23386,0.76771,0.0088021,0.0088021,0.0088021
1212,1887.93,0.39612,0.33303,0.83284,0.90136,0.92231,0.9617,0.9192,0.25702,0.24242,0.76938,0.00880111,0.00880111,0.00880111
1213,1889.52,0.40187,0.35264,0.82129,0.8784,0.92378,0.9589,0.91484,0.25667,0.24215,0.77037,0.00880012,0.00880012,0.00880012
1214,1891.02,0.40556,0.34592,0.81785,0.86698,0.91941,0.95772,0.91927,0.25147,0.23979,0.76945,0.00879913,0.00879913,0.00879913
1215,1892.55,0.39183,0.33775,0.80921,0.85237,0.92717,0.95716,0.91597,0.25464,0.24218,0.76997,0.00879814,0.00879814,0.00879814
1216,1894.13,0.37204,0.32469,0.81998,0.86561,0.93346,0.95637,0.91325,0.25393,0.23996,0.77034,0.00879715,0.00879715,0.00879715
1217,1895.63,0.39021,0.33601,0.82405,0.85034,0.92344,0.95559,0.91096,0.2727,0.24598,0.77166,0.00879616,0.00879616,0.00879616
1218,1897.17,0.39692,0.33834,0.8294,0.85346,0.93159,0.95594,0.91008,0.26237,0.24111,0.77178,0.00879517,0.00879517,0.00879517
1219,1898.65,0.39062,0.3213,0.83007,0.84517,0.93974,0.95708,0.91245,0.26523,0.23975,0.77139,0.00879418,0.00879418,0.00879418
1220,1900.19,0.40271,0.34447,0.81707,0.83675,0.94599,0.95615,0.9078,0.27677,0.24387,0.77136,0.00879319,0.00879319,0.00879319
1221,1901.75,0.39006,0.34029,0.81785,0.83217,0.94777,0.95762,0.91518,0.26105,0.23724,0.77144,0.0087922,0.0087922,0.0087922
1222,1903.25,0.38589,0.3308,0.82326,0.83053,0.93287,0.955,0.90851,0.25759,0.23632,0.77077,0.00879121,0.00879121,0.00879121
1223,1904.8,0.40125,0.33847,0.80932,0.84317,0.93673,0.95602,0.91343,0.26227,0.23746,0.77013,0.00879022,0.00879022,0.00879022
1224,1906.24,0.4145,0.34556,0.81768,0.8414,0.92816,0.9541,0.91063,0.25868,0.23734,0.77042,0.00878923,0.00878923,0.00878923
1225,1907.77,0.39961,0.3372,0.8228,0.86156,0.92553,0.95163,0.90506,0.25869,0.23738,0.77155,0.00878824,0.00878824,0.00878824
1226,1909.26,0.37765,0.32273,0.81638,0.88796,0.92399,0.95618,0.91908,0.25928,0.23794,0.77021,0.00878725,0.00878725,0.00878725
1227,1910.92,0.40993,0.33486,0.82434,0.86871,0.91543,0.95531,0.91468,0.25317,0.23771,0.77012,0.00878626,0.00878626,0.00878626
1228,1912.46,0.40415,0.33831,0.82061,0.85995,0.92206,0.95575,0.91614,0.25332,0.23882,0.76938,0.00878527,0.00878527,0.00878527
1229,1913.99,0.38763,0.33794,0.81219,0.88714,0.92777,0.95912,0.92203,0.24898,0.23487,0.76941,0.00878428,0.00878428,0.00878428
1230,1915.43,0.38912,0.33112,0.81926,0.85911,0.92192,0.95407,0.91892,0.24655,0.23649,0.76939,0.00878329,0.00878329,0.00878329
1231,1917.03,0.3961,0.32998,0.81332,0.88559,0.92177,0.95576,0.92003,0.24681,0.2335,0.76916,0.0087823,0.0087823,0.0087823
1232,1918.51,0.39588,0.34109,0.82699,0.88975,0.92104,0.96289,0.92736,0.25005,0.23615,0.76897,0.00878131,0.00878131,0.00878131
1233,1920.01,0.37497,0.33182,0.81291,0.88189,0.93392,0.96733,0.93404,0.24274,0.23339,0.76833,0.00878032,0.00878032,0.00878032
1234,1921.45,0.40566,0.33102,0.81509,0.88799,0.94393,0.97067,0.93733,0.24016,0.23136,0.76785,0.00877933,0.00877933,0.00877933
1235,1922.98,0.40622,0.33997,0.81341,0.86862,0.94808,0.96529,0.9292,0.2509,0.23712,0.76822,0.00877834,0.00877834,0.00877834
1236,1924.48,0.39287,0.34564,0.81634,0.86328,0.94897,0.96647,0.9321,0.24523,0.23573,0.76771,0.00877735,0.00877735,0.00877735
1237,1925.97,0.40028,0.33793,0.81221,0.85647,0.94567,0.96027,0.9228,0.24918,0.23495,0.76769,0.00877636,0.00877636,0.00877636
1238,1927.49,0.38768,0.33209,0.80807,0.87495,0.94658,0.96439,0.92722,0.24565,0.23274,0.76859,0.00877537,0.00877537,0.00877537
1239,1929,0.40223,0.33776,0.81764,0.86396,0.93462,0.96346,0.92241,0.25708,0.23602,0.76855,0.00877438,0.00877438,0.00877438
1240,1930.61,0.38296,0.32247,0.81081,0.8501,0.93083,0.96083,0.92364,0.25122,0.23186,0.76857,0.00877339,0.00877339,0.00877339
1241,1932.16,0.40345,0.33249,0.82183,0.88085,0.93854,0.96911,0.92913,0.24467,0.22871,0.76911,0.0087724,0.0087724,0.0087724
1242,1933.71,0.42199,0.33565,0.82627,0.86958,0.94184,0.96692,0.92792,0.24436,0.23049,0.76912,0.00877141,0.00877141,0.00877141
1243,1935.2,0.39062,0.32654,0.81262,0.86036,0.94056,0.97033,0.93415,0.24043,0.22911,0.76887,0.00877042,0.00877042,0.00877042
1244,1936.67,0.38092,0.31579,0.8138,0.87359,0.9367,0.97145,0.93185,0.24868,0.23059,0.7681,0.00876943,0.00876943,0.00876943
1245,1938.14,0.37636,0.3141,0.81839,0.87956,0.93326,0.96842,0.93405,0.24186,0.22763,0.76822,0.00876844,0.00876844,0.00876844
1246,1939.67,0.39205,0.3256,0.80938,0.87678,0.94362,0.97185,0.93665,0.24418,0.23023,0.76822,0.00876745,0.00876745,0.00876745
1247,1941.21,0.36761,0.3111,0.81359,0.88126,0.94146,0.96717,0.93032,0.25252,0.23108,0.76788,0.00876646,0.00876646,0.00876646
1248,1942.73,0.3994,0.33953,0.81699,0.87666,0.93854,0.97047,0.93427,0.24706,0.22913,0.76793,0.00876547,0.00876547,0.00876547
1249,1944.24,0.40728,0.33185,0.81833,0.88533,0.94001,0.97329,0.93402,0.24704,0.2294,0.76775,0.00876448,0.00876448,0.00876448
1250,1945.79,0.39488,0.33638,0.81442,0.89451,0.9422,0.96945,0.92728,0.25053,0.23029,0.76827,0.00876349,0.00876349,0.00876349
1251,1947.34,0.4065,0.33071,0.81591,0.87708,0.94401,0.97383,0.93194,0.24857,0.22849,0.76836,0.0087625,0.0087625,0.0087625
1252,1948.93,0.39187,0.32655,0.81145,0.85382,0.94118,0.96899,0.92555,0.2537,0.22944,0.76909,0.00876151,0.00876151,0.00876151
1253,1950.42,0.40434,0.32747,0.82271,0.86892,0.93762,0.96911,0.92637,0.24741,0.2279,0.76817,0.00876052,0.00876052,0.00876052
1254,1951.98,0.36304,0.31614,0.81233,0.87334,0.93733,0.96422,0.92429,0.24793,0.22871,0.76821,0.00875953,0.00875953,0.00875953
1255,1953.51,0.39921,0.3328,0.81287,0.87819,0.93716,0.96509,0.92597,0.24593,0.22787,0.768,0.00875854,0.00875854,0.00875854
1256,1955.02,0.4017,0.33233,0.82098,0.86477,0.9388,0.96415,0.92376,0.24559,0.22604,0.76814,0.00875755,0.00875755,0.00875755
1257,1956.48,0.39156,0.33036,0.82423,0.8759,0.94402,0.96634,0.92897,0.24224,0.22471,0.76742,0.00875656,0.00875656,0.00875656
1258,1957.99,0.39192,0.32898,0.81737,0.88307,0.93485,0.96679,0.93272,0.24009,0.22639,0.768,0.00875557,0.00875557,0.00875557
1259,1959.49,0.37402,0.32561,0.82211,0.86076,0.94059,0.95775,0.92416,0.24486,0.22822,0.76758,0.00875458,0.00875458,0.00875458
1260,1961.02,0.37694,0.32014,0.81346,0.86804,0.93946,0.95871,0.92042,0.2441,0.22606,0.76791,0.00875359,0.00875359,0.00875359
1261,1962.65,0.3855,0.32953,0.81097,0.88639,0.94013,0.96915,0.93328,0.244,0.22746,0.76761,0.0087526,0.0087526,0.0087526
1262,1964.07,0.3801,0.32618,0.82173,0.8932,0.94763,0.96913,0.92921,0.24329,0.22905,0.76666,0.00875161,0.00875161,0.00875161
1263,1965.59,0.38046,0.32837,0.81348,0.90131,0.94436,0.96944,0.93224,0.24141,0.22862,0.76708,0.00875062,0.00875062,0.00875062
1264,1967.16,0.40483,0.34656,0.81084,0.89514,0.94822,0.96569,0.927,0.23937,0.22674,0.76698,0.00874963,0.00874963,0.00874963
1265,1968.61,0.38297,0.33331,0.81459,0.89403,0.94847,0.96908,0.93207,0.25346,0.2329,0.76725,0.00874864,0.00874864,0.00874864
1266,1970.12,0.38777,0.33129,0.8109,0.87891,0.93393,0.96636,0.92831,0.24432,0.22975,0.76778,0.00874765,0.00874765,0.00874765
1267,1971.63,0.38457,0.3414,0.81741,0.84981,0.93651,0.95923,0.91033,0.24598,0.23481,0.76843,0.00874666,0.00874666,0.00874666
1268,1973.2,0.40268,0.33536,0.81688,0.87226,0.9294,0.96225,0.92069,0.24369,0.23115,0.76841,0.00874567,0.00874567,0.00874567
1269,1974.69,0.39112,0.32648,0.81594,0.86066,0.93648,0.96266,0.91845,0.24729,0.23394,0.76844,0.00874468,0.00874468,0.00874468
1270,1976.28,0.38592,0.32517,0.81716,0.87949,0.94256,0.96637,0.92275,0.24607,0.23458,0.76801,0.00874369,0.00874369,0.00874369
1271,1977.88,0.39716,0.33742,0.82394,0.86079,0.94685,0.96875,0.92646,0.24471,0.23142,0.76786,0.0087427,0.0087427,0.0087427
1272,1979.4,0.39218,0.3379,0.81773,0.87161,0.94423,0.96656,0.92842,0.24184,0.23258,0.76727,0.00874171,0.00874171,0.00874171
1273,1980.96,0.39952,0.33256,0.81285,0.86347,0.94565,0.9644,0.92256,0.24599,0.23421,0.76746,0.00874072,0.00874072,0.00874072
1274,1982.48,0.38021,0.32057,0.8218,0.87246,0.94402,0.9643,0.9247,0.25256,0.23509,0.76829,0.00873973,0.00873973,0.00873973
1275,1983.99,0.38882,0.3287,0.81603,0.86569,0.94159,0.96278,0.92694,0.24467,0.23295,0.76747,0.00873874,0.00873874,0.00873874
1276,1985.56,0.39707,0.33419,0.81602,0.8845,0.9417,0.96859,0.93122,0.2463,0.23214,0.76866,0.00873775,0.00873775,0.00873775
1277,1987.11,0.38557,0.32832,0.81757,0.85629,0.94515,0.9589,0.92185,0.25163,0.23504,0.76921,0.00873676,0.00873676,0.00873676
1278,1988.67,0.39121,0.33499,0.82317,0.86476,0.93367,0.95926,0.9218,0.2465,0.23275,0.76876,0.00873577,0.00873577,0.00873577
1279,1990.17,0.38415,0.32278,0.81735,0.8796,0.9382,0.96721,0.9257,0.24401,0.23112,0.7687,0.00873478,0.00873478,0.00873478
1280,1991.77,0.35699,0.31418,0.80796,0.89477,0.94155,0.96821,0.93127,0.23577,0.22579,0.76793,0.00873379,0.00873379,0.00873379
1281,1993.28,0.3992,0.33821,0.82186,0.86578,0.9414,0.95755,0.92077,0.23664,0.22863,0.76842,0.0087328,0.0087328,0.0087328
1282,1994.81,0.40505,0.34174,0.81613,0.89631,0.94154,0.95964,0.92249,0.23826,0.22774,0.76946,0.00873181,0.00873181,0.00873181
1283,1996.31,0.39256,0.3337,0.808,0.86347,0.93524,0.95365,0.9175,0.24807,0.23271,0.76873,0.00873082,0.00873082,0.00873082
1284,1997.85,0.38162,0.33215,0.81654,0.89093,0.94217,0.95822,0.92315,0.23868,0.22904,0.76927,0.00872983,0.00872983,0.00872983
1285,1999.34,0.38641,0.33943,0.82026,0.88582,0.94229,0.962,0.92304,0.23473,0.22708,0.7689,0.00872884,0.00872884,0.00872884
1286,2000.83,0.38875,0.32738,0.81407,0.86855,0.94198,0.9589,0.91901,0.24487,0.23079,0.76886,0.00872785,0.00872785,0.00872785
1287,2002.41,0.38932,0.33224,0.81725,0.85537,0.93824,0.95571,0.91751,0.23806,0.22473,0.76964,0.00872686,0.00872686,0.00872686
1288,2003.96,0.35551,0.30992,0.812,0.84875,0.9279,0.9499,0.91292,0.24231,0.22611,0.76984,0.00872587,0.00872587,0.00872587
1289,2005.48,0.38259,0.32737,0.82042,0.85812,0.9324,0.95691,0.92069,0.23862,0.22415,0.76895,0.00872488,0.00872488,0.00872488
1290,2007.18,0.37069,0.32074,0.81059,0.85651,0.92358,0.9558,0.91744,0.24256,0.22625,0.76981,0.00872389,0.00872389,0.00872389
1291,2008.79,0.39129,0.33235,0.81366,0.86004,0.92826,0.96007,0.92254,0.23694,0.22268,0.76935,0.0087229,0.0087229,0.0087229
1292,2010.29,0.38592,0.3266,0.81844,0.86618,0.93079,0.9559,0.92237,0.24699,0.22627,0.76919,0.00872191,0.00872191,0.00872191
1293,2011.81,0.37231,0.32638,0.81121,0.8766,0.93935,0.95937,0.92033,0.23787,0.22477,0.76948,0.00872092,0.00872092,0.00872092
1294,2013.34,0.4025,0.32927,0.82102,0.87288,0.9458,0.96021,0.92035,0.23879,0.22763,0.76988,0.00871993,0.00871993,0.00871993
1295,2014.79,0.40514,0.33397,0.82147,0.8605,0.93883,0.95291,0.91185,0.24228,0.22788,0.7687,0.00871894,0.00871894,0.00871894
1296,2016.3,0.38348,0.32474,0.80985,0.87206,0.93637,0.95757,0.92014,0.23992,0.23017,0.76943,0.00871795,0.00871795,0.00871795
1297,2017.84,0.38435,0.33063,0.81464,0.88062,0.9339,0.96059,0.91953,0.23653,0.22758,0.76875,0.00871696,0.00871696,0.00871696
1298,2019.33,0.39095,0.33125,0.81841,0.88454,0.93131,0.96359,0.92903,0.24347,0.23153,0.76857,0.00871597,0.00871597,0.00871597
1299,2020.83,0.37788,0.32662,0.80591,0.88265,0.92973,0.96361,0.92296,0.23605,0.22674,0.76872,0.00871498,0.00871498,0.00871498
1300,2022.44,0.38308,0.32741,0.81926,0.88364,0.93692,0.95424,0.91986,0.2332,0.22701,0.76797,0.00871399,0.00871399,0.00871399
1301,2023.89,0.37833,0.32723,0.81756,0.86438,0.93731,0.95979,0.92239,0.23981,0.23155,0.76769,0.008713,0.008713,0.008713
1302,2025.35,0.37089,0.32827,0.81091,0.87349,0.93584,0.95876,0.92434,0.23232,0.23194,0.76769,0.00871201,0.00871201,0.00871201
1303,2026.86,0.3951,0.33898,0.81676,0.85154,0.93351,0.95778,0.92104,0.23822,0.2339,0.76702,0.00871102,0.00871102,0.00871102
1304,2028.31,0.38852,0.33919,0.82127,0.86996,0.92889,0.96404,0.92651,0.23409,0.23125,0.76615,0.00871003,0.00871003,0.00871003
1305,2029.85,0.36485,0.31687,0.81361,0.85388,0.92084,0.95169,0.91252,0.24536,0.2335,0.76724,0.00870904,0.00870904,0.00870904
1306,2031.32,0.36337,0.31809,0.81008,0.85194,0.92622,0.95495,0.91739,0.23972,0.23019,0.76665,0.00870805,0.00870805,0.00870805
1307,2032.81,0.34749,0.3203,0.81223,0.87366,0.93571,0.96756,0.93047,0.24067,0.22737,0.76674,0.00870706,0.00870706,0.00870706
1308,2034.28,0.36571,0.31977,0.81221,0.86552,0.91974,0.95348,0.92017,0.23496,0.22654,0.76612,0.00870607,0.00870607,0.00870607
1309,2035.86,0.38312,0.32904,0.8239,0.87532,0.91973,0.9592,0.92684,0.2329,0.22372,0.76663,0.00870508,0.00870508,0.00870508
1310,2037.38,0.37165,0.33509,0.81504,0.87383,0.91736,0.96093,0.92185,0.24824,0.22695,0.76776,0.00870409,0.00870409,0.00870409
1311,2038.89,0.39196,0.3276,0.81752,0.87551,0.92111,0.95861,0.92611,0.23556,0.22279,0.76656,0.0087031,0.0087031,0.0087031
1312,2040.36,0.39482,0.339,0.81638,0.88901,0.92431,0.96451,0.93125,0.2395,0.22556,0.76774,0.00870211,0.00870211,0.00870211
1313,2041.85,0.37445,0.3324,0.80949,0.88662,0.92266,0.96627,0.93156,0.25456,0.23175,0.76811,0.00870112,0.00870112,0.00870112
1314,2043.3,0.38403,0.33514,0.81979,0.88484,0.93246,0.96513,0.92879,0.23905,0.22591,0.76751,0.00870013,0.00870013,0.00870013
1315,2044.81,0.36391,0.3173,0.81497,0.91001,0.94104,0.9686,0.93279,0.24205,0.22557,0.76735,0.00869914,0.00869914,0.00869914
1316,2046.39,0.39174,0.33346,0.82227,0.90181,0.93977,0.96719,0.93187,0.23765,0.2243,0.76668,0.00869815,0.00869815,0.00869815
1317,2047.85,0.3792,0.32085,0.82024,0.90486,0.94065,0.9649,0.9297,0.24667,0.22788,0.76699,0.00869716,0.00869716,0.00869716
1318,2049.34,0.38485,0.32339,0.807,0.89795,0.93969,0.96485,0.92985,0.24544,0.22783,0.7674,0.00869617,0.00869617,0.00869617
1319,2050.94,0.42838,0.35535,0.83455,0.8797,0.9428,0.96569,0.93407,0.24013,0.22401,0.76686,0.00869518,0.00869518,0.00869518
1320,2052.47,0.37782,0.32556,0.8067,0.89614,0.9402,0.96524,0.93029,0.24242,0.22744,0.7671,0.00869419,0.00869419,0.00869419
1321,2053.99,0.35693,0.31101,0.80417,0.89053,0.94541,0.96196,0.92473,0.24534,0.22735,0.76717,0.0086932,0.0086932,0.0086932
1322,2055.49,0.36919,0.31894,0.81326,0.87919,0.94367,0.9646,0.93069,0.23804,0.2235,0.76711,0.00869221,0.00869221,0.00869221
1323,2056.99,0.3939,0.33,0.82083,0.90103,0.94089,0.96669,0.92942,0.24014,0.22594,0.76665,0.00869122,0.00869122,0.00869122
1324,2058.48,0.37402,0.31679,0.82125,0.90083,0.92602,0.96519,0.93051,0.24083,0.22559,0.76639,0.00869023,0.00869023,0.00869023
1325,2059.95,0.40473,0.33373,0.82576,0.90629,0.92813,0.96522,0.93096,0.23177,0.22204,0.76652,0.00868924,0.00868924,0.00868924
1326,2061.48,0.36985,0.32225,0.81333,0.88699,0.92258,0.96031,0.92803,0.24003,0.22649,0.76642,0.00868825,0.00868825,0.00868825
1327,2063,0.38208,0.32953,0.81046,0.89981,0.94064,0.9636,0.92991,0.23627,0.22497,0.7666,0.00868726,0.00868726,0.00868726
1328,2064.55,0.38463,0.32613,0.81241,0.91017,0.94117,0.96674,0.93249,0.23325,0.22237,0.76623,0.00868627,0.00868627,0.00868627
1329,2066.12,0.37537,0.31992,0.81165,0.90768,0.94479,0.97114,0.93761,0.23234,0.22377,0.76571,0.00868528,0.00868528,0.00868528
1330,2067.64,0.37215,0.3197,0.81082,0.89622,0.94385,0.96918,0.93548,0.23385,0.22535,0.76501,0.00868429,0.00868429,0.00868429
1331,2069.14,0.38042,0.32113,0.80685,0.91227,0.94261,0.96993,0.93489,0.23283,0.22308,0.76545,0.0086833,0.0086833,0.0086833
1332,2070.55,0.38524,0.3269,0.81078,0.8939,0.94742,0.96803,0.93397,0.2337,0.22428,0.7653,0.00868231,0.00868231,0.00868231
1333,2072.06,0.38888,0.31798,0.81588,0.88185,0.94535,0.96864,0.9354,0.23107,0.22256,0.76529,0.00868132,0.00868132,0.00868132
1334,2073.61,0.38138,0.32053,0.81422,0.87919,0.94178,0.96683,0.93376,0.23243,0.22165,0.76554,0.00868033,0.00868033,0.00868033
1335,2075.11,0.37512,0.32404,0.81123,0.88195,0.93846,0.96552,0.93158,0.23088,0.22407,0.76493,0.00867934,0.00867934,0.00867934
1336,2076.65,0.38196,0.31195,0.80784,0.87855,0.9286,0.96428,0.92917,0.23184,0.22412,0.76459,0.00867835,0.00867835,0.00867835
1337,2078.06,0.3795,0.31984,0.80976,0.86344,0.92812,0.9642,0.93064,0.23719,0.22501,0.76546,0.00867736,0.00867736,0.00867736
1338,2079.54,0.40076,0.32156,0.82558,0.85731,0.92545,0.96061,0.92559,0.23201,0.22374,0.76462,0.00867637,0.00867637,0.00867637
1339,2081.05,0.38349,0.32538,0.8171,0.87708,0.92011,0.9633,0.92986,0.23255,0.22398,0.76515,0.00867538,0.00867538,0.00867538
1340,2082.64,0.37903,0.32063,0.81459,0.86446,0.91596,0.95775,0.92041,0.2429,0.22873,0.7656,0.00867439,0.00867439,0.00867439
1341,2084.11,0.38845,0.32835,0.81983,0.86336,0.90972,0.95859,0.92613,0.23339,0.22453,0.76561,0.0086734,0.0086734,0.0086734
1342,2085.69,0.35593,0.30671,0.80486,0.85245,0.92302,0.95815,0.92637,0.23866,0.22705,0.76634,0.00867241,0.00867241,0.00867241
1343,2087.22,0.40831,0.33034,0.82639,0.84615,0.92859,0.95763,0.92367,0.23747,0.22803,0.76593,0.00867142,0.00867142,0.00867142
1344,2088.68,0.37385,0.32438,0.8115,0.8475,0.93726,0.95531,0.9234,0.23882,0.22578,0.76656,0.00867043,0.00867043,0.00867043
1345,2090.32,0.37279,0.31937,0.80952,0.8273,0.9476,0.94981,0.91702,0.23969,0.22696,0.76678,0.00866944,0.00866944,0.00866944
1346,2091.79,0.36671,0.31375,0.81254,0.8365,0.9547,0.95625,0.92293,0.24141,0.23175,0.76676,0.00866845,0.00866845,0.00866845
1347,2093.27,0.37997,0.32305,0.82478,0.81762,0.95357,0.9558,0.91931,0.2378,0.22778,0.76692,0.00866746,0.00866746,0.00866746
1348,2094.79,0.37758,0.32314,0.82064,0.81539,0.95913,0.95324,0.91464,0.247,0.22908,0.76782,0.00866647,0.00866647,0.00866647
1349,2096.38,0.3703,0.31899,0.81335,0.85605,0.94906,0.958,0.91467,0.24792,0.2307,0.76769,0.00866548,0.00866548,0.00866548
1350,2097.95,0.38696,0.32977,0.81583,0.85856,0.94526,0.95531,0.91486,0.24913,0.22719,0.76855,0.00866449,0.00866449,0.00866449
1351,2099.52,0.3932,0.32423,0.81486,0.85989,0.93894,0.9534,0.91262,0.24726,0.22802,0.76876,0.0086635,0.0086635,0.0086635
1352,2101.07,0.37629,0.31644,0.81645,0.87996,0.94264,0.95696,0.91183,0.24514,0.22842,0.76835,0.00866251,0.00866251,0.00866251
1353,2102.54,0.39398,0.32303,0.82652,0.87758,0.94227,0.96011,0.91908,0.24124,0.22505,0.76851,0.00866152,0.00866152,0.00866152
1354,2104.05,0.37035,0.31803,0.81691,0.89459,0.93621,0.9579,0.92381,0.2365,0.22411,0.76763,0.00866053,0.00866053,0.00866053
1355,2105.56,0.37056,0.31922,0.81271,0.86517,0.93313,0.95479,0.91752,0.24151,0.22665,0.76737,0.00865954,0.00865954,0.00865954
1356,2107.07,0.3862,0.32404,0.81276,0.89944,0.94653,0.96291,0.92745,0.23433,0.22196,0.76677,0.00865855,0.00865855,0.00865855
1357,2108.53,0.37291,0.31616,0.81338,0.88806,0.94872,0.95634,0.92287,0.23274,0.22212,0.76611,0.00865756,0.00865756,0.00865756
1358,2110.05,0.37278,0.3142,0.81825,0.86934,0.93871,0.94944,0.91356,0.23277,0.22378,0.76591,0.00865657,0.00865657,0.00865657
1359,2111.53,0.37172,0.318,0.81343,0.89539,0.9468,0.96458,0.92862,0.23663,0.22439,0.76611,0.00865558,0.00865558,0.00865558
1360,2113.15,0.37189,0.31577,0.81199,0.88783,0.94776,0.95396,0.92078,0.23332,0.22571,0.76542,0.00865459,0.00865459,0.00865459
1361,2114.6,0.37599,0.3316,0.81473,0.86084,0.93939,0.95586,0.92413,0.23314,0.22503,0.76502,0.0086536,0.0086536,0.0086536
1362,2116.07,0.35668,0.31874,0.81524,0.86339,0.94104,0.95899,0.9222,0.23282,0.22396,0.76489,0.00865261,0.00865261,0.00865261
1363,2117.54,0.39346,0.33584,0.81968,0.83753,0.93088,0.9589,0.92327,0.23329,0.22615,0.76543,0.00865162,0.00865162,0.00865162
1364,2119.02,0.38514,0.32399,0.81893,0.83924,0.93341,0.95759,0.91844,0.2398,0.22777,0.76663,0.00865063,0.00865063,0.00865063
1365,2120.49,0.3662,0.31988,0.80809,0.8568,0.93617,0.9586,0.91756,0.23821,0.22502,0.76664,0.00864964,0.00864964,0.00864964
1366,2122.05,0.3846,0.33839,0.8104,0.87067,0.93104,0.95859,0.92342,0.23859,0.22471,0.7676,0.00864865,0.00864865,0.00864865
1367,2123.51,0.37247,0.3312,0.81772,0.84349,0.92756,0.95888,0.92359,0.24187,0.22579,0.76815,0.00864766,0.00864766,0.00864766
1368,2125.02,0.37249,0.32837,0.81088,0.8555,0.93177,0.95468,0.91998,0.23703,0.22192,0.76839,0.00864667,0.00864667,0.00864667
1369,2126.55,0.37072,0.32439,0.81602,0.86347,0.92405,0.95403,0.91611,0.23709,0.21847,0.76896,0.00864568,0.00864568,0.00864568
1370,2128.12,0.38171,0.32199,0.81414,0.85822,0.88458,0.96065,0.92321,0.23893,0.22182,0.76881,0.00864469,0.00864469,0.00864469
1371,2129.6,0.37584,0.32411,0.81694,0.87459,0.88836,0.96395,0.9047,0.24286,0.22184,0.76976,0.0086437,0.0086437,0.0086437
1372,2131.14,0.39269,0.32673,0.82419,0.8664,0.89099,0.93411,0.89464,0.24713,0.22537,0.77014,0.00864271,0.00864271,0.00864271
1373,2132.67,0.3616,0.3215,0.80616,0.87609,0.89642,0.96107,0.91483,0.23868,0.22443,0.76917,0.00864172,0.00864172,0.00864172
1374,2134.19,0.38031,0.33052,0.80924,0.8774,0.89479,0.96124,0.92252,0.24261,0.22401,0.76963,0.00864073,0.00864073,0.00864073
1375,2135.72,0.37182,0.31963,0.82188,0.88868,0.93073,0.96181,0.9262,0.23995,0.22174,0.76904,0.00863974,0.00863974,0.00863974
1376,2137.25,0.35925,0.31263,0.80964,0.88641,0.92502,0.9598,0.92866,0.23135,0.2184,0.76781,0.00863875,0.00863875,0.00863875
1377,2138.7,0.35855,0.31246,0.81215,0.88504,0.92284,0.96158,0.92791,0.23664,0.22141,0.7681,0.00863776,0.00863776,0.00863776
1378,2140.22,0.38808,0.3259,0.81691,0.9063,0.92197,0.96805,0.93501,0.23567,0.21978,0.7686,0.00863677,0.00863677,0.00863677
1379,2141.77,0.33658,0.31037,0.81273,0.89104,0.92031,0.96108,0.92511,0.24583,0.2279,0.76838,0.00863578,0.00863578,0.00863578
1380,2143.28,0.39228,0.33676,0.81911,0.9046,0.92275,0.97102,0.93738,0.23477,0.22151,0.76836,0.00863479,0.00863479,0.00863479
1381,2144.74,0.3772,0.32252,0.82092,0.89841,0.92238,0.96746,0.93219,0.23311,0.22063,0.76855,0.0086338,0.0086338,0.0086338
1382,2146.3,0.39065,0.32994,0.81721,0.87645,0.92574,0.96031,0.92579,0.23607,0.22362,0.76835,0.00863281,0.00863281,0.00863281
1383,2147.78,0.36364,0.313,0.8081,0.86775,0.94509,0.96848,0.92972,0.23332,0.2208,0.76857,0.00863182,0.00863182,0.00863182
1384,2149.34,0.38572,0.31824,0.81068,0.8742,0.94168,0.9691,0.93483,0.2332,0.2223,0.76824,0.00863083,0.00863083,0.00863083
1385,2150.81,0.39542,0.32881,0.81978,0.87357,0.93042,0.9682,0.93494,0.22846,0.22071,0.76773,0.00862984,0.00862984,0.00862984
1386,2152.33,0.3684,0.31079,0.81674,0.84225,0.95202,0.96646,0.92911,0.23637,0.22436,0.76805,0.00862885,0.00862885,0.00862885
1387,2153.83,0.3807,0.32588,0.81724,0.85795,0.94932,0.96653,0.92685,0.23448,0.22174,0.76776,0.00862786,0.00862786,0.00862786
1388,2155.29,0.372,0.31678,0.82133,0.81456,0.955,0.96774,0.92954,0.23419,0.22147,0.76743,0.00862687,0.00862687,0.00862687
1389,2156.86,0.36061,0.3219,0.81917,0.81357,0.96004,0.97141,0.92825,0.23591,0.22042,0.76758,0.00862588,0.00862588,0.00862588
1390,2158.4,0.41534,0.33794,0.83159,0.85971,0.93701,0.96296,0.9282,0.23957,0.22331,0.7678,0.00862489,0.00862489,0.00862489
1391,2159.9,0.35246,0.30622,0.80878,0.88394,0.9301,0.96426,0.93125,0.24928,0.22703,0.76811,0.0086239,0.0086239,0.0086239
1392,2161.35,0.39385,0.31628,0.81852,0.89255,0.9141,0.96298,0.92962,0.23964,0.22254,0.7682,0.00862291,0.00862291,0.00862291
1393,2162.9,0.36437,0.31406,0.82083,0.90897,0.92297,0.9696,0.93175,0.24177,0.22626,0.76777,0.00862192,0.00862192,0.00862192
1394,2164.37,0.3833,0.32413,0.81666,0.90598,0.92694,0.96672,0.93063,0.24086,0.22424,0.76743,0.00862093,0.00862093,0.00862093
1395,2165.89,0.38346,0.31412,0.81431,0.87093,0.93441,0.96772,0.92903,0.23637,0.22472,0.76715,0.00861994,0.00861994,0.00861994
1396,2167.34,0.35555,0.30854,0.80967,0.88144,0.92113,0.96924,0.93054,0.24044,0.22603,0.76802,0.00861895,0.00861895,0.00861895
1397,2168.83,0.38297,0.32669,0.80768,0.89264,0.91563,0.9714,0.93307,0.24703,0.22799,0.76869,0.00861796,0.00861796,0.00861796
1398,2170.29,0.37233,0.31738,0.81371,0.91037,0.90628,0.96821,0.92677,0.24387,0.2274,0.76902,0.00861697,0.00861697,0.00861697
1399,2171.86,0.37828,0.3228,0.81307,0.88983,0.90023,0.96478,0.92044,0.24695,0.22855,0.7692,0.00861598,0.00861598,0.00861598
1400,2173.32,0.37327,0.3162,0.81673,0.90426,0.90235,0.96663,0.92273,0.24614,0.22756,0.76874,0.00861499,0.00861499,0.00861499
1401,2174.81,0.36669,0.31848,0.81645,0.89404,0.90687,0.96213,0.91627,0.24381,0.22846,0.76887,0.008614,0.008614,0.008614
1402,2176.32,0.37525,0.31395,0.8108,0.88543,0.89788,0.96135,0.92144,0.24129,0.22764,0.76806,0.00861301,0.00861301,0.00861301
1403,2177.83,0.36763,0.3139,0.81063,0.82545,0.95838,0.96078,0.92264,0.24561,0.22929,0.76787,0.00861202,0.00861202,0.00861202
1404,2179.29,0.35427,0.30094,0.81364,0.8937,0.90341,0.9623,0.92093,0.23824,0.22604,0.76745,0.00861103,0.00861103,0.00861103
1405,2180.84,0.3812,0.31453,0.81036,0.85402,0.95043,0.96147,0.92291,0.23757,0.22611,0.76669,0.00861004,0.00861004,0.00861004
1406,2182.32,0.3658,0.31079,0.81982,0.86764,0.94016,0.96425,0.92658,0.24206,0.22761,0.7658,0.00860905,0.00860905,0.00860905
1407,2183.85,0.35979,0.31571,0.81522,0.87619,0.94061,0.96279,0.92796,0.23585,0.22491,0.76562,0.00860806,0.00860806,0.00860806
1408,2185.37,0.36752,0.31233,0.81868,0.87481,0.95105,0.96413,0.93079,0.23184,0.22366,0.76461,0.00860707,0.00860707,0.00860707
1409,2186.91,0.37504,0.322,0.81964,0.87745,0.94007,0.96688,0.93381,0.22937,0.22321,0.76437,0.00860608,0.00860608,0.00860608
1410,2188.49,0.35628,0.31252,0.80604,0.88415,0.94369,0.96702,0.93209,0.23593,0.22434,0.76546,0.00860509,0.00860509,0.00860509
1411,2189.98,0.37635,0.32516,0.82897,0.84926,0.94848,0.96904,0.93382,0.2358,0.22465,0.76576,0.0086041,0.0086041,0.0086041
1412,2191.44,0.38572,0.33418,0.81258,0.86154,0.94516,0.968,0.93467,0.23179,0.22217,0.76487,0.00860311,0.00860311,0.00860311
1413,2192.97,0.38349,0.33071,0.81518,0.86545,0.94291,0.96731,0.93436,0.23545,0.22318,0.76576,0.00860212,0.00860212,0.00860212
1414,2194.45,0.36387,0.31673,0.81059,0.89962,0.93664,0.96578,0.92483,0.23297,0.22181,0.76598,0.00860113,0.00860113,0.00860113
1415,2195.93,0.36895,0.31513,0.81447,0.88604,0.93433,0.96369,0.92784,0.232,0.22318,0.76513,0.00860014,0.00860014,0.00860014
1416,2197.47,0.37892,0.32856,0.80583,0.89935,0.93746,0.96638,0.92953,0.2304,0.22136,0.76568,0.00859915,0.00859915,0.00859915
1417,2199,0.37793,0.32587,0.81664,0.89219,0.94517,0.97032,0.93482,0.23348,0.22097,0.76603,0.00859816,0.00859816,0.00859816
1418,2200.45,0.36364,0.30988,0.81766,0.87042,0.94616,0.958,0.91902,0.23304,0.22447,0.76556,0.00859717,0.00859717,0.00859717
1419,2202.02,0.38679,0.32795,0.80685,0.89469,0.94823,0.96691,0.92991,0.23485,0.2243,0.7662,0.00859618,0.00859618,0.00859618
1420,2203.63,0.3655,0.32229,0.81398,0.88913,0.95238,0.97069,0.9325,0.23261,0.22135,0.76681,0.00859519,0.00859519,0.00859519
1421,2205.12,0.35434,0.30687,0.82152,0.87705,0.94646,0.96909,0.92998,0.23867,0.22813,0.76571,0.0085942,0.0085942,0.0085942
1422,2206.65,0.37839,0.31921,0.81543,0.88562,0.94841,0.97351,0.93905,0.23189,0.22483,0.76564,0.00859321,0.00859321,0.00859321
1423,2208.19,0.3707,0.3239,0.80737,0.89006,0.95642,0.97646,0.94169,0.23486,0.22551,0.76618,0.00859222,0.00859222,0.00859222
1424,2209.68,0.3924,0.32723,0.82267,0.8717,0.96095,0.97287,0.93567,0.22909,0.22338,0.76606,0.00859123,0.00859123,0.00859123
1425,2211.23,0.378,0.32913,0.81362,0.84265,0.96248,0.96995,0.93509,0.2399,0.22594,0.76585,0.00859024,0.00859024,0.00859024
1426,2212.75,0.36098,0.31639,0.81108,0.83396,0.95754,0.96841,0.93227,0.23703,0.22326,0.76647,0.00858925,0.00858925,0.00858925
1427,2214.27,0.35199,0.31119,0.81547,0.85334,0.9529,0.95834,0.92434,0.23301,0.2194,0.76631,0.00858826,0.00858826,0.00858826
1428,2215.74,0.37271,0.3209,0.82126,0.86662,0.94552,0.9642,0.92951,0.23301,0.22104,0.76612,0.00858727,0.00858727,0.00858727
1429,2217.55,0.38052,0.3235,0.81907,0.87011,0.93289,0.96514,0.92974,0.23618,0.22434,0.76635,0.00858628,0.00858628,0.00858628
1430,2219.02,0.38448,0.33511,0.82202,0.85967,0.93272,0.95963,0.92654,0.23922,0.2261,0.76704,0.00858529,0.00858529,0.00858529
1431,2220.49,0.362,0.31416,0.8129,0.83434,0.93391,0.95764,0.92073,0.2391,0.22674,0.7661,0.0085843,0.0085843,0.0085843
1432,2221.95,0.37156,0.31574,0.82043,0.85627,0.93489,0.95941,0.925,0.23841,0.22519,0.76628,0.00858331,0.00858331,0.00858331
1433,2223.48,0.3926,0.3187,0.81893,0.86175,0.93989,0.96449,0.9309,0.23665,0.22273,0.76755,0.00858232,0.00858232,0.00858232
1434,2224.99,0.36992,0.3105,0.81345,0.8731,0.9385,0.96481,0.92991,0.23376,0.21983,0.76647,0.00858133,0.00858133,0.00858133
1435,2226.51,0.35962,0.31279,0.81142,0.86426,0.93195,0.96083,0.92757,0.23321,0.21777,0.76687,0.00858034,0.00858034,0.00858034
1436,2228.03,0.38008,0.32427,0.8107,0.8729,0.93217,0.96275,0.92727,0.24708,0.22334,0.76838,0.00857935,0.00857935,0.00857935
1437,2229.55,0.37045,0.31782,0.81285,0.85439,0.92291,0.9586,0.92348,0.23198,0.21851,0.7662,0.00857836,0.00857836,0.00857836
1438,2231.07,0.39399,0.3354,0.82142,0.86663,0.93603,0.95737,0.92357,0.22712,0.21952,0.76565,0.00857737,0.00857737,0.00857737
1439,2232.68,0.37404,0.32166,0.81292,0.84669,0.93384,0.95578,0.92554,0.23824,0.22596,0.7668,0.00857638,0.00857638,0.00857638
1440,2234.16,0.38136,0.32073,0.8134,0.86574,0.93316,0.96217,0.92912,0.22574,0.21937,0.76558,0.00857539,0.00857539,0.00857539
1441,2235.68,0.36677,0.31699,0.81921,0.8611,0.93793,0.96294,0.9266,0.22558,0.22089,0.76526,0.0085744,0.0085744,0.0085744
1442,2237.23,0.3618,0.31602,0.81909,0.87648,0.93681,0.95912,0.92312,0.2294,0.22326,0.76621,0.00857341,0.00857341,0.00857341
1443,2238.72,0.37095,0.31907,0.81598,0.87567,0.93478,0.96178,0.92788,0.22738,0.22126,0.76551,0.00857242,0.00857242,0.00857242
1444,2240.2,0.37798,0.32468,0.82246,0.86923,0.92906,0.96031,0.92292,0.22934,0.22202,0.76532,0.00857143,0.00857143,0.00857143
1445,2241.71,0.36697,0.32252,0.8134,0.8557,0.9226,0.94672,0.90726,0.22775,0.22275,0.76536,0.00857044,0.00857044,0.00857044
1446,2243.19,0.35987,0.30915,0.81228,0.84974,0.93279,0.95442,0.91697,0.23017,0.22138,0.76521,0.00856945,0.00856945,0.00856945
1447,2244.7,0.3644,0.31638,0.80638,0.83729,0.93439,0.95722,0.91819,0.23186,0.22132,0.76556,0.00856846,0.00856846,0.00856846
1448,2246.23,0.36823,0.31013,0.81855,0.83825,0.94033,0.9555,0.91538,0.23073,0.22098,0.76603,0.00856747,0.00856747,0.00856747
1449,2247.85,0.35827,0.30463,0.80859,0.86615,0.94563,0.96473,0.92071,0.23276,0.2211,0.76591,0.00856648,0.00856648,0.00856648
1450,2249.29,0.38515,0.31841,0.8187,0.86626,0.94111,0.96564,0.9269,0.235,0.22063,0.76666,0.00856549,0.00856549,0.00856549
1451,2250.85,0.37907,0.31795,0.81027,0.85054,0.9387,0.96016,0.92326,0.23483,0.22117,0.76671,0.0085645,0.0085645,0.0085645
1452,2252.3,0.36676,0.31863,0.81411,0.87478,0.92826,0.96365,0.92564,0.23393,0.21853,0.7665,0.00856351,0.00856351,0.00856351
1453,2253.84,0.36808,0.3156,0.80162,0.87718,0.92054,0.96422,0.92405,0.23492,0.22057,0.76628,0.00856252,0.00856252,0.00856252
1454,2255.41,0.3813,0.31908,0.8032,0.87347,0.92123,0.96259,0.92168,0.23624,0.22277,0.7667,0.00856153,0.00856153,0.00856153
1455,2256.88,0.37012,0.3218,0.81052,0.8621,0.92319,0.95866,0.91827,0.2349,0.22138,0.766,0.00856054,0.00856054,0.00856054
1456,2258.41,0.35448,0.30839,0.80847,0.86813,0.92709,0.96285,0.92605,0.22972,0.21697,0.76594,0.00855955,0.00855955,0.00855955
1457,2259.93,0.37863,0.31568,0.81793,0.89453,0.9343,0.96366,0.9245,0.23423,0.21913,0.76634,0.00855856,0.00855856,0.00855856
1458,2261.47,0.35044,0.30511,0.81814,0.87798,0.93256,0.96461,0.93029,0.22802,0.21713,0.76585,0.00855757,0.00855757,0.00855757
1459,2263.04,0.37562,0.31868,0.82008,0.88899,0.93369,0.96722,0.93212,0.23147,0.21921,0.76563,0.00855658,0.00855658,0.00855658
1460,2264.48,0.35831,0.31333,0.82378,0.87444,0.93545,0.96677,0.92842,0.22968,0.21878,0.76542,0.00855559,0.00855559,0.00855559
1461,2265.95,0.3682,0.30871,0.81511,0.8854,0.93833,0.96582,0.92681,0.23095,0.21761,0.76545,0.0085546,0.0085546,0.0085546
1462,2267.42,0.36878,0.31555,0.82111,0.89149,0.93477,0.96764,0.92795,0.23538,0.22145,0.76602,0.00855361,0.00855361,0.00855361
1463,2268.95,0.35934,0.30954,0.80984,0.87779,0.9394,0.96152,0.92523,0.22755,0.21889,0.76619,0.00855262,0.00855262,0.00855262
1464,2270.38,0.35399,0.3178,0.82007,0.884,0.94097,0.96271,0.92874,0.22997,0.21907,0.766,0.00855163,0.00855163,0.00855163
1465,2271.91,0.38388,0.32369,0.81157,0.86096,0.93359,0.95296,0.91716,0.2341,0.22036,0.76578,0.00855064,0.00855064,0.00855064
1466,2273.4,0.38925,0.33036,0.80841,0.88737,0.93865,0.95897,0.92434,0.23078,0.2204,0.7661,0.00854965,0.00854965,0.00854965
1467,2274.83,0.36583,0.32178,0.81244,0.88348,0.93777,0.96535,0.92776,0.23328,0.22148,0.76661,0.00854866,0.00854866,0.00854866
1468,2276.36,0.36857,0.32647,0.80906,0.87011,0.93772,0.96297,0.91906,0.24462,0.22534,0.76696,0.00854767,0.00854767,0.00854767
1469,2277.97,0.39998,0.33261,0.82448,0.85705,0.93318,0.96497,0.92529,0.23309,0.22164,0.7667,0.00854668,0.00854668,0.00854668
1470,2279.47,0.35382,0.30931,0.8089,0.84255,0.93365,0.96019,0.91388,0.25226,0.22838,0.76754,0.00854569,0.00854569,0.00854569
1471,2281,0.37412,0.31409,0.8119,0.86178,0.93468,0.96237,0.9167,0.24328,0.22317,0.7675,0.0085447,0.0085447,0.0085447
1472,2282.58,0.37621,0.31937,0.81376,0.87537,0.93409,0.95991,0.91943,0.23523,0.22024,0.76737,0.00854371,0.00854371,0.00854371
1473,2284.02,0.37171,0.31713,0.80833,0.87557,0.93597,0.95946,0.91674,0.24495,0.22211,0.76811,0.00854272,0.00854272,0.00854272
1474,2285.56,0.37644,0.31956,0.81557,0.88398,0.94009,0.97138,0.92912,0.25045,0.22215,0.76845,0.00854173,0.00854173,0.00854173
1475,2287.07,0.36439,0.30579,0.81146,0.86944,0.94108,0.96846,0.92492,0.24249,0.22082,0.76744,0.00854074,0.00854074,0.00854074
1476,2288.58,0.36601,0.30951,0.80488,0.86296,0.93969,0.96186,0.92442,0.25018,0.2212,0.7676,0.00853975,0.00853975,0.00853975
1477,2290.1,0.37577,0.30992,0.81248,0.8457,0.95077,0.96316,0.92647,0.25126,0.22136,0.76735,0.00853876,0.00853876,0.00853876
1478,2291.55,0.38528,0.31517,0.81991,0.86295,0.93827,0.96217,0.92538,0.24051,0.21809,0.76706,0.00853777,0.00853777,0.00853777
1479,2293.09,0.35825,0.30469,0.80814,0.88558,0.9512,0.96634,0.93017,0.24426,0.2191,0.76666,0.00853678,0.00853678,0.00853678
1480,2294.64,0.3628,0.30852,0.81284,0.87092,0.94761,0.97025,0.93612,0.23907,0.21591,0.76655,0.00853579,0.00853579,0.00853579
1481,2296.18,0.38226,0.31366,0.81183,0.88174,0.95029,0.96703,0.93389,0.23218,0.216,0.76631,0.0085348,0.0085348,0.0085348
1482,2297.62,0.36532,0.30268,0.81151,0.90035,0.95015,0.96985,0.93497,0.23901,0.21461,0.767,0.00853381,0.00853381,0.00853381
1483,2299.14,0.34933,0.3008,0.79835,0.90406,0.94935,0.97193,0.93783,0.23518,0.21254,0.76705,0.00853282,0.00853282,0.00853282
1484,2300.64,0.36095,0.29996,0.81421,0.89821,0.94124,0.9706,0.93658,0.23189,0.21442,0.76643,0.00853183,0.00853183,0.00853183
1485,2302.09,0.35768,0.30335,0.80643,0.88329,0.94082,0.96993,0.93268,0.23654,0.21586,0.76699,0.00853084,0.00853084,0.00853084
1486,2303.58,0.39203,0.32652,0.81895,0.88667,0.94384,0.97329,0.93415,0.23552,0.21656,0.76686,0.00852985,0.00852985,0.00852985
1487,2305.02,0.35364,0.3043,0.80867,0.89309,0.94177,0.96998,0.93018,0.23544,0.21736,0.76643,0.00852886,0.00852886,0.00852886
1488,2306.52,0.37741,0.31239,0.81467,0.89605,0.93792,0.96618,0.92822,0.23204,0.21437,0.76656,0.00852787,0.00852787,0.00852787
1489,2308.13,0.37082,0.30298,0.81652,0.87703,0.94141,0.96093,0.92389,0.23385,0.21616,0.76607,0.00852688,0.00852688,0.00852688
1490,2309.68,0.3698,0.31627,0.81229,0.88335,0.94562,0.9622,0.92752,0.23206,0.21471,0.76573,0.00852589,0.00852589,0.00852589
1491,2311.12,0.3608,0.2994,0.8082,0.88038,0.94399,0.966,0.92891,0.2371,0.21818,0.76552,0.0085249,0.0085249,0.0085249
1492,2312.62,0.36281,0.32951,0.80695,0.89059,0.94828,0.966,0.92815,0.24197,0.21989,0.76551,0.00852391,0.00852391,0.00852391
1493,2314.13,0.35926,0.30529,0.80687,0.87073,0.94387,0.96135,0.92523,0.23843,0.21685,0.76601,0.00852292,0.00852292,0.00852292
1494,2315.57,0.36076,0.30759,0.80228,0.8763,0.94062,0.96149,0.9283,0.24245,0.22043,0.7659,0.00852193,0.00852193,0.00852193
1495,2317.02,0.36563,0.31091,0.81658,0.89168,0.94603,0.96972,0.93248,0.23518,0.21782,0.76603,0.00852094,0.00852094,0.00852094
1496,2318.54,0.36108,0.30974,0.81457,0.8923,0.94559,0.96684,0.92757,0.23493,0.21601,0.76657,0.00851995,0.00851995,0.00851995
1497,2320,0.38048,0.32267,0.81004,0.88831,0.94363,0.9625,0.92408,0.23304,0.21785,0.76629,0.00851896,0.00851896,0.00851896
1498,2321.63,0.37679,0.3154,0.80631,0.88908,0.9391,0.9648,0.92411,0.23113,0.21663,0.76591,0.00851797,0.00851797,0.00851797
1499,2323.2,0.38162,0.31469,0.81888,0.8874,0.93724,0.96569,0.92319,0.23743,0.21766,0.76653,0.00851698,0.00851698,0.00851698
1500,2324.67,0.37433,0.32636,0.80529,0.88677,0.93692,0.96086,0.91706,0.23271,0.2182,0.76597,0.00851599,0.00851599,0.00851599
1501,2326.16,0.36105,0.31021,0.81522,0.85897,0.93719,0.96613,0.92341,0.2359,0.22078,0.76596,0.008515,0.008515,0.008515
1502,2327.63,0.37029,0.3209,0.81524,0.87744,0.94498,0.96629,0.9261,0.23322,0.217,0.76599,0.00851401,0.00851401,0.00851401
1503,2329.22,0.37137,0.31773,0.81805,0.87809,0.92974,0.9672,0.92946,0.23284,0.21777,0.76521,0.00851302,0.00851302,0.00851302
1504,2330.73,0.34782,0.30125,0.81502,0.87225,0.93397,0.96577,0.93112,0.22911,0.21556,0.76433,0.00851203,0.00851203,0.00851203
1505,2332.27,0.36981,0.32003,0.81723,0.84677,0.92039,0.96167,0.92931,0.23175,0.21543,0.76482,0.00851104,0.00851104,0.00851104
1506,2333.68,0.36062,0.31138,0.81183,0.88868,0.92281,0.96876,0.93651,0.22526,0.21535,0.76415,0.00851005,0.00851005,0.00851005
1507,2335.17,0.35084,0.30151,0.80764,0.87451,0.91932,0.96585,0.93379,0.22507,0.21506,0.76446,0.00850906,0.00850906,0.00850906
1508,2336.73,0.35211,0.30443,0.80765,0.87711,0.92704,0.96668,0.93339,0.22526,0.21572,0.76464,0.00850807,0.00850807,0.00850807
1509,2338.28,0.34366,0.3016,0.81053,0.89592,0.9346,0.9707,0.93879,0.22202,0.21591,0.7644,0.00850708,0.00850708,0.00850708
1510,2339.82,0.37924,0.31127,0.81716,0.89098,0.92541,0.96905,0.93366,0.22166,0.21668,0.76482,0.00850609,0.00850609,0.00850609
1511,2341.3,0.3668,0.31864,0.81078,0.88437,0.91679,0.96683,0.93505,0.22287,0.21826,0.76483,0.0085051,0.0085051,0.0085051
1512,2342.88,0.3727,0.30614,0.81433,0.8962,0.9168,0.96716,0.93287,0.22356,0.21807,0.76435,0.00850411,0.00850411,0.00850411
1513,2344.41,0.38206,0.31311,0.82005,0.89951,0.93107,0.96833,0.93254,0.22572,0.21732,0.7651,0.00850312,0.00850312,0.00850312
1514,2345.86,0.36028,0.31252,0.80517,0.89658,0.92547,0.96521,0.93106,0.22785,0.219,0.76462,0.00850213,0.00850213,0.00850213
1515,2347.37,0.38147,0.31084,0.81987,0.90789,0.92697,0.96689,0.92952,0.22684,0.21767,0.76462,0.00850114,0.00850114,0.00850114
1516,2348.84,0.36325,0.30775,0.81191,0.91235,0.93101,0.97019,0.93143,0.22899,0.21777,0.7649,0.00850015,0.00850015,0.00850015
1517,2350.37,0.35807,0.3037,0.80581,0.90554,0.93005,0.96393,0.92714,0.22698,0.21693,0.7648,0.00849916,0.00849916,0.00849916
1518,2351.9,0.39557,0.31838,0.81686,0.9032,0.93548,0.96684,0.92777,0.23016,0.21654,0.76551,0.00849817,0.00849817,0.00849817
1519,2353.41,0.35732,0.30245,0.81466,0.89712,0.93176,0.96464,0.9255,0.23261,0.21785,0.76566,0.00849718,0.00849718,0.00849718
1520,2354.94,0.37454,0.3099,0.81873,0.88999,0.93493,0.9645,0.92712,0.23261,0.21766,0.7653,0.00849619,0.00849619,0.00849619
1521,2356.43,0.36527,0.2961,0.81447,0.87508,0.92964,0.9607,0.92183,0.23689,0.21665,0.76578,0.0084952,0.0084952,0.0084952
1522,2357.91,0.36829,0.30386,0.80945,0.88539,0.93794,0.96811,0.92913,0.23145,0.21438,0.76489,0.00849421,0.00849421,0.00849421
1523,2359.42,0.35513,0.30271,0.8136,0.88709,0.94293,0.96424,0.92932,0.22637,0.21329,0.76421,0.00849322,0.00849322,0.00849322
1524,2360.91,0.35789,0.30773,0.81686,0.88857,0.94276,0.96568,0.92832,0.23169,0.21398,0.76438,0.00849223,0.00849223,0.00849223
1525,2362.46,0.35224,0.29814,0.80871,0.90016,0.94066,0.97175,0.93773,0.23043,0.21336,0.76407,0.00849124,0.00849124,0.00849124
1526,2363.97,0.35002,0.29907,0.80938,0.89869,0.94024,0.97186,0.94008,0.2219,0.21142,0.76369,0.00849025,0.00849025,0.00849025
1527,2365.49,0.36049,0.31163,0.81118,0.90758,0.94449,0.97405,0.94049,0.22431,0.21364,0.76338,0.00848926,0.00848926,0.00848926
1528,2367,0.36542,0.31208,0.81309,0.90716,0.94163,0.9729,0.93953,0.22471,0.21352,0.76326,0.00848827,0.00848827,0.00848827
1529,2368.48,0.35394,0.30587,0.81735,0.8986,0.93722,0.97333,0.94103,0.21704,0.21132,0.76329,0.00848728,0.00848728,0.00848728
1530,2370.02,0.37271,0.31147,0.82012,0.90959,0.94415,0.9727,0.94045,0.2282,0.21645,0.76369,0.00848629,0.00848629,0.00848629
1531,2371.52,0.33751,0.29299,0.80263,0.90788,0.94574,0.97152,0.9377,0.23567,0.21915,0.76437,0.0084853,0.0084853,0.0084853
1532,2372.97,0.37071,0.31006,0.80484,0.90213,0.94562,0.97025,0.93872,0.22557,0.21623,0.76443,0.00848431,0.00848431,0.00848431
1533,2374.52,0.37007,0.31738,0.81318,0.89481,0.93663,0.96882,0.93478,0.24015,0.22162,0.76457,0.00848332,0.00848332,0.00848332
1534,2375.95,0.35563,0.30658,0.80708,0.88842,0.93994,0.96997,0.93536,0.23807,0.22254,0.76407,0.00848233,0.00848233,0.00848233
1535,2377.44,0.37134,0.31745,0.80896,0.89606,0.93618,0.96811,0.93678,0.22231,0.2166,0.76331,0.00848134,0.00848134,0.00848134
1536,2378.91,0.34889,0.30834,0.82212,0.90604,0.93403,0.96991,0.93801,0.23406,0.21974,0.76419,0.00848035,0.00848035,0.00848035
1537,2380.44,0.35123,0.31245,0.80806,0.89613,0.93794,0.9732,0.93802,0.22808,0.21748,0.76372,0.00847936,0.00847936,0.00847936
1538,2381.9,0.3709,0.32321,0.81737,0.88316,0.93618,0.96984,0.94065,0.21696,0.21358,0.76356,0.00847837,0.00847837,0.00847837
1539,2383.44,0.35856,0.31317,0.8172,0.89503,0.94115,0.9707,0.93456,0.22315,0.21551,0.76377,0.00847738,0.00847738,0.00847738
1540,2384.95,0.37068,0.31575,0.82438,0.88163,0.93526,0.97119,0.9354,0.22301,0.21631,0.76406,0.00847639,0.00847639,0.00847639
1541,2386.34,0.36189,0.31317,0.82193,0.89183,0.94517,0.96678,0.93268,0.2174,0.21319,0.76396,0.0084754,0.0084754,0.0084754
1542,2387.74,0.3526,0.30779,0.80704,0.9056,0.94638,0.97025,0.93812,0.22245,0.21567,0.7639,0.00847441,0.00847441,0.00847441
1543,2389.15,0.34193,0.307,0.80771,0.90137,0.94451,0.97272,0.93964,0.22524,0.21539,0.7648,0.00847342,0.00847342,0.00847342
1544,2390.54,0.36035,0.31262,0.80633,0.89772,0.94684,0.97525,0.9404,0.21474,0.20966,0.76484,0.00847243,0.00847243,0.00847243
1545,2391.93,0.35444,0.30776,0.80566,0.89053,0.94616,0.97054,0.93816,0.22747,0.21395,0.76538,0.00847144,0.00847144,0.00847144
1546,2393.37,0.35213,0.30349,0.80588,0.87498,0.93659,0.9681,0.9372,0.22271,0.21121,0.76506,0.00847045,0.00847045,0.00847045
1547,2394.82,0.36637,0.31111,0.81428,0.86685,0.93655,0.96615,0.93674,0.21133,0.20779,0.76481,0.00846946,0.00846946,0.00846946
1548,2396.21,0.34877,0.30067,0.80779,0.86116,0.92957,0.96329,0.93308,0.21626,0.21001,0.76434,0.00846847,0.00846847,0.00846847
1549,2397.71,0.35323,0.30887,0.80959,0.87229,0.9395,0.969,0.93679,0.21381,0.20812,0.76494,0.00846748,0.00846748,0.00846748
1550,2399.15,0.37453,0.31534,0.81201,0.8704,0.94296,0.9692,0.93907,0.21154,0.20746,0.76513,0.00846649,0.00846649,0.00846649
1551,2400.54,0.36605,0.31201,0.8199,0.90442,0.93922,0.97088,0.9425,0.21312,0.20817,0.76531,0.0084655,0.0084655,0.0084655
1552,2401.97,0.34983,0.31156,0.81184,0.88821,0.93914,0.96839,0.93708,0.21695,0.20941,0.76534,0.00846451,0.00846451,0.00846451
1553,2403.4,0.35601,0.31198,0.81218,0.90503,0.94809,0.97268,0.94293,0.21179,0.20647,0.76531,0.00846352,0.00846352,0.00846352
1554,2404.83,0.36195,0.31003,0.82022,0.87839,0.94408,0.96733,0.93742,0.21969,0.20995,0.76547,0.00846253,0.00846253,0.00846253
1555,2406.33,0.3813,0.32594,0.81206,0.88925,0.94191,0.96353,0.93375,0.22047,0.20956,0.7656,0.00846154,0.00846154,0.00846154
1556,2407.79,0.35822,0.3068,0.82155,0.89436,0.94245,0.96995,0.93847,0.21607,0.20756,0.76531,0.00846055,0.00846055,0.00846055
1557,2409.21,0.3553,0.30761,0.81531,0.90314,0.94093,0.96995,0.94039,0.21544,0.20766,0.76493,0.00845956,0.00845956,0.00845956
1558,2410.78,0.37117,0.31601,0.81444,0.8848,0.94375,0.96662,0.936,0.21773,0.20743,0.76483,0.00845857,0.00845857,0.00845857
1559,2412.31,0.34662,0.29764,0.80791,0.88374,0.94854,0.96855,0.93473,0.22072,0.20837,0.7646,0.00845758,0.00845758,0.00845758
1560,2413.9,0.37266,0.3067,0.81242,0.88285,0.94901,0.96804,0.93803,0.21859,0.20772,0.76401,0.00845659,0.00845659,0.00845659
1561,2415.46,0.37039,0.31227,0.81982,0.88777,0.94043,0.9662,0.93597,0.22016,0.20839,0.76394,0.0084556,0.0084556,0.0084556
1562,2416.92,0.36456,0.30656,0.80671,0.89242,0.94189,0.96946,0.93684,0.22262,0.20908,0.76388,0.00845461,0.00845461,0.00845461
1563,2418.46,0.37039,0.30592,0.80802,0.89028,0.94229,0.96677,0.93533,0.22138,0.2102,0.76401,0.00845362,0.00845362,0.00845362
1564,2420.02,0.36352,0.30749,0.81731,0.87985,0.9376,0.96331,0.93131,0.22588,0.21138,0.76404,0.00845263,0.00845263,0.00845263
1565,2421.47,0.37641,0.31687,0.80679,0.88596,0.94286,0.96528,0.93051,0.2202,0.20791,0.76357,0.00845164,0.00845164,0.00845164
1566,2422.96,0.36523,0.3082,0.80923,0.88936,0.94102,0.9694,0.93639,0.22503,0.21028,0.76429,0.00845065,0.00845065,0.00845065
1567,2424.42,0.36563,0.30993,0.81098,0.87605,0.92284,0.9699,0.93716,0.22597,0.21194,0.76453,0.00844966,0.00844966,0.00844966
1568,2425.97,0.36688,0.30052,0.80958,0.87632,0.92746,0.96916,0.93763,0.21643,0.20819,0.76453,0.00844867,0.00844867,0.00844867
1569,2427.53,0.36295,0.30654,0.81509,0.88135,0.91889,0.96635,0.93588,0.22211,0.21035,0.76482,0.00844768,0.00844768,0.00844768
1570,2429.11,0.37978,0.31026,0.81775,0.88047,0.92724,0.96634,0.93464,0.22299,0.20919,0.76499,0.00844669,0.00844669,0.00844669
1571,2430.56,0.34803,0.29214,0.80679,0.88634,0.93178,0.97013,0.93735,0.21613,0.20774,0.76458,0.0084457,0.0084457,0.0084457
1572,2432.06,0.34923,0.2911,0.81077,0.90219,0.92612,0.96697,0.93624,0.219,0.20817,0.7645,0.00844471,0.00844471,0.00844471
1573,2433.61,0.34487,0.29817,0.80864,0.89255,0.93285,0.96955,0.93794,0.21584,0.20677,0.76385,0.00844372,0.00844372,0.00844372
1574,2435.16,0.37275,0.32365,0.80977,0.89499,0.93819,0.97148,0.93924,0.21102,0.20488,0.76328,0.00844273,0.00844273,0.00844273
1575,2436.63,0.34738,0.30343,0.81301,0.90071,0.93655,0.97138,0.93935,0.21613,0.20865,0.76341,0.00844174,0.00844174,0.00844174
1576,2438.14,0.38895,0.32198,0.81922,0.8984,0.92938,0.96688,0.93691,0.22003,0.21172,0.76363,0.00844075,0.00844075,0.00844075
1577,2439.61,0.34536,0.30732,0.8176,0.88016,0.92882,0.96348,0.93127,0.2151,0.2082,0.76322,0.00843976,0.00843976,0.00843976
1578,2441.11,0.35203,0.30504,0.80498,0.87709,0.92162,0.96245,0.93086,0.22157,0.21085,0.76362,0.00843877,0.00843877,0.00843877
1579,2442.64,0.36457,0.31416,0.80978,0.87682,0.92772,0.959,0.92861,0.22578,0.21289,0.76392,0.00843778,0.00843778,0.00843778
1580,2444.19,0.37538,0.31527,0.81543,0.8866,0.93793,0.96235,0.93045,0.21711,0.20894,0.76404,0.00843679,0.00843679,0.00843679
1581,2445.69,0.36475,0.31336,0.81881,0.88228,0.92609,0.96194,0.93266,0.22606,0.21267,0.76408,0.0084358,0.0084358,0.0084358
1582,2447.23,0.36325,0.31043,0.809,0.88346,0.92169,0.9577,0.92801,0.22304,0.21261,0.76326,0.00843481,0.00843481,0.00843481
1583,2448.73,0.36185,0.3047,0.81511,0.88762,0.93126,0.96335,0.93491,0.21455,0.20817,0.76307,0.00843382,0.00843382,0.00843382
1584,2450.23,0.38171,0.3118,0.81012,0.89406,0.92879,0.96268,0.93431,0.22189,0.21173,0.76303,0.00843283,0.00843283,0.00843283
1585,2451.77,0.36951,0.31143,0.8129,0.89403,0.94201,0.96857,0.93729,0.21827,0.20964,0.76284,0.00843184,0.00843184,0.00843184
1586,2453.23,0.36105,0.30549,0.80901,0.89576,0.94428,0.96996,0.9403,0.21504,0.20784,0.76311,0.00843085,0.00843085,0.00843085
1587,2454.72,0.38556,0.31201,0.82111,0.89506,0.94297,0.96902,0.93928,0.21997,0.21083,0.76287,0.00842986,0.00842986,0.00842986
1588,2456.24,0.34817,0.30132,0.81097,0.90074,0.94213,0.96822,0.93935,0.21982,0.21075,0.76296,0.00842887,0.00842887,0.00842887
1589,2457.74,0.36386,0.30787,0.81642,0.90638,0.94739,0.97303,0.94212,0.21474,0.20631,0.76289,0.00842788,0.00842788,0.00842788
1590,2459.21,0.36605,0.30922,0.81188,0.89921,0.94337,0.9705,0.94342,0.22223,0.20976,0.76305,0.00842689,0.00842689,0.00842689
1591,2460.67,0.34176,0.30545,0.81131,0.89704,0.93908,0.96775,0.93823,0.22277,0.21006,0.76302,0.0084259,0.0084259,0.0084259
1592,2462.17,0.37943,0.31596,0.80978,0.89664,0.94265,0.96889,0.93483,0.21742,0.2061,0.76323,0.00842491,0.00842491,0.00842491
1593,2463.63,0.33594,0.29565,0.80979,0.90195,0.94145,0.96915,0.9364,0.22061,0.20794,0.76319,0.00842392,0.00842392,0.00842392
1594,2465.14,0.35972,0.30386,0.81539,0.90667,0.94944,0.96773,0.93514,0.21988,0.20806,0.76329,0.00842293,0.00842293,0.00842293
1595,2466.62,0.34793,0.29685,0.81432,0.90141,0.94901,0.96285,0.93091,0.21904,0.20774,0.76404,0.00842194,0.00842194,0.00842194
1596,2468.07,0.3395,0.29781,0.80448,0.91072,0.94639,0.9692,0.93267,0.21911,0.20906,0.76383,0.00842095,0.00842095,0.00842095
1597,2469.5,0.37264,0.30459,0.81462,0.89283,0.94392,0.96227,0.92647,0.22022,0.20812,0.76412,0.00841996,0.00841996,0.00841996
1598,2471.01,0.35605,0.30342,0.80623,0.87418,0.94066,0.95679,0.91892,0.22399,0.2096,0.76439,0.00841897,0.00841897,0.00841897
1599,2472.55,0.36204,0.30327,0.80702,0.8851,0.93562,0.95457,0.91905,0.2238,0.21003,0.76448,0.00841798,0.00841798,0.00841798
1600,2474.2,0.35966,0.2994,0.80901,0.88265,0.92691,0.95881,0.91885,0.22315,0.20994,0.76448,0.00841699,0.00841699,0.00841699
1601,2475.79,0.36596,0.31431,0.81053,0.88256,0.92377,0.95391,0.9143,0.22231,0.20877,0.76462,0.008416,0.008416,0.008416
1602,2477.21,0.3559,0.31019,0.80912,0.87568,0.92101,0.9574,0.91901,0.22219,0.21137,0.76336,0.00841501,0.00841501,0.00841501
1603,2478.69,0.34363,0.30436,0.81334,0.88607,0.92669,0.9679,0.92954,0.22249,0.21259,0.76328,0.00841402,0.00841402,0.00841402
1604,2480.22,0.38295,0.32009,0.80641,0.90438,0.92341,0.96829,0.92982,0.21614,0.20762,0.7637,0.00841303,0.00841303,0.00841303
1605,2481.66,0.35454,0.29729,0.81887,0.88498,0.92693,0.96968,0.93295,0.2247,0.21172,0.7638,0.00841204,0.00841204,0.00841204
1606,2483.19,0.34801,0.30087,0.80936,0.88804,0.93598,0.96914,0.93917,0.2178,0.20856,0.76327,0.00841105,0.00841105,0.00841105
1607,2484.62,0.36734,0.3094,0.8142,0.88458,0.9383,0.96738,0.93053,0.21267,0.20928,0.76289,0.00841006,0.00841006,0.00841006
1608,2486.1,0.35211,0.30153,0.81379,0.89408,0.94588,0.97434,0.94498,0.21469,0.20889,0.76262,0.00840907,0.00840907,0.00840907
1609,2487.69,0.37608,0.32276,0.81794,0.89742,0.955,0.97407,0.94489,0.21221,0.20832,0.76248,0.00840808,0.00840808,0.00840808
1610,2489.31,0.33954,0.30051,0.80937,0.87124,0.96162,0.97201,0.93982,0.21331,0.20883,0.76243,0.00840709,0.00840709,0.00840709
1611,2490.84,0.36006,0.30056,0.81498,0.85666,0.95906,0.97272,0.93879,0.21151,0.20839,0.76248,0.0084061,0.0084061,0.0084061
1612,2492.36,0.34666,0.30345,0.80202,0.87112,0.95957,0.97308,0.94014,0.21249,0.20857,0.76272,0.00840511,0.00840511,0.00840511
1613,2493.87,0.3591,0.30292,0.81397,0.88349,0.95411,0.96917,0.93664,0.21818,0.21141,0.76327,0.00840412,0.00840412,0.00840412
1614,2495.33,0.35653,0.30074,0.81294,0.8894,0.95027,0.9729,0.93995,0.21457,0.20937,0.76249,0.00840313,0.00840313,0.00840313
1615,2496.86,0.35228,0.30777,0.80479,0.88472,0.93813,0.96959,0.93538,0.21537,0.20768,0.76192,0.00840214,0.00840214,0.00840214
1616,2498.31,0.36948,0.31759,0.81135,0.87148,0.94253,0.97315,0.93985,0.21143,0.20589,0.76214,0.00840115,0.00840115,0.00840115
1617,2499.78,0.38714,0.31689,0.82153,0.87972,0.94152,0.97124,0.93859,0.21379,0.20762,0.76183,0.00840016,0.00840016,0.00840016
1618,2501.42,0.36849,0.31056,0.81386,0.88295,0.94046,0.96989,0.93969,0.21127,0.20703,0.76199,0.00839917,0.00839917,0.00839917
1619,2503.01,0.35472,0.30838,0.81397,0.89048,0.94582,0.97115,0.94261,0.2124,0.20619,0.76212,0.00839818,0.00839818,0.00839818
1620,2504.53,0.35173,0.31072,0.80698,0.88583,0.94319,0.97238,0.94069,0.21158,0.20622,0.76234,0.00839719,0.00839719,0.00839719
1621,2506.05,0.35925,0.31492,0.81262,0.88091,0.94084,0.97052,0.93742,0.21274,0.20642,0.76297,0.0083962,0.0083962,0.0083962
1622,2507.53,0.34137,0.30342,0.81034,0.88264,0.94624,0.9724,0.94138,0.21663,0.20821,0.76277,0.00839521,0.00839521,0.00839521
1623,2509.08,0.34218,0.29887,0.80945,0.87526,0.94636,0.97007,0.93419,0.21073,0.20558,0.76308,0.00839422,0.00839422,0.00839422
1624,2510.6,0.3566,0.31891,0.81004,0.86417,0.94227,0.96766,0.92999,0.21133,0.2082,0.76345,0.00839323,0.00839323,0.00839323
1625,2512.14,0.35593,0.31186,0.80234,0.90329,0.94805,0.96949,0.94182,0.21007,0.20707,0.7635,0.00839224,0.00839224,0.00839224
1626,2513.58,0.35861,0.31347,0.80987,0.88901,0.9458,0.97235,0.9394,0.21165,0.20796,0.76361,0.00839125,0.00839125,0.00839125
1627,2515.08,0.37276,0.32163,0.81445,0.89278,0.94666,0.9716,0.93495,0.21363,0.20714,0.76371,0.00839026,0.00839026,0.00839026
1628,2516.55,0.34285,0.29944,0.81735,0.90846,0.94823,0.97099,0.93673,0.21899,0.21106,0.76374,0.00838927,0.00838927,0.00838927
1629,2518.06,0.34547,0.30576,0.81529,0.90423,0.94997,0.97243,0.93319,0.2169,0.20876,0.76422,0.00838828,0.00838828,0.00838828
1630,2519.57,0.36971,0.31422,0.82135,0.90006,0.94829,0.97291,0.93955,0.22113,0.20807,0.76482,0.00838729,0.00838729,0.00838729
1631,2521.08,0.35575,0.31764,0.81654,0.8977,0.94852,0.972,0.93542,0.22257,0.21037,0.76479,0.0083863,0.0083863,0.0083863
1632,2522.57,0.34822,0.30372,0.80782,0.89923,0.95274,0.97447,0.93887,0.21989,0.2086,0.76497,0.00838531,0.00838531,0.00838531
1633,2524.09,0.36158,0.31141,0.81559,0.89418,0.94693,0.97201,0.93502,0.22363,0.21065,0.76561,0.00838432,0.00838432,0.00838432
1634,2525.61,0.34933,0.29836,0.81092,0.89909,0.94688,0.97056,0.93084,0.22131,0.20879,0.76584,0.00838333,0.00838333,0.00838333
1635,2527.09,0.35097,0.30273,0.8045,0.89092,0.94267,0.96833,0.92998,0.22295,0.20999,0.76571,0.00838234,0.00838234,0.00838234
1636,2528.52,0.345,0.2978,0.81504,0.89038,0.94349,0.97011,0.93531,0.21958,0.20756,0.76507,0.00838135,0.00838135,0.00838135
1637,2530.01,0.33855,0.29852,0.80988,0.89569,0.94562,0.97147,0.933,0.22014,0.20661,0.76532,0.00838036,0.00838036,0.00838036
1638,2531.58,0.36724,0.31129,0.82033,0.90069,0.94272,0.97089,0.93313,0.21482,0.20536,0.76421,0.00837937,0.00837937,0.00837937
1639,2533.15,0.3571,0.30604,0.81474,0.90973,0.94187,0.97398,0.93989,0.21292,0.20562,0.76353,0.00837838,0.00837838,0.00837838
1640,2534.72,0.36388,0.30552,0.80544,0.91439,0.94016,0.97174,0.93996,0.21662,0.20771,0.76393,0.00837739,0.00837739,0.00837739
1641,2536.24,0.35917,0.29964,0.8071,0.89268,0.94085,0.96826,0.93364,0.21478,0.20805,0.76332,0.0083764,0.0083764,0.0083764
1642,2537.74,0.34512,0.30402,0.81157,0.89047,0.95256,0.97066,0.93988,0.21555,0.20742,0.76341,0.00837541,0.00837541,0.00837541
1643,2539.21,0.3556,0.30207,0.81244,0.89316,0.95031,0.97194,0.93831,0.21428,0.20672,0.76384,0.00837442,0.00837442,0.00837442
1644,2540.65,0.35252,0.29771,0.81742,0.88241,0.94756,0.97272,0.93783,0.21374,0.20629,0.76348,0.00837343,0.00837343,0.00837343
1645,2542.18,0.36105,0.3074,0.80734,0.88201,0.95311,0.97088,0.93915,0.2156,0.20601,0.76365,0.00837244,0.00837244,0.00837244
1646,2543.7,0.34506,0.29763,0.80628,0.87126,0.95307,0.96506,0.93265,0.21536,0.20655,0.76355,0.00837145,0.00837145,0.00837145
1647,2545.22,0.34478,0.2983,0.81065,0.87216,0.95123,0.96484,0.93213,0.21168,0.20248,0.76299,0.00837046,0.00837046,0.00837046
1648,2546.74,0.33303,0.29773,0.8085,0.88227,0.94762,0.96723,0.93426,0.20987,0.2028,0.76307,0.00836947,0.00836947,0.00836947
1649,2548.33,0.37035,0.32045,0.81247,0.89812,0.94153,0.96909,0.93703,0.20969,0.20426,0.76374,0.00836848,0.00836848,0.00836848
1650,2549.99,0.3438,0.29845,0.81311,0.89019,0.93781,0.96676,0.93538,0.21293,0.20414,0.76365,0.00836749,0.00836749,0.00836749
1651,2551.49,0.34817,0.31094,0.81038,0.90497,0.92727,0.97009,0.9399,0.21742,0.20644,0.764,0.0083665,0.0083665,0.0083665
1652,2553.02,0.35162,0.30334,0.80997,0.9112,0.93521,0.97185,0.94269,0.21344,0.2057,0.76421,0.00836551,0.00836551,0.00836551
1653,2554.47,0.34061,0.3113,0.80615,0.90241,0.93555,0.96972,0.93991,0.21369,0.20591,0.7638,0.00836452,0.00836452,0.00836452
1654,2555.96,0.33753,0.30535,0.80923,0.90092,0.93588,0.97117,0.9412,0.21306,0.2052,0.7639,0.00836353,0.00836353,0.00836353
1655,2557.48,0.36271,0.30553,0.81138,0.90056,0.93715,0.96962,0.93937,0.21734,0.20649,0.76495,0.00836254,0.00836254,0.00836254
1656,2558.96,0.34983,0.29763,0.80891,0.89851,0.94135,0.96825,0.93996,0.21478,0.20771,0.7643,0.00836155,0.00836155,0.00836155
1657,2560.42,0.32647,0.29092,0.81271,0.90041,0.94701,0.97206,0.9393,0.21783,0.20787,0.76417,0.00836056,0.00836056,0.00836056
1658,2561.92,0.35215,0.2895,0.81446,0.88588,0.94725,0.96675,0.93624,0.22976,0.21113,0.76507,0.00835957,0.00835957,0.00835957
1659,2563.51,0.35971,0.29887,0.80967,0.88119,0.94939,0.96992,0.93935,0.22118,0.20897,0.76473,0.00835858,0.00835858,0.00835858
1660,2565.05,0.38205,0.31025,0.81708,0.90158,0.94812,0.96837,0.93942,0.22387,0.2115,0.76513,0.00835759,0.00835759,0.00835759
1661,2566.49,0.34012,0.28841,0.80935,0.90567,0.94898,0.96858,0.93745,0.22707,0.2109,0.76531,0.0083566,0.0083566,0.0083566
1662,2567.99,0.35308,0.29644,0.81667,0.90784,0.9497,0.96942,0.93919,0.22327,0.20966,0.76497,0.00835561,0.00835561,0.00835561
1663,2569.51,0.35124,0.29381,0.81569,0.9096,0.94989,0.96911,0.93906,0.22298,0.20913,0.76566,0.00835462,0.00835462,0.00835462
1664,2571.01,0.35077,0.29956,0.80974,0.91332,0.94128,0.97309,0.9416,0.2276,0.20815,0.76577,0.00835363,0.00835363,0.00835363
1665,2572.52,0.37313,0.30616,0.80929,0.89716,0.93831,0.96886,0.93576,0.22537,0.20849,0.76543,0.00835264,0.00835264,0.00835264
1666,2573.98,0.35764,0.29534,0.80412,0.91297,0.93472,0.97019,0.93784,0.22683,0.20948,0.76479,0.00835165,0.00835165,0.00835165
1667,2575.46,0.34251,0.29277,0.81023,0.89158,0.92925,0.96767,0.93058,0.23193,0.2116,0.76477,0.00835066,0.00835066,0.00835066
1668,2576.92,0.37048,0.30586,0.81184,0.91304,0.93261,0.96696,0.9331,0.23037,0.21093,0.76539,0.00834967,0.00834967,0.00834967
1669,2578.49,0.3325,0.28695,0.80428,0.9047,0.94003,0.96811,0.93187,0.23318,0.21142,0.76574,0.00834868,0.00834868,0.00834868
1670,2579.97,0.35945,0.29514,0.80326,0.89243,0.94144,0.97027,0.93599,0.2316,0.21166,0.76562,0.00834769,0.00834769,0.00834769
1671,2581.42,0.35118,0.29401,0.80544,0.89276,0.93795,0.96431,0.93,0.22925,0.20972,0.76528,0.0083467,0.0083467,0.0083467
1672,2582.9,0.34849,0.29343,0.8091,0.90434,0.9397,0.96555,0.93408,0.22257,0.20895,0.76341,0.00834571,0.00834571,0.00834571
1673,2584.4,0.35306,0.29651,0.80665,0.91108,0.9383,0.96842,0.93771,0.22089,0.20805,0.7633,0.00834472,0.00834472,0.00834472
1674,2585.89,0.35905,0.29021,0.81476,0.90452,0.93889,0.96927,0.93885,0.21988,0.2084,0.76261,0.00834373,0.00834373,0.00834373
1675,2587.37,0.32593,0.29205,0.80036,0.89958,0.93842,0.96878,0.94038,0.21882,0.20866,0.76229,0.00834274,0.00834274,0.00834274
1676,2588.93,0.34852,0.29763,0.80632,0.90205,0.93882,0.96708,0.93898,0.21836,0.20742,0.76276,0.00834175,0.00834175,0.00834175
1677,2590.38,0.3646,0.29986,0.81213,0.90231,0.94081,0.97037,0.94255,0.21849,0.20859,0.7623,0.00834076,0.00834076,0.00834076
1678,2591.91,0.36406,0.29577,0.81433,0.90442,0.94227,0.96841,0.93802,0.21759,0.2077,0.76273,0.00833977,0.00833977,0.00833977
1679,2593.61,0.35152,0.30551,0.81182,0.86542,0.93999,0.96539,0.92966,0.22853,0.21247,0.76336,0.00833878,0.00833878,0.00833878
1680,2595.08,0.3639,0.30378,0.81198,0.88213,0.94399,0.97019,0.93601,0.22205,0.21007,0.76354,0.00833779,0.00833779,0.00833779
1681,2596.62,0.3654,0.30217,0.80871,0.88689,0.93265,0.96665,0.93497,0.2215,0.20893,0.76332,0.0083368,0.0083368,0.0083368
1682,2598.09,0.34535,0.29366,0.81276,0.90859,0.93893,0.97235,0.9402,0.22359,0.20772,0.76354,0.00833581,0.00833581,0.00833581
1683,2599.56,0.35816,0.30348,0.81821,0.90319,0.94092,0.972,0.93936,0.2238,0.21014,0.76353,0.00833482,0.00833482,0.00833482
1684,2601.03,0.34328,0.29499,0.81005,0.89694,0.93835,0.97213,0.93844,0.22426,0.2086,0.76395,0.00833383,0.00833383,0.00833383
1685,2602.56,0.36278,0.29727,0.81104,0.90679,0.94045,0.97543,0.94285,0.22521,0.20902,0.76431,0.00833284,0.00833284,0.00833284
1686,2604.02,0.34479,0.29589,0.81064,0.91682,0.94086,0.97514,0.94442,0.22189,0.20862,0.76359,0.00833185,0.00833185,0.00833185
1687,2605.53,0.35382,0.29938,0.8183,0.90338,0.94134,0.9723,0.93967,0.2114,0.20373,0.76237,0.00833086,0.00833086,0.00833086
1688,2607.04,0.36139,0.30927,0.81919,0.90723,0.942,0.97639,0.94572,0.2149,0.20639,0.76211,0.00832987,0.00832987,0.00832987
1689,2608.59,0.33819,0.29595,0.81063,0.91305,0.94226,0.97396,0.94281,0.20898,0.20343,0.76181,0.00832888,0.00832888,0.00832888
1690,2610.09,0.35199,0.30086,0.81081,0.88715,0.94685,0.97448,0.94356,0.20998,0.20353,0.76198,0.00832789,0.00832789,0.00832789
1691,2611.62,0.35426,0.3048,0.80744,0.88613,0.94852,0.9736,0.93624,0.21219,0.20447,0.76228,0.0083269,0.0083269,0.0083269
1692,2613.15,0.35306,0.30066,0.81242,0.88841,0.94293,0.97564,0.94321,0.2111,0.20386,0.76269,0.00832591,0.00832591,0.00832591
1693,2614.64,0.35553,0.31076,0.82334,0.89226,0.93767,0.9714,0.93323,0.21648,0.20815,0.7635,0.00832492,0.00832492,0.00832492
1694,2616.11,0.35476,0.31187,0.80115,0.88518,0.93592,0.97066,0.93042,0.21939,0.20929,0.76356,0.00832393,0.00832393,0.00832393
1695,2617.59,0.35214,0.30985,0.81195,0.88171,0.93512,0.96519,0.92862,0.21846,0.20921,0.76381,0.00832294,0.00832294,0.00832294
1696,2619.09,0.33698,0.29503,0.80812,0.89202,0.94055,0.97244,0.93441,0.21787,0.20783,0.76417,0.00832195,0.00832195,0.00832195
1697,2620.52,0.3649,0.30943,0.80831,0.89243,0.93528,0.96548,0.92725,0.21835,0.20529,0.76456,0.00832096,0.00832096,0.00832096
1698,2622,0.3468,0.3057,0.80243,0.88456,0.94315,0.9655,0.93214,0.2156,0.20459,0.76433,0.00831997,0.00831997,0.00831997
1699,2623.6,0.3633,0.31172,0.8174,0.86559,0.94414,0.95959,0.9279,0.21435,0.20485,0.76416,0.00831898,0.00831898,0.00831898
1700,2625.12,0.3684,0.31163,0.81632,0.87337,0.94724,0.96304,0.93084,0.21454,0.20517,0.76452,0.00831799,0.00831799,0.00831799
1701,2626.61,0.33163,0.28762,0.80392,0.88021,0.9456,0.96231,0.93059,0.21433,0.20482,0.76423,0.008317,0.008317,0.008317
1702,2628.11,0.34648,0.29897,0.80527,0.88374,0.94118,0.96826,0.93753,0.21652,0.20422,0.76469,0.00831601,0.00831601,0.00831601
1703,2629.62,0.36534,0.30568,0.8111,0.8783,0.9388,0.96181,0.93171,0.21901,0.20491,0.76477,0.00831502,0.00831502,0.00831502
1704,2631.08,0.35461,0.30661,0.8086,0.88583,0.93336,0.96789,0.93538,0.21921,0.20555,0.76491,0.00831403,0.00831403,0.00831403
1705,2632.64,0.31538,0.28137,0.80333,0.87851,0.92736,0.96757,0.9365,0.219,0.20643,0.76425,0.00831304,0.00831304,0.00831304
1706,2634.12,0.36146,0.30606,0.81115,0.88342,0.92463,0.96953,0.9412,0.2187,0.20572,0.76363,0.00831205,0.00831205,0.00831205
1707,2635.57,0.33758,0.29428,0.80485,0.882,0.92899,0.96862,0.93405,0.21836,0.20666,0.76384,0.00831106,0.00831106,0.00831106
1708,2637.02,0.3361,0.2978,0.8115,0.88844,0.93391,0.96848,0.9309,0.21612,0.20731,0.76364,0.00831007,0.00831007,0.00831007
1709,2638.59,0.3375,0.30038,0.8052,0.89558,0.94032,0.97249,0.9378,0.2164,0.20715,0.7638,0.00830908,0.00830908,0.00830908
1710,2640.19,0.3547,0.30555,0.81891,0.8872,0.93524,0.97098,0.93551,0.21656,0.20919,0.76385,0.00830809,0.00830809,0.00830809
1711,2641.71,0.33946,0.2924,0.81059,0.88351,0.93733,0.9676,0.93273,0.21444,0.20668,0.76399,0.0083071,0.0083071,0.0083071
1712,2643.13,0.3578,0.30275,0.81849,0.88223,0.94825,0.97176,0.93804,0.21595,0.20883,0.76359,0.00830611,0.00830611,0.00830611
1713,2644.62,0.34978,0.30909,0.80365,0.88977,0.92879,0.96975,0.93676,0.21516,0.20771,0.76418,0.00830512,0.00830512,0.00830512
1714,2646.1,0.3358,0.29794,0.81036,0.8967,0.93602,0.96645,0.92846,0.21837,0.20722,0.7645,0.00830413,0.00830413,0.00830413
1715,2647.58,0.34033,0.29581,0.80645,0.89464,0.93686,0.97147,0.93544,0.21588,0.20653,0.76401,0.00830314,0.00830314,0.00830314
1716,2649.03,0.34714,0.29968,0.80646,0.89747,0.93686,0.9688,0.93273,0.21872,0.20682,0.76481,0.00830215,0.00830215,0.00830215
1717,2650.55,0.34334,0.31059,0.81835,0.90777,0.94519,0.97415,0.94106,0.2172,0.20552,0.76464,0.00830116,0.00830116,0.00830116
1718,2652.06,0.35596,0.31003,0.81022,0.91282,0.94794,0.97535,0.94445,0.21865,0.20615,0.76427,0.00830017,0.00830017,0.00830017
1719,2653.65,0.34993,0.29802,0.81565,0.91663,0.94655,0.97702,0.94073,0.21426,0.20373,0.7644,0.00829918,0.00829918,0.00829918
1720,2655.18,0.35201,0.30615,0.80921,0.90961,0.94637,0.97344,0.93928,0.21323,0.20535,0.76339,0.00829819,0.00829819,0.00829819
1721,2656.62,0.34931,0.30226,0.81325,0.89035,0.94145,0.96859,0.93646,0.22174,0.20914,0.76329,0.0082972,0.0082972,0.0082972
1722,2658.13,0.34255,0.30092,0.81161,0.91759,0.94213,0.97627,0.94368,0.20995,0.20637,0.76337,0.00829621,0.00829621,0.00829621
1723,2659.61,0.35434,0.30238,0.80494,0.90677,0.94175,0.97364,0.93895,0.20885,0.20684,0.76345,0.00829522,0.00829522,0.00829522
1724,2661.06,0.34813,0.30604,0.81391,0.91085,0.94434,0.97468,0.94108,0.21043,0.20805,0.76326,0.00829423,0.00829423,0.00829423
1725,2662.6,0.35275,0.29821,0.81225,0.91424,0.94126,0.9774,0.94267,0.20814,0.20558,0.76372,0.00829324,0.00829324,0.00829324
1726,2664.09,0.33909,0.29882,0.80556,0.91419,0.93052,0.96997,0.93384,0.21121,0.20868,0.76426,0.00829225,0.00829225,0.00829225
1727,2665.6,0.34209,0.29304,0.80497,0.90802,0.9428,0.97294,0.93866,0.21187,0.20757,0.76365,0.00829126,0.00829126,0.00829126
1728,2667.03,0.36756,0.30677,0.81357,0.90838,0.94382,0.9725,0.93671,0.21261,0.20859,0.76438,0.00829027,0.00829027,0.00829027
1729,2668.57,0.34115,0.29418,0.80983,0.91124,0.93476,0.97524,0.94,0.21143,0.2049,0.76436,0.00828928,0.00828928,0.00828928
1730,2670.09,0.33255,0.28685,0.80652,0.91098,0.93519,0.97254,0.94207,0.21399,0.2045,0.76394,0.00828829,0.00828829,0.00828829
1731,2671.59,0.33271,0.28726,0.80669,0.90419,0.93706,0.97104,0.93448,0.20828,0.20257,0.76387,0.0082873,0.0082873,0.0082873
1732,2673.1,0.35495,0.29607,0.80441,0.88344,0.94262,0.97179,0.93985,0.20654,0.2019,0.76347,0.00828631,0.00828631,0.00828631
1733,2674.64,0.33843,0.29148,0.81053,0.90753,0.93889,0.97545,0.94184,0.21311,0.2037,0.76335,0.00828532,0.00828532,0.00828532
1734,2676.19,0.35113,0.29809,0.80811,0.90498,0.94319,0.97542,0.94139,0.20817,0.2013,0.76367,0.00828433,0.00828433,0.00828433
1735,2677.71,0.34776,0.2908,0.80947,0.90883,0.95013,0.97526,0.94236,0.20792,0.2014,0.76352,0.00828334,0.00828334,0.00828334
1736,2679.17,0.33849,0.28886,0.80741,0.89997,0.95089,0.97385,0.94051,0.20702,0.20069,0.76285,0.00828235,0.00828235,0.00828235
1737,2680.71,0.34686,0.29461,0.8105,0.90968,0.95456,0.97668,0.94015,0.21078,0.20247,0.76368,0.00828136,0.00828136,0.00828136
1738,2682.22,0.33649,0.29353,0.80162,0.87808,0.95842,0.97254,0.93706,0.21323,0.20375,0.76373,0.00828037,0.00828037,0.00828037
1739,2683.85,0.34084,0.29281,0.80705,0.87275,0.96418,0.97316,0.93936,0.20654,0.1999,0.76296,0.00827938,0.00827938,0.00827938
1740,2685.37,0.33618,0.29211,0.81792,0.88798,0.91671,0.96844,0.92617,0.21135,0.20235,0.7636,0.00827839,0.00827839,0.00827839
1741,2686.84,0.33494,0.28849,0.80078,0.89861,0.92203,0.97508,0.92708,0.20827,0.20128,0.7634,0.0082774,0.0082774,0.0082774
1742,2688.27,0.33851,0.28808,0.8128,0.90755,0.91624,0.97469,0.92769,0.21329,0.20338,0.76314,0.00827641,0.00827641,0.00827641
1743,2689.71,0.35209,0.30299,0.81391,0.89104,0.92059,0.97213,0.93071,0.20837,0.20246,0.76296,0.00827542,0.00827542,0.00827542
1744,2691.24,0.34182,0.29343,0.81228,0.84145,0.96558,0.96517,0.93222,0.2082,0.20283,0.76263,0.00827443,0.00827443,0.00827443
1745,2692.68,0.3406,0.28735,0.8097,0.85541,0.96472,0.96581,0.93337,0.21186,0.20346,0.76292,0.00827344,0.00827344,0.00827344
1746,2694.16,0.34392,0.29646,0.81295,0.90077,0.94711,0.96517,0.93295,0.20775,0.20322,0.76238,0.00827245,0.00827245,0.00827245
1747,2695.72,0.34457,0.28509,0.8097,0.90586,0.94868,0.96982,0.93897,0.20563,0.20145,0.76173,0.00827146,0.00827146,0.00827146
1748,2697.21,0.36661,0.30765,0.81314,0.89812,0.94981,0.96969,0.93797,0.20386,0.19927,0.76207,0.00827047,0.00827047,0.00827047
1749,2698.78,0.34758,0.29431,0.81152,0.8996,0.95075,0.96966,0.9382,0.20518,0.20056,0.76166,0.00826948,0.00826948,0.00826948
1750,2700.32,0.34555,0.29276,0.80409,0.89855,0.9528,0.96935,0.93913,0.20509,0.20062,0.76158,0.00826849,0.00826849,0.00826849
1751,2701.84,0.34366,0.28726,0.81116,0.90268,0.95212,0.97349,0.9438,0.20341,0.19894,0.76164,0.0082675,0.0082675,0.0082675
1752,2703.37,0.3549,0.29608,0.81031,0.90429,0.95054,0.97179,0.94247,0.20367,0.19863,0.76172,0.00826651,0.00826651,0.00826651
1753,2704.84,0.36607,0.29121,0.81912,0.90373,0.94542,0.97198,0.94288,0.20555,0.19781,0.76188,0.00826552,0.00826552,0.00826552
1754,2706.28,0.34576,0.29112,0.80375,0.90575,0.94739,0.9691,0.93745,0.2059,0.19893,0.76139,0.00826453,0.00826453,0.00826453
1755,2707.76,0.35827,0.29828,0.81314,0.90754,0.94593,0.96908,0.94228,0.20381,0.1973,0.76114,0.00826354,0.00826354,0.00826354
1756,2709.26,0.34939,0.29051,0.81088,0.90722,0.94837,0.97193,0.94077,0.20752,0.20035,0.76098,0.00826255,0.00826255,0.00826255
1757,2710.78,0.34207,0.28798,0.81178,0.90819,0.95039,0.96907,0.93692,0.20554,0.19999,0.76091,0.00826156,0.00826156,0.00826156
1758,2712.27,0.34878,0.30214,0.8085,0.91279,0.95167,0.971,0.94486,0.20719,0.19965,0.76105,0.00826057,0.00826057,0.00826057
1759,2713.89,0.34453,0.29568,0.80804,0.91357,0.95546,0.97348,0.9456,0.21031,0.20093,0.76117,0.00825958,0.00825958,0.00825958
1760,2715.46,0.34201,0.28346,0.80831,0.90968,0.94433,0.97084,0.94187,0.20713,0.19926,0.76116,0.00825859,0.00825859,0.00825859
1761,2716.93,0.3416,0.29135,0.80624,0.9121,0.94258,0.97216,0.93878,0.20784,0.19917,0.7615,0.0082576,0.0082576,0.0082576
1762,2718.49,0.3519,0.29089,0.80384,0.90654,0.94167,0.97178,0.93982,0.20976,0.20011,0.76156,0.00825661,0.00825661,0.00825661
1763,2719.91,0.33679,0.28632,0.80709,0.9026,0.93817,0.97127,0.94228,0.20823,0.19952,0.76177,0.00825562,0.00825562,0.00825562
1764,2721.44,0.35289,0.29477,0.80881,0.90988,0.9457,0.97257,0.94346,0.20875,0.20155,0.76154,0.00825463,0.00825463,0.00825463
1765,2722.95,0.33753,0.28658,0.8065,0.90429,0.95048,0.97232,0.93826,0.21206,0.2025,0.7621,0.00825364,0.00825364,0.00825364
1766,2724.42,0.35127,0.30106,0.80607,0.91031,0.93978,0.97173,0.94448,0.20872,0.20154,0.76166,0.00825265,0.00825265,0.00825265
1767,2725.9,0.34289,0.28205,0.8106,0.91207,0.94753,0.97068,0.94323,0.21267,0.20366,0.76184,0.00825166,0.00825166,0.00825166
1768,2727.38,0.34369,0.29087,0.80406,0.91227,0.952,0.9688,0.94416,0.20754,0.20096,0.76169,0.00825067,0.00825067,0.00825067
1769,2728.92,0.34084,0.28785,0.81583,0.90566,0.95888,0.97009,0.94467,0.20529,0.20095,0.76126,0.00824968,0.00824968,0.00824968
1770,2730.38,0.34395,0.29393,0.7992,0.91025,0.95695,0.97175,0.94638,0.20212,0.1992,0.76098,0.00824869,0.00824869,0.00824869
1771,2731.92,0.33847,0.29061,0.80465,0.91951,0.95241,0.97276,0.94687,0.20621,0.20062,0.76078,0.0082477,0.0082477,0.0082477
1772,2733.39,0.35637,0.29803,0.81437,0.91105,0.95587,0.9707,0.94545,0.20344,0.20031,0.76056,0.00824671,0.00824671,0.00824671
1773,2734.86,0.33388,0.28306,0.81151,0.91628,0.95544,0.97101,0.94173,0.20792,0.20057,0.76119,0.00824572,0.00824572,0.00824572
1774,2736.4,0.3523,0.29349,0.80432,0.91655,0.95251,0.97289,0.94557,0.20745,0.20149,0.76121,0.00824473,0.00824473,0.00824473
1775,2737.88,0.35021,0.30029,0.80954,0.91077,0.95311,0.97128,0.94352,0.20427,0.20011,0.76104,0.00824374,0.00824374,0.00824374
1776,2739.36,0.34891,0.29739,0.80205,0.90865,0.95429,0.97286,0.94313,0.21043,0.2026,0.76105,0.00824275,0.00824275,0.00824275
1777,2740.94,0.32186,0.2839,0.80828,0.90752,0.9496,0.97367,0.94109,0.2133,0.20382,0.76157,0.00824176,0.00824176,0.00824176
1778,2742.42,0.334,0.29006,0.80983,0.90588,0.9487,0.9743,0.94338,0.20838,0.20184,0.76082,0.00824077,0.00824077,0.00824077
1779,2744.13,0.32449,0.28501,0.80369,0.90224,0.95059,0.97454,0.94616,0.21357,0.20309,0.76154,0.00823978,0.00823978,0.00823978
1780,2745.66,0.34336,0.29536,0.81948,0.9194,0.94734,0.97518,0.94819,0.21001,0.20241,0.76146,0.00823879,0.00823879,0.00823879
1781,2747.14,0.3363,0.29254,0.81407,0.91744,0.9397,0.97426,0.94272,0.20258,0.19788,0.76118,0.0082378,0.0082378,0.0082378
1782,2748.63,0.33835,0.30405,0.81674,0.91152,0.93675,0.97085,0.93866,0.20677,0.20002,0.7615,0.00823681,0.00823681,0.00823681
1783,2750.22,0.35289,0.29116,0.81408,0.91305,0.93808,0.97334,0.93994,0.20586,0.19738,0.7618,0.00823582,0.00823582,0.00823582
1784,2751.69,0.34857,0.29484,0.80225,0.91083,0.94218,0.97393,0.93717,0.20812,0.19871,0.76237,0.00823483,0.00823483,0.00823483
1785,2753.26,0.34662,0.29802,0.80677,0.91489,0.94223,0.97378,0.94022,0.2063,0.19728,0.76237,0.00823384,0.00823384,0.00823384
1786,2754.75,0.35308,0.29817,0.80669,0.91518,0.94414,0.97496,0.93889,0.20714,0.20055,0.76251,0.00823285,0.00823285,0.00823285
1787,2756.26,0.36662,0.30394,0.81015,0.90965,0.93907,0.97276,0.93775,0.2085,0.20164,0.76297,0.00823186,0.00823186,0.00823186
1788,2757.83,0.34317,0.29073,0.80352,0.91212,0.94151,0.969,0.93423,0.20911,0.20192,0.76268,0.00823087,0.00823087,0.00823087
1789,2759.64,0.36307,0.31204,0.80857,0.90911,0.93691,0.97042,0.93831,0.20941,0.20282,0.76249,0.00822988,0.00822988,0.00822988
1790,2761.15,0.3441,0.29389,0.82125,0.89189,0.93211,0.96462,0.93201,0.21129,0.20426,0.76264,0.00822889,0.00822889,0.00822889
1791,2762.68,0.35299,0.29777,0.81315,0.88922,0.93475,0.9673,0.93635,0.20836,0.20044,0.76197,0.0082279,0.0082279,0.0082279
1792,2764.14,0.33111,0.29274,0.81065,0.90291,0.93636,0.96824,0.93932,0.20812,0.20072,0.76125,0.00822691,0.00822691,0.00822691
1793,2765.64,0.33635,0.29529,0.81334,0.89213,0.9376,0.9709,0.94293,0.20848,0.20097,0.76145,0.00822592,0.00822592,0.00822592
1794,2767.06,0.33065,0.28357,0.80589,0.90087,0.93862,0.9727,0.94507,0.20997,0.20054,0.76144,0.00822493,0.00822493,0.00822493
1795,2768.54,0.33983,0.28323,0.80347,0.89654,0.94816,0.97147,0.94126,0.21112,0.20122,0.7611,0.00822394,0.00822394,0.00822394
1796,2770.03,0.35508,0.2914,0.80905,0.88396,0.93766,0.96968,0.9389,0.20797,0.19965,0.76144,0.00822295,0.00822295,0.00822295
1797,2771.55,0.34509,0.29138,0.80923,0.89805,0.9477,0.97295,0.94217,0.2111,0.20059,0.76126,0.00822196,0.00822196,0.00822196
1798,2773.11,0.34148,0.28705,0.80485,0.9,0.94916,0.97049,0.93737,0.20913,0.2012,0.76159,0.00822097,0.00822097,0.00822097
1799,2774.67,0.35365,0.29146,0.80696,0.89862,0.94737,0.97044,0.9362,0.20513,0.19974,0.76152,0.00821998,0.00821998,0.00821998
1800,2776.15,0.36638,0.30227,0.80655,0.89893,0.94687,0.97189,0.93888,0.20739,0.2006,0.76155,0.00821899,0.00821899,0.00821899
1801,2777.61,0.33855,0.29437,0.8063,0.89153,0.94603,0.97152,0.93724,0.20897,0.20208,0.76137,0.008218,0.008218,0.008218
1802,2779.08,0.3332,0.27989,0.81461,0.89504,0.94585,0.97172,0.93857,0.2014,0.19947,0.76172,0.00821701,0.00821701,0.00821701
1803,2780.57,0.33019,0.2773,0.80725,0.89499,0.95287,0.97149,0.94407,0.20835,0.20086,0.76173,0.00821602,0.00821602,0.00821602
1804,2782.13,0.34287,0.29101,0.80963,0.9015,0.95157,0.97304,0.93856,0.21205,0.20217,0.76215,0.00821503,0.00821503,0.00821503
1805,2783.59,0.34982,0.2875,0.80252,0.89725,0.95071,0.96994,0.93651,0.20517,0.19905,0.76182,0.00821404,0.00821404,0.00821404
1806,2785.05,0.31957,0.27942,0.802,0.90148,0.94926,0.97098,0.93992,0.21251,0.20337,0.76207,0.00821305,0.00821305,0.00821305
1807,2786.53,0.33009,0.28275,0.80332,0.90708,0.95287,0.97168,0.94066,0.21241,0.20122,0.76199,0.00821206,0.00821206,0.00821206
1808,2788.07,0.32723,0.28031,0.8051,0.90611,0.95061,0.97218,0.94419,0.20664,0.19874,0.76157,0.00821107,0.00821107,0.00821107
1809,2789.64,0.34837,0.29445,0.80302,0.90858,0.95337,0.97228,0.94038,0.20967,0.19966,0.76157,0.00821008,0.00821008,0.00821008
1810,2791.13,0.32636,0.28618,0.80132,0.90891,0.94574,0.97067,0.94001,0.20914,0.20032,0.76117,0.00820909,0.00820909,0.00820909
1811,2792.63,0.33525,0.28506,0.81026,0.91293,0.94642,0.97272,0.94293,0.20281,0.19826,0.76109,0.0082081,0.0082081,0.0082081
1812,2794.08,0.3457,0.2902,0.80388,0.90259,0.94563,0.9718,0.93955,0.20592,0.19811,0.76124,0.00820711,0.00820711,0.00820711
1813,2795.56,0.35071,0.2914,0.80637,0.90367,0.94402,0.96854,0.93364,0.20654,0.19892,0.7613,0.00820612,0.00820612,0.00820612
1814,2797.08,0.31605,0.27841,0.80058,0.90163,0.94751,0.96902,0.93533,0.20579,0.19996,0.76085,0.00820513,0.00820513,0.00820513
1815,2798.55,0.34685,0.29736,0.81094,0.9053,0.94788,0.97574,0.93859,0.20437,0.19842,0.76096,0.00820414,0.00820414,0.00820414
1816,2800.07,0.36551,0.30537,0.81315,0.89242,0.94515,0.97149,0.94169,0.20405,0.1997,0.76106,0.00820315,0.00820315,0.00820315
1817,2801.65,0.34452,0.29428,0.8096,0.88837,0.94304,0.96791,0.93996,0.20407,0.20108,0.76098,0.00820216,0.00820216,0.00820216
1818,2803.18,0.36444,0.29726,0.82499,0.89627,0.94042,0.97203,0.9403,0.20656,0.20043,0.76114,0.00820117,0.00820117,0.00820117
1819,2804.7,0.32805,0.29268,0.80721,0.894,0.93881,0.96959,0.93701,0.20724,0.20124,0.76101,0.00820018,0.00820018,0.00820018
1820,2806.21,0.34836,0.30256,0.80402,0.88351,0.93892,0.97036,0.94232,0.2041,0.20058,0.76097,0.00819919,0.00819919,0.00819919
1821,2807.74,0.34363,0.30057,0.81568,0.8991,0.94097,0.97338,0.94398,0.20958,0.20243,0.76122,0.0081982,0.0081982,0.0081982
1822,2809.23,0.31982,0.28481,0.80912,0.91929,0.93956,0.97369,0.9455,0.20618,0.20046,0.76117,0.00819721,0.00819721,0.00819721
1823,2810.69,0.32741,0.28819,0.80637,0.92048,0.94266,0.97892,0.94942,0.20107,0.1995,0.76097,0.00819622,0.00819622,0.00819622
1824,2812.16,0.32351,0.28948,0.80253,0.91228,0.94284,0.97444,0.94229,0.20286,0.19886,0.76124,0.00819523,0.00819523,0.00819523
1825,2813.72,0.34609,0.29564,0.8072,0.91048,0.94613,0.97776,0.95102,0.20279,0.20065,0.76122,0.00819424,0.00819424,0.00819424
1826,2815.22,0.32974,0.27959,0.80938,0.92401,0.94698,0.97586,0.94821,0.20217,0.2008,0.76117,0.00819325,0.00819325,0.00819325
1827,2816.72,0.34595,0.2912,0.80841,0.92258,0.94829,0.97581,0.94296,0.19823,0.19901,0.76087,0.00819226,0.00819226,0.00819226
1828,2818.25,0.34664,0.2989,0.82348,0.91194,0.95037,0.97426,0.94234,0.19893,0.20072,0.76088,0.00819127,0.00819127,0.00819127
1829,2819.77,0.33761,0.29394,0.81102,0.90766,0.95592,0.97616,0.94655,0.20811,0.2054,0.76143,0.00819028,0.00819028,0.00819028
1830,2821.22,0.33148,0.29622,0.8065,0.91012,0.95578,0.97478,0.94314,0.20051,0.20036,0.76121,0.00818929,0.00818929,0.00818929
1831,2822.75,0.34769,0.30461,0.80276,0.9085,0.95193,0.97434,0.9433,0.20133,0.20177,0.76151,0.0081883,0.0081883,0.0081883
1832,2824.17,0.33348,0.28955,0.81067,0.90565,0.95333,0.97687,0.94872,0.21068,0.20557,0.76227,0.00818731,0.00818731,0.00818731
1833,2825.71,0.3161,0.27654,0.81306,0.89153,0.95323,0.97117,0.94077,0.20271,0.20015,0.76204,0.00818632,0.00818632,0.00818632
1834,2827.18,0.31499,0.28389,0.80276,0.88842,0.95946,0.96994,0.93823,0.20757,0.20161,0.76262,0.00818533,0.00818533,0.00818533
1835,2828.66,0.33996,0.28733,0.81183,0.88487,0.9554,0.97192,0.94244,0.21339,0.2031,0.76336,0.00818434,0.00818434,0.00818434
1836,2830.13,0.34761,0.29632,0.80309,0.88934,0.95362,0.96851,0.93388,0.21209,0.20229,0.76341,0.00818335,0.00818335,0.00818335
1837,2831.61,0.33105,0.28909,0.80718,0.89603,0.9478,0.96855,0.94107,0.21303,0.20253,0.7632,0.00818236,0.00818236,0.00818236
1838,2833.14,0.3429,0.29148,0.8078,0.89057,0.94761,0.96836,0.94105,0.20797,0.19822,0.76309,0.00818137,0.00818137,0.00818137
1839,2834.71,0.34108,0.28518,0.80542,0.89697,0.94117,0.96325,0.93237,0.21023,0.19841,0.76305,0.00818038,0.00818038,0.00818038
1840,2836.21,0.34097,0.2854,0.799,0.90322,0.93963,0.96596,0.93689,0.21215,0.19786,0.76329,0.00817939,0.00817939,0.00817939
1841,2837.65,0.36343,0.29423,0.80551,0.90365,0.94,0.96719,0.93668,0.21085,0.19754,0.76317,0.0081784,0.0081784,0.0081784
1842,2839.18,0.35633,0.30378,0.81105,0.90416,0.94145,0.96959,0.94049,0.20942,0.19759,0.76269,0.00817741,0.00817741,0.00817741
1843,2840.65,0.35771,0.29679,0.80932,0.90669,0.9398,0.96699,0.93807,0.20381,0.19727,0.76119,0.00817642,0.00817642,0.00817642
1844,2842.12,0.32598,0.28193,0.80687,0.91846,0.94457,0.96801,0.93597,0.20924,0.1989,0.7619,0.00817543,0.00817543,0.00817543
1845,2843.61,0.33347,0.28165,0.81189,0.92914,0.94383,0.97162,0.94118,0.20255,0.19649,0.76147,0.00817444,0.00817444,0.00817444
1846,2845.13,0.35296,0.30062,0.81566,0.91668,0.94582,0.97114,0.93802,0.20514,0.19853,0.76156,0.00817345,0.00817345,0.00817345
1847,2846.62,0.32764,0.28424,0.80577,0.91004,0.94698,0.97104,0.9379,0.20719,0.19927,0.76189,0.00817246,0.00817246,0.00817246
1848,2848.14,0.35659,0.3013,0.81222,0.91103,0.94661,0.97327,0.93894,0.20279,0.19761,0.76119,0.00817147,0.00817147,0.00817147
1849,2849.71,0.3359,0.28953,0.80484,0.90769,0.94778,0.97297,0.94021,0.20065,0.19671,0.76103,0.00817048,0.00817048,0.00817048
1850,2851.14,0.33112,0.28665,0.80997,0.91007,0.94691,0.97208,0.93936,0.20445,0.19905,0.76111,0.00816949,0.00816949,0.00816949
1851,2852.63,0.34929,0.29291,0.80842,0.91109,0.94512,0.97326,0.94194,0.20011,0.19681,0.76069,0.0081685,0.0081685,0.0081685
1852,2854.12,0.34986,0.29923,0.80313,0.90109,0.94606,0.96884,0.93954,0.20289,0.19825,0.76073,0.00816751,0.00816751,0.00816751
1853,2855.59,0.35066,0.29563,0.81349,0.90951,0.94912,0.97232,0.9437,0.2017,0.19728,0.76104,0.00816652,0.00816652,0.00816652
1854,2857.09,0.3439,0.29532,0.81111,0.90842,0.95051,0.97464,0.94694,0.20198,0.19625,0.76114,0.00816553,0.00816553,0.00816553
1855,2858.58,0.34251,0.29187,0.80469,0.90255,0.94387,0.97651,0.9437,0.20098,0.19487,0.76084,0.00816454,0.00816454,0.00816454
1856,2860.01,0.33473,0.2822,0.80955,0.90555,0.94126,0.97295,0.94047,0.20353,0.19701,0.76123,0.00816355,0.00816355,0.00816355
1857,2861.53,0.34381,0.29068,0.81594,0.88834,0.93746,0.97278,0.94021,0.20062,0.19477,0.76106,0.00816256,0.00816256,0.00816256
1858,2863.03,0.35523,0.30047,0.80623,0.9037,0.93044,0.97047,0.94317,0.20285,0.19621,0.76141,0.00816157,0.00816157,0.00816157
1859,2864.6,0.33785,0.28908,0.81176,0.8976,0.93089,0.97051,0.93855,0.20597,0.1972,0.76191,0.00816058,0.00816058,0.00816058
1860,2866.12,0.34174,0.28413,0.80637,0.91203,0.93212,0.97074,0.94195,0.20034,0.19568,0.76144,0.00815959,0.00815959,0.00815959
1861,2867.59,0.32836,0.28458,0.80759,0.90453,0.94394,0.97064,0.94216,0.20399,0.19584,0.7621,0.0081586,0.0081586,0.0081586
1862,2869.12,0.35002,0.28828,0.80807,0.90403,0.94611,0.97049,0.94082,0.20155,0.1969,0.76202,0.00815761,0.00815761,0.00815761
1863,2870.63,0.34114,0.29153,0.81518,0.89403,0.94998,0.96853,0.93947,0.20291,0.19678,0.7619,0.00815662,0.00815662,0.00815662
1864,2872.15,0.35626,0.30215,0.81851,0.88257,0.95524,0.9668,0.93861,0.20334,0.1976,0.76167,0.00815563,0.00815563,0.00815563
1865,2873.61,0.32524,0.28932,0.80306,0.89519,0.95432,0.96999,0.94217,0.20451,0.19911,0.76231,0.00815464,0.00815464,0.00815464
1866,2875.1,0.33058,0.28042,0.80971,0.89521,0.95245,0.97258,0.94418,0.20059,0.19818,0.76154,0.00815365,0.00815365,0.00815365
1867,2876.62,0.35127,0.30069,0.81128,0.89923,0.94637,0.97335,0.94333,0.2026,0.19917,0.76159,0.00815266,0.00815266,0.00815266
1868,2878.11,0.3204,0.28986,0.80842,0.89012,0.95019,0.97505,0.94538,0.21068,0.20264,0.762,0.00815167,0.00815167,0.00815167
1869,2879.7,0.34033,0.29107,0.80496,0.90504,0.95129,0.9739,0.94455,0.20496,0.20079,0.76139,0.00815068,0.00815068,0.00815068
1870,2881.14,0.3322,0.28283,0.80594,0.90152,0.94598,0.971,0.94075,0.20713,0.20111,0.76149,0.00814969,0.00814969,0.00814969
1871,2882.59,0.34362,0.28799,0.80119,0.89314,0.94749,0.96877,0.93685,0.20873,0.2027,0.76179,0.0081487,0.0081487,0.0081487
1872,2884.12,0.34516,0.29423,0.81581,0.90717,0.95028,0.9714,0.93316,0.20872,0.20233,0.76173,0.00814771,0.00814771,0.00814771
1873,2885.66,0.35075,0.30043,0.80404,0.9087,0.95597,0.97517,0.93802,0.20886,0.20132,0.76175,0.00814672,0.00814672,0.00814672
1874,2887.17,0.34215,0.29108,0.81128,0.88369,0.9565,0.97425,0.93696,0.21028,0.20333,0.76169,0.00814573,0.00814573,0.00814573
1875,2888.63,0.32977,0.28933,0.80126,0.89103,0.95839,0.97547,0.93954,0.20866,0.20235,0.76157,0.00814474,0.00814474,0.00814474
1876,2890.11,0.33091,0.28643,0.80789,0.88011,0.95669,0.97553,0.94512,0.20798,0.20148,0.76171,0.00814375,0.00814375,0.00814375
1877,2891.62,0.36155,0.30635,0.82266,0.86948,0.95927,0.97585,0.94189,0.20907,0.2014,0.76154,0.00814276,0.00814276,0.00814276
1878,2893.13,0.3445,0.29289,0.80796,0.87423,0.95643,0.97417,0.93969,0.20612,0.19929,0.76139,0.00814177,0.00814177,0.00814177
1879,2894.67,0.34653,0.29916,0.81436,0.89915,0.9486,0.97233,0.93761,0.20382,0.19801,0.7609,0.00814078,0.00814078,0.00814078
1880,2896.09,0.3347,0.29267,0.81128,0.91349,0.94704,0.97333,0.93912,0.20608,0.19852,0.76141,0.00813979,0.00813979,0.00813979
1881,2897.59,0.33998,0.2865,0.81411,0.91778,0.94513,0.97398,0.94181,0.20173,0.19672,0.76061,0.0081388,0.0081388,0.0081388
1882,2899.07,0.3311,0.28611,0.80795,0.91483,0.94287,0.97461,0.94429,0.20195,0.19641,0.76049,0.00813781,0.00813781,0.00813781
1883,2900.5,0.33005,0.28864,0.80291,0.91299,0.94412,0.97482,0.94669,0.20146,0.19634,0.76067,0.00813682,0.00813682,0.00813682
1884,2902,0.33137,0.29147,0.79837,0.91799,0.94511,0.97372,0.94343,0.20112,0.19635,0.76037,0.00813583,0.00813583,0.00813583
1885,2903.51,0.33813,0.28917,0.81019,0.89969,0.94436,0.97163,0.94227,0.19908,0.19638,0.76033,0.00813484,0.00813484,0.00813484
1886,2904.98,0.3269,0.29524,0.79918,0.90231,0.94552,0.97332,0.94693,0.20083,0.19658,0.76037,0.00813385,0.00813385,0.00813385
1887,2906.43,0.31747,0.27937,0.80737,0.91654,0.94563,0.97233,0.94577,0.19858,0.19522,0.76032,0.00813286,0.00813286,0.00813286
1888,2907.97,0.32904,0.28894,0.80195,0.90493,0.94693,0.9735,0.94832,0.1976,0.19445,0.76028,0.00813187,0.00813187,0.00813187
1889,2909.48,0.33475,0.28487,0.80749,0.90672,0.94618,0.97608,0.95186,0.2005,0.19646,0.76039,0.00813088,0.00813088,0.00813088
1890,2911,0.33054,0.29299,0.8055,0.89744,0.9426,0.97155,0.94589,0.19738,0.19583,0.76055,0.00812989,0.00812989,0.00812989
1891,2912.52,0.32599,0.2854,0.80117,0.8992,0.9457,0.97639,0.95206,0.19769,0.19427,0.76088,0.0081289,0.0081289,0.0081289
1892,2913.98,0.34185,0.28952,0.80118,0.90478,0.94108,0.97787,0.95183,0.2,0.19509,0.76081,0.00812791,0.00812791,0.00812791
1893,2915.46,0.33283,0.28266,0.8123,0.89721,0.94191,0.97843,0.95128,0.19842,0.19479,0.76061,0.00812692,0.00812692,0.00812692
1894,2916.96,0.32018,0.28395,0.80071,0.9004,0.94186,0.97706,0.95056,0.19814,0.19466,0.76068,0.00812593,0.00812593,0.00812593
1895,2918.46,0.32918,0.28128,0.80016,0.90186,0.94175,0.97848,0.94784,0.19963,0.19515,0.76092,0.00812494,0.00812494,0.00812494
1896,2919.91,0.34582,0.29447,0.80842,0.90649,0.94439,0.97605,0.94762,0.1997,0.19573,0.7606,0.00812395,0.00812395,0.00812395
1897,2921.44,0.34365,0.28791,0.80345,0.88385,0.94999,0.97341,0.94771,0.20068,0.19647,0.76094,0.00812296,0.00812296,0.00812296
1898,2923,0.34715,0.28527,0.81034,0.90394,0.94818,0.9754,0.9467,0.19887,0.19515,0.76083,0.00812197,0.00812197,0.00812197
1899,2924.73,0.34936,0.2907,0.8179,0.89213,0.94605,0.97392,0.94519,0.19874,0.19501,0.76106,0.00812098,0.00812098,0.00812098
1900,2926.34,0.33711,0.28298,0.80755,0.90895,0.94947,0.97676,0.94918,0.20143,0.19413,0.76084,0.00811999,0.00811999,0.00811999
1901,2927.79,0.33232,0.28232,0.80148,0.89478,0.94484,0.9733,0.94628,0.19917,0.19361,0.7605,0.008119,0.008119,0.008119
1902,2929.23,0.34062,0.29045,0.80431,0.8911,0.94377,0.97582,0.94936,0.20236,0.19554,0.76066,0.00811801,0.00811801,0.00811801
1903,2930.73,0.33915,0.28719,0.80431,0.90175,0.94804,0.9739,0.94565,0.20465,0.1965,0.76069,0.00811702,0.00811702,0.00811702
1904,2932.19,0.33669,0.28899,0.79908,0.90146,0.95043,0.97114,0.94243,0.20256,0.19596,0.76053,0.00811603,0.00811603,0.00811603
1905,2933.63,0.34338,0.29132,0.80521,0.88828,0.94657,0.96877,0.93969,0.20819,0.19855,0.7607,0.00811504,0.00811504,0.00811504
1906,2935.08,0.34022,0.28217,0.80519,0.89507,0.94257,0.97371,0.94343,0.2057,0.1971,0.76021,0.00811405,0.00811405,0.00811405
1907,2936.52,0.33244,0.27511,0.80801,0.8997,0.9429,0.97291,0.94321,0.20202,0.19523,0.75983,0.00811306,0.00811306,0.00811306
1908,2937.96,0.32858,0.27971,0.81006,0.899,0.93991,0.9744,0.94645,0.20288,0.19571,0.75966,0.00811207,0.00811207,0.00811207
1909,2939.61,0.34058,0.28928,0.81604,0.90283,0.94001,0.97483,0.94549,0.1985,0.19418,0.75953,0.00811108,0.00811108,0.00811108
1910,2941.13,0.33241,0.28731,0.80495,0.89959,0.93659,0.97522,0.94577,0.19711,0.19251,0.75972,0.00811009,0.00811009,0.00811009
1911,2942.62,0.32442,0.27911,0.80768,0.89382,0.94041,0.97187,0.94019,0.19776,0.19336,0.75966,0.0081091,0.0081091,0.0081091
1912,2944.15,0.33646,0.28883,0.80615,0.89912,0.93359,0.97378,0.9445,0.19515,0.19195,0.75939,0.00810811,0.00810811,0.00810811
1913,2945.66,0.32282,0.28841,0.8034,0.90146,0.93472,0.96989,0.93959,0.19403,0.19038,0.75945,0.00810712,0.00810712,0.00810712
1914,2947.15,0.34786,0.29591,0.80403,0.89723,0.94185,0.97336,0.94453,0.19497,0.19109,0.7598,0.00810613,0.00810613,0.00810613
1915,2948.72,0.33344,0.29612,0.80193,0.90032,0.93727,0.97507,0.9449,0.19652,0.19264,0.76013,0.00810514,0.00810514,0.00810514
1916,2950.13,0.34025,0.29486,0.80391,0.91146,0.9461,0.97681,0.94904,0.19278,0.18983,0.76023,0.00810415,0.00810415,0.00810415
1917,2951.62,0.33899,0.29,0.80877,0.90816,0.94569,0.97542,0.94556,0.20038,0.19471,0.76072,0.00810316,0.00810316,0.00810316
1918,2953.17,0.34463,0.29507,0.81055,0.91584,0.94929,0.97473,0.94646,0.20062,0.1941,0.76103,0.00810217,0.00810217,0.00810217
1919,2954.7,0.33893,0.28855,0.81243,0.90625,0.94322,0.97415,0.94802,0.19853,0.19366,0.7606,0.00810118,0.00810118,0.00810118
1920,2956.18,0.32462,0.28743,0.8062,0.90503,0.94145,0.97285,0.94637,0.19941,0.19428,0.76087,0.00810019,0.00810019,0.00810019
1921,2957.68,0.3727,0.2975,0.8142,0.91205,0.93973,0.97314,0.94416,0.20118,0.19771,0.76091,0.0080992,0.0080992,0.0080992
1922,2959.24,0.32646,0.2896,0.801,0.90648,0.95024,0.97008,0.94338,0.20322,0.19854,0.76064,0.00809821,0.00809821,0.00809821
1923,2960.72,0.34194,0.29065,0.81101,0.90572,0.94905,0.97024,0.94197,0.20217,0.19786,0.76141,0.00809722,0.00809722,0.00809722
1924,2962.22,0.3226,0.28303,0.80364,0.87933,0.95303,0.96764,0.93468,0.20503,0.19896,0.7615,0.00809623,0.00809623,0.00809623
1925,2963.69,0.35681,0.29689,0.80669,0.8984,0.94967,0.97095,0.94174,0.20314,0.1996,0.76086,0.00809524,0.00809524,0.00809524
1926,2965.24,0.36028,0.30353,0.80915,0.88975,0.94828,0.96544,0.93495,0.20736,0.20131,0.76141,0.00809425,0.00809425,0.00809425
1927,2966.71,0.3301,0.28142,0.81438,0.89898,0.94788,0.9679,0.93876,0.20805,0.20142,0.76107,0.00809326,0.00809326,0.00809326
1928,2968.21,0.3319,0.28547,0.80709,0.91042,0.95314,0.97467,0.94778,0.20394,0.19979,0.76064,0.00809227,0.00809227,0.00809227
1929,2969.78,0.33357,0.2926,0.80077,0.90968,0.95097,0.97071,0.94581,0.20535,0.19981,0.76072,0.00809128,0.00809128,0.00809128
1930,2971.26,0.34275,0.29038,0.80446,0.90112,0.94378,0.97294,0.94467,0.20544,0.20008,0.76052,0.00809029,0.00809029,0.00809029
1931,2972.82,0.32386,0.28512,0.8001,0.88997,0.94464,0.9718,0.94269,0.20571,0.19903,0.76044,0.0080893,0.0080893,0.0080893
1932,2974.24,0.33216,0.2836,0.8105,0.8909,0.93977,0.97204,0.94277,0.20696,0.19921,0.76056,0.00808831,0.00808831,0.00808831
1933,2975.79,0.3482,0.28713,0.81382,0.90572,0.9436,0.97087,0.93968,0.2068,0.19762,0.76083,0.00808732,0.00808732,0.00808732
1934,2977.29,0.33739,0.29018,0.80682,0.90499,0.94608,0.97221,0.9431,0.20581,0.19619,0.76066,0.00808633,0.00808633,0.00808633
1935,2978.79,0.34363,0.28759,0.80519,0.90907,0.94143,0.97062,0.9446,0.2055,0.19628,0.76069,0.00808534,0.00808534,0.00808534
1936,2980.26,0.32964,0.28821,0.80462,0.90435,0.94122,0.96863,0.94135,0.20508,0.19581,0.76059,0.00808435,0.00808435,0.00808435
1937,2981.76,0.35886,0.30089,0.80688,0.90686,0.94829,0.9717,0.94439,0.20557,0.19647,0.76087,0.00808336,0.00808336,0.00808336
1938,2983.28,0.33859,0.28474,0.81232,0.89083,0.94707,0.97027,0.94267,0.20335,0.19645,0.76035,0.00808237,0.00808237,0.00808237
1939,2984.91,0.34688,0.29469,0.80745,0.89521,0.93647,0.96851,0.93706,0.20193,0.19508,0.76024,0.00808138,0.00808138,0.00808138
1940,2986.4,0.33413,0.29164,0.80935,0.8882,0.93656,0.96942,0.93979,0.21008,0.19864,0.76053,0.00808039,0.00808039,0.00808039
1941,2987.86,0.3303,0.29329,0.80623,0.90328,0.94199,0.97067,0.94123,0.2026,0.19637,0.76015,0.0080794,0.0080794,0.0080794
1942,2989.37,0.34494,0.29734,0.80462,0.89371,0.93782,0.96991,0.93969,0.20344,0.19723,0.76037,0.00807841,0.00807841,0.00807841
1943,2990.86,0.32829,0.29136,0.80583,0.904,0.93609,0.97017,0.93919,0.20821,0.19948,0.7604,0.00807742,0.00807742,0.00807742
1944,2992.27,0.34342,0.3008,0.81316,0.88368,0.94029,0.97174,0.94333,0.20464,0.19769,0.76067,0.00807643,0.00807643,0.00807643
1945,2993.77,0.33423,0.29977,0.80615,0.89267,0.93469,0.97277,0.94225,0.20208,0.19747,0.7604,0.00807544,0.00807544,0.00807544
1946,2995.28,0.32414,0.2977,0.80604,0.89397,0.92016,0.97059,0.9404,0.20364,0.19851,0.76012,0.00807445,0.00807445,0.00807445
1947,2996.77,0.32999,0.29542,0.80169,0.91405,0.92879,0.9745,0.94484,0.20138,0.197,0.76036,0.00807346,0.00807346,0.00807346
1948,2998.32,0.32594,0.29105,0.80271,0.90391,0.93879,0.97075,0.94186,0.20007,0.19572,0.75998,0.00807247,0.00807247,0.00807247
1949,2999.91,0.34715,0.29373,0.81062,0.89692,0.94016,0.9713,0.93934,0.19931,0.19601,0.76011,0.00807148,0.00807148,0.00807148
1950,3001.37,0.32642,0.27962,0.80462,0.90663,0.94662,0.97148,0.94101,0.1989,0.19472,0.76026,0.00807049,0.00807049,0.00807049
1951,3002.93,0.34551,0.29001,0.80321,0.9189,0.95001,0.97854,0.94833,0.20084,0.19565,0.76069,0.0080695,0.0080695,0.0080695
1952,3004.41,0.33676,0.28126,0.8072,0.91395,0.95156,0.97481,0.94806,0.19777,0.19476,0.76064,0.00806851,0.00806851,0.00806851
1953,3005.88,0.33923,0.2895,0.81066,0.92517,0.94713,0.97581,0.95,0.20318,0.19558,0.76102,0.00806752,0.00806752,0.00806752
1954,3007.4,0.34418,0.2901,0.81193,0.92775,0.95104,0.97797,0.95193,0.20525,0.19666,0.76141,0.00806653,0.00806653,0.00806653
1955,3008.89,0.33842,0.29228,0.80057,0.92276,0.94968,0.975,0.94861,0.1986,0.19482,0.76118,0.00806554,0.00806554,0.00806554
1956,3010.39,0.34146,0.28467,0.81207,0.92771,0.94762,0.97732,0.94936,0.20499,0.19747,0.76147,0.00806455,0.00806455,0.00806455
1957,3011.91,0.33186,0.28574,0.80874,0.91913,0.94379,0.97716,0.94736,0.20736,0.19853,0.76152,0.00806356,0.00806356,0.00806356
1958,3013.42,0.34747,0.29128,0.80115,0.93036,0.94668,0.97575,0.94857,0.20193,0.19749,0.76138,0.00806257,0.00806257,0.00806257
1959,3014.94,0.33551,0.287,0.80403,0.90491,0.94171,0.96988,0.94328,0.20598,0.19875,0.76147,0.00806158,0.00806158,0.00806158
1960,3016.54,0.33526,0.28705,0.80453,0.92197,0.94863,0.9722,0.94692,0.20428,0.19788,0.76108,0.00806059,0.00806059,0.00806059
1961,3017.98,0.33766,0.29094,0.80734,0.91424,0.94494,0.96645,0.9392,0.19873,0.19715,0.76081,0.0080596,0.0080596,0.0080596
1962,3019.49,0.33971,0.28842,0.80665,0.91759,0.94194,0.96977,0.94083,0.2003,0.19686,0.76039,0.00805861,0.00805861,0.00805861
1963,3021.01,0.33317,0.29388,0.80706,0.91471,0.94229,0.97216,0.94619,0.19791,0.19684,0.76007,0.00805762,0.00805762,0.00805762
1964,3022.52,0.3334,0.2912,0.8157,0.90352,0.93772,0.96448,0.93666,0.196,0.19742,0.75989,0.00805663,0.00805663,0.00805663
1965,3024.09,0.32676,0.28452,0.80642,0.9164,0.94608,0.96836,0.94301,0.19756,0.19661,0.75988,0.00805564,0.00805564,0.00805564
1966,3025.54,0.34267,0.29562,0.80557,0.91277,0.94025,0.97011,0.94257,0.19677,0.19592,0.75988,0.00805465,0.00805465,0.00805465
1967,3026.95,0.35955,0.30688,0.8105,0.90124,0.94424,0.97573,0.94658,0.19675,0.19717,0.76009,0.00805366,0.00805366,0.00805366
1968,3028.41,0.36222,0.29453,0.82405,0.91356,0.94362,0.9724,0.94579,0.19916,0.1956,0.75994,0.00805267,0.00805267,0.00805267
1969,3029.94,0.32987,0.29281,0.80245,0.90994,0.94554,0.9785,0.94875,0.1994,0.19443,0.76024,0.00805168,0.00805168,0.00805168
1970,3031.33,0.33051,0.28474,0.80733,0.89538,0.94799,0.97861,0.94908,0.19867,0.19343,0.76078,0.00805069,0.00805069,0.00805069
1971,3032.7,0.33187,0.28756,0.81949,0.89648,0.94345,0.97722,0.95017,0.19897,0.19491,0.7605,0.0080497,0.0080497,0.0080497
1972,3034.11,0.32092,0.27859,0.80393,0.90985,0.94753,0.97382,0.94563,0.19999,0.19217,0.76078,0.00804871,0.00804871,0.00804871
1973,3035.52,0.3327,0.28789,0.80334,0.91786,0.9517,0.97572,0.94461,0.19971,0.19095,0.76134,0.00804772,0.00804772,0.00804772
1974,3036.94,0.34315,0.29435,0.80264,0.91231,0.94711,0.97818,0.9497,0.19864,0.19134,0.76067,0.00804673,0.00804673,0.00804673
1975,3038.44,0.33043,0.29327,0.80226,0.90877,0.94497,0.97538,0.94828,0.19723,0.19094,0.76059,0.00804574,0.00804574,0.00804574
1976,3039.84,0.35183,0.29995,0.81268,0.91093,0.94173,0.97598,0.94502,0.1995,0.19395,0.76099,0.00804475,0.00804475,0.00804475
1977,3041.21,0.32923,0.28765,0.80472,0.9115,0.94041,0.97494,0.94527,0.19608,0.19183,0.7606,0.00804376,0.00804376,0.00804376
1978,3042.65,0.30469,0.28028,0.8137,0.90446,0.93954,0.97367,0.94421,0.19768,0.19418,0.76065,0.00804277,0.00804277,0.00804277
1979,3044.1,0.31858,0.29148,0.80963,0.88945,0.942,0.97081,0.9428,0.19849,0.19345,0.76121,0.00804178,0.00804178,0.00804178
1980,3045.55,0.32046,0.2783,0.80936,0.89703,0.93984,0.96965,0.942,0.19696,0.19414,0.76093,0.00804079,0.00804079,0.00804079
1981,3046.97,0.3144,0.28213,0.80398,0.89868,0.94116,0.97221,0.94333,0.19741,0.19449,0.76103,0.0080398,0.0080398,0.0080398
1982,3048.38,0.33955,0.30124,0.80301,0.90224,0.93816,0.97191,0.94094,0.19873,0.19461,0.76143,0.00803881,0.00803881,0.00803881
1983,3049.81,0.33043,0.28845,0.81027,0.90297,0.94183,0.97107,0.94227,0.19651,0.19468,0.76111,0.00803782,0.00803782,0.00803782
1984,3051.35,0.33632,0.28926,0.81312,0.90387,0.94739,0.9713,0.94026,0.19815,0.19641,0.76109,0.00803683,0.00803683,0.00803683
1985,3052.8,0.32773,0.28716,0.80056,0.90875,0.94957,0.97104,0.93921,0.19525,0.19453,0.7616,0.00803584,0.00803584,0.00803584
1986,3054.33,0.32937,0.29336,0.8091,0.891,0.95131,0.97129,0.93945,0.19342,0.19411,0.76136,0.00803485,0.00803485,0.00803485
1987,3055.88,0.33662,0.28771,0.80907,0.8957,0.95077,0.97096,0.94488,0.19083,0.19249,0.76138,0.00803386,0.00803386,0.00803386
1988,3057.34,0.32896,0.28721,0.80685,0.89149,0.95475,0.9717,0.94537,0.1923,0.19169,0.76156,0.00803287,0.00803287,0.00803287
1989,3058.9,0.3375,0.28465,0.80718,0.90694,0.95584,0.97194,0.94908,0.19046,0.1917,0.76171,0.00803188,0.00803188,0.00803188
1990,3060.53,0.33103,0.28012,0.80824,0.9066,0.95341,0.97322,0.94702,0.19156,0.19237,0.76193,0.00803089,0.00803089,0.00803089
1991,3061.99,0.32805,0.27341,0.80633,0.88551,0.95423,0.97359,0.94949,0.19561,0.19292,0.76176,0.0080299,0.0080299,0.0080299
1992,3063.5,0.31512,0.27667,0.7984,0.89173,0.94922,0.97269,0.9467,0.19112,0.19005,0.76169,0.00802891,0.00802891,0.00802891
1993,3064.98,0.34726,0.28886,0.81163,0.90464,0.95143,0.97664,0.95133,0.18969,0.18922,0.76127,0.00802792,0.00802792,0.00802792
1994,3066.53,0.35124,0.28748,0.80806,0.90182,0.94658,0.97442,0.94249,0.19074,0.18925,0.76106,0.00802693,0.00802693,0.00802693
1995,3067.98,0.33616,0.28266,0.80519,0.90031,0.94536,0.96951,0.94291,0.18927,0.18993,0.76094,0.00802594,0.00802594,0.00802594
1996,3069.46,0.33025,0.28227,0.80569,0.89881,0.94388,0.97144,0.94488,0.19096,0.18911,0.761,0.00802495,0.00802495,0.00802495
1997,3071.02,0.32416,0.27894,0.8057,0.90394,0.94468,0.97289,0.94803,0.19474,0.18971,0.76114,0.00802396,0.00802396,0.00802396
1998,3072.54,0.34213,0.29543,0.80906,0.88495,0.94914,0.96746,0.943,0.19196,0.18895,0.76085,0.00802297,0.00802297,0.00802297
1999,3074.12,0.35511,0.28712,0.80789,0.90099,0.95215,0.97118,0.94501,0.19199,0.1872,0.76085,0.00802198,0.00802198,0.00802198
2000,3075.65,0.31487,0.27878,0.80709,0.88759,0.95163,0.97316,0.94485,0.19471,0.18983,0.76085,0.00802099,0.00802099,0.00802099
2001,3077.16,0.344,0.28997,0.81689,0.89661,0.95319,0.97289,0.94602,0.19227,0.18833,0.76085,0.00802,0.00802,0.00802
2002,3078.68,0.33785,0.28219,0.8031,0.89879,0.95265,0.97313,0.94376,0.19265,0.18743,0.76078,0.00801901,0.00801901,0.00801901
2003,3080.12,0.33691,0.28192,0.81151,0.90695,0.94956,0.97665,0.94705,0.19278,0.18669,0.76058,0.00801802,0.00801802,0.00801802
2004,3081.66,0.33194,0.2736,0.81053,0.90983,0.94833,0.97438,0.94322,0.1963,0.18774,0.76101,0.00801703,0.00801703,0.00801703
2005,3083.15,0.32557,0.27834,0.8133,0.90813,0.95598,0.97596,0.94646,0.19723,0.18913,0.761,0.00801604,0.00801604,0.00801604
2006,3084.62,0.33462,0.28505,0.80957,0.90765,0.95526,0.97682,0.95105,0.19517,0.18853,0.76106,0.00801505,0.00801505,0.00801505
2007,3086.17,0.32035,0.27933,0.79922,0.90414,0.95333,0.97539,0.94682,0.19866,0.19131,0.7614,0.00801406,0.00801406,0.00801406
2008,3087.65,0.33924,0.28857,0.80621,0.89765,0.94994,0.97493,0.94663,0.19672,0.19029,0.76117,0.00801307,0.00801307,0.00801307
2009,3089.12,0.32836,0.282,0.80879,0.89561,0.95242,0.97494,0.94737,0.19556,0.19206,0.76079,0.00801208,0.00801208,0.00801208
2010,3090.7,0.32403,0.27619,0.81181,0.89671,0.95125,0.97594,0.95073,0.19587,0.19213,0.76115,0.00801109,0.00801109,0.00801109
2011,3092.17,0.32901,0.28062,0.80954,0.89413,0.95711,0.97439,0.94932,0.19462,0.19188,0.76101,0.0080101,0.0080101,0.0080101
2012,3093.64,0.30351,0.2705,0.80169,0.892,0.95652,0.97449,0.94639,0.1946,0.19334,0.76067,0.00800911,0.00800911,0.00800911
2013,3095.05,0.33789,0.29107,0.80966,0.90171,0.95413,0.97594,0.95002,0.1942,0.19364,0.76086,0.00800812,0.00800812,0.00800812
2014,3096.58,0.3115,0.27252,0.80468,0.9006,0.94582,0.97355,0.94723,0.19318,0.1942,0.76055,0.00800713,0.00800713,0.00800713
2015,3098.01,0.32204,0.28394,0.80172,0.90474,0.94527,0.97146,0.94347,0.1921,0.19475,0.76022,0.00800614,0.00800614,0.00800614
2016,3099.54,0.3431,0.28532,0.80277,0.9173,0.94198,0.97148,0.94675,0.19381,0.19469,0.76055,0.00800515,0.00800515,0.00800515
2017,3101.13,0.33274,0.28078,0.81085,0.91644,0.93983,0.97241,0.94547,0.19408,0.19443,0.76033,0.00800416,0.00800416,0.00800416
2018,3102.62,0.33081,0.27851,0.80407,0.91827,0.93704,0.97132,0.94409,0.19033,0.19385,0.7602,0.00800317,0.00800317,0.00800317
2019,3104.17,0.33779,0.28443,0.79938,0.92295,0.93828,0.97219,0.94404,0.19415,0.19401,0.76036,0.00800218,0.00800218,0.00800218
2020,3105.77,0.35237,0.28769,0.81139,0.92383,0.93965,0.97295,0.94663,0.19219,0.1925,0.76027,0.00800119,0.00800119,0.00800119
2021,3107.3,0.30458,0.27446,0.79698,0.9253,0.94466,0.97447,0.94632,0.19113,0.19131,0.76002,0.0080002,0.0080002,0.0080002
2022,3108.78,0.30376,0.27572,0.8042,0.90668,0.9485,0.97048,0.9427,0.19345,0.1916,0.76002,0.00799921,0.00799921,0.00799921
2023,3110.29,0.3277,0.27851,0.80616,0.88241,0.9605,0.97422,0.94652,0.19373,0.19225,0.76006,0.00799822,0.00799822,0.00799822
2024,3111.73,0.30645,0.27326,0.79985,0.87333,0.96398,0.97535,0.95057,0.19378,0.192,0.75989,0.00799723,0.00799723,0.00799723
2025,3113.22,0.32036,0.27723,0.80543,0.86166,0.96517,0.97506,0.94565,0.19752,0.1935,0.76012,0.00799624,0.00799624,0.00799624
2026,3114.69,0.33763,0.29694,0.81337,0.87406,0.96305,0.97381,0.94856,0.19756,0.19407,0.76004,0.00799525,0.00799525,0.00799525
2027,3116.2,0.33766,0.28446,0.80873,0.88468,0.96653,0.97808,0.95378,0.19247,0.19294,0.75953,0.00799426,0.00799426,0.00799426
2028,3117.65,0.31745,0.27936,0.79832,0.87273,0.962,0.97852,0.95255,0.19949,0.19476,0.76014,0.00799327,0.00799327,0.00799327
2029,3119.23,0.33476,0.28169,0.82015,0.87701,0.96243,0.97942,0.9489,0.19865,0.19499,0.76016,0.00799228,0.00799228,0.00799228
2030,3120.85,0.33158,0.28581,0.8088,0.88416,0.96137,0.97634,0.94507,0.19338,0.19229,0.76004,0.00799129,0.00799129,0.00799129
2031,3122.4,0.33411,0.27623,0.8047,0.89327,0.95703,0.97674,0.94511,0.19883,0.19496,0.76082,0.0079903,0.0079903,0.0079903
2032,3123.89,0.32366,0.2748,0.80651,0.89262,0.95674,0.97761,0.94551,0.19564,0.19338,0.75985,0.00798931,0.00798931,0.00798931
2033,3125.41,0.31626,0.27389,0.80504,0.8997,0.96076,0.97884,0.95014,0.18985,0.18944,0.75957,0.00798832,0.00798832,0.00798832
2034,3126.84,0.33607,0.28612,0.80685,0.86353,0.96029,0.97146,0.94111,0.19637,0.19283,0.75962,0.00798733,0.00798733,0.00798733
2035,3128.28,0.31769,0.27741,0.80732,0.88143,0.96131,0.97359,0.95177,0.19781,0.19341,0.75993,0.00798634,0.00798634,0.00798634
2036,3129.77,0.32955,0.28861,0.80816,0.89469,0.96302,0.97483,0.9494,0.19244,0.18877,0.7598,0.00798535,0.00798535,0.00798535
2037,3131.27,0.3294,0.28595,0.8009,0.88477,0.96332,0.974,0.94699,0.19504,0.19144,0.75977,0.00798436,0.00798436,0.00798436
2038,3132.76,0.32951,0.27822,0.80086,0.88747,0.96116,0.97512,0.94692,0.19413,0.19047,0.75982,0.00798337,0.00798337,0.00798337
2039,3134.23,0.3355,0.28546,0.80325,0.89285,0.96334,0.9767,0.94912,0.19232,0.18873,0.75991,0.00798238,0.00798238,0.00798238
2040,3135.79,0.32528,0.2768,0.80464,0.88223,0.96134,0.97091,0.94445,0.19424,0.18954,0.75987,0.00798139,0.00798139,0.00798139
2041,3137.28,0.35701,0.29583,0.80482,0.89643,0.96008,0.97376,0.94764,0.19811,0.19211,0.75997,0.0079804,0.0079804,0.0079804
2042,3138.81,0.3377,0.27649,0.80534,0.90345,0.95947,0.97452,0.94958,0.19271,0.18951,0.76002,0.00797941,0.00797941,0.00797941
2043,3140.28,0.31306,0.27933,0.80801,0.90218,0.95151,0.97543,0.95127,0.19993,0.1927,0.76034,0.00797842,0.00797842,0.00797842
2044,3141.83,0.302,0.26486,0.80421,0.91777,0.95061,0.97659,0.94687,0.19754,0.19079,0.7602,0.00797743,0.00797743,0.00797743
2045,3143.32,0.32216,0.28065,0.80798,0.91843,0.94743,0.97564,0.95249,0.18994,0.18751,0.75925,0.00797644,0.00797644,0.00797644
2046,3144.82,0.3315,0.28042,0.80667,0.91389,0.94707,0.97312,0.94576,0.19358,0.18927,0.7594,0.00797545,0.00797545,0.00797545
2047,3146.38,0.29657,0.27212,0.79791,0.88667,0.94642,0.97042,0.94559,0.19493,0.19149,0.75882,0.00797446,0.00797446,0.00797446
2048,3147.93,0.35471,0.30279,0.8082,0.90087,0.94284,0.97286,0.94738,0.18803,0.18831,0.75852,0.00797347,0.00797347,0.00797347
2049,3149.49,0.32484,0.28629,0.80676,0.9106,0.94391,0.96948,0.94487,0.19039,0.18864,0.75903,0.00797248,0.00797248,0.00797248
2050,3151,0.31575,0.28501,0.80058,0.91096,0.94437,0.97386,0.94873,0.19069,0.18874,0.75957,0.00797149,0.00797149,0.00797149
2051,3152.49,0.34709,0.28852,0.80913,0.91482,0.94653,0.97526,0.95046,0.18788,0.18686,0.75914,0.0079705,0.0079705,0.0079705
2052,3154.04,0.34639,0.29251,0.81134,0.90961,0.94509,0.97252,0.94698,0.19171,0.18913,0.75982,0.00796951,0.00796951,0.00796951
2053,3155.49,0.32909,0.27873,0.81021,0.90848,0.95204,0.97133,0.94642,0.19205,0.18867,0.76002,0.00796852,0.00796852,0.00796852
2054,3156.94,0.31392,0.26834,0.80895,0.91356,0.95153,0.9692,0.94526,0.19194,0.18858,0.76013,0.00796753,0.00796753,0.00796753
2055,3158.48,0.32264,0.28859,0.80545,0.91785,0.95701,0.97212,0.94499,0.19203,0.18848,0.76034,0.00796654,0.00796654,0.00796654
2056,3160.01,0.32184,0.28032,0.80379,0.90896,0.95721,0.96724,0.93753,0.19456,0.18807,0.76035,0.00796555,0.00796555,0.00796555
2057,3161.48,0.3358,0.27651,0.81423,0.91207,0.95928,0.96951,0.94694,0.19487,0.18902,0.75969,0.00796456,0.00796456,0.00796456
2058,3162.93,0.33725,0.28783,0.80862,0.91357,0.95669,0.97134,0.94708,0.19428,0.18774,0.76011,0.00796357,0.00796357,0.00796357
2059,3164.42,0.31295,0.2703,0.80483,0.90869,0.95282,0.97296,0.95173,0.19149,0.18457,0.75955,0.00796258,0.00796258,0.00796258
2060,3165.92,0.3215,0.27418,0.81582,0.90579,0.95049,0.97449,0.95081,0.19115,0.1848,0.759,0.00796159,0.00796159,0.00796159
2061,3167.4,0.32846,0.28165,0.80624,0.90472,0.94911,0.97113,0.94525,0.19126,0.18514,0.75953,0.0079606,0.0079606,0.0079606
2062,3168.93,0.33286,0.28784,0.80299,0.90603,0.94616,0.97428,0.95072,0.19368,0.18545,0.76012,0.00795961,0.00795961,0.00795961
2063,3170.37,0.34781,0.28904,0.80571,0.9191,0.94889,0.97574,0.95018,0.18998,0.18407,0.75953,0.00795862,0.00795862,0.00795862
2064,3171.84,0.33538,0.28534,0.80864,0.90167,0.94907,0.97356,0.94627,0.19289,0.18776,0.76007,0.00795763,0.00795763,0.00795763
2065,3173.36,0.30895,0.27428,0.80225,0.90148,0.95539,0.97461,0.94861,0.1879,0.18766,0.75971,0.00795664,0.00795664,0.00795664
2066,3174.87,0.33369,0.28739,0.81263,0.90107,0.95734,0.97491,0.95009,0.1866,0.18563,0.75908,0.00795565,0.00795565,0.00795565
2067,3176.3,0.34173,0.29071,0.81498,0.90074,0.95624,0.97567,0.94853,0.18703,0.18752,0.75937,0.00795466,0.00795466,0.00795466
2068,3177.75,0.33868,0.28743,0.81083,0.9069,0.94978,0.97437,0.94724,0.18918,0.18992,0.75995,0.00795367,0.00795367,0.00795367
2069,3179.27,0.31466,0.27625,0.80162,0.91785,0.94799,0.97397,0.94832,0.18864,0.18819,0.75995,0.00795268,0.00795268,0.00795268
2070,3180.84,0.3355,0.28691,0.80408,0.90983,0.94917,0.97203,0.94501,0.19266,0.19094,0.76058,0.00795169,0.00795169,0.00795169
2071,3182.37,0.32233,0.27535,0.80252,0.9004,0.95873,0.97357,0.94162,0.1972,0.19177,0.76121,0.0079507,0.0079507,0.0079507
2072,3183.83,0.30609,0.27389,0.80384,0.89674,0.95507,0.97347,0.94176,0.20256,0.19404,0.76101,0.00794971,0.00794971,0.00794971
2073,3185.25,0.33042,0.28432,0.80761,0.90087,0.95081,0.97135,0.93978,0.19855,0.19186,0.76123,0.00794872,0.00794872,0.00794872
2074,3186.72,0.31549,0.27385,0.80361,0.91099,0.94984,0.97685,0.94748,0.19796,0.19061,0.7615,0.00794773,0.00794773,0.00794773
2075,3188.2,0.31456,0.27248,0.81358,0.90806,0.95106,0.97618,0.94219,0.20053,0.1933,0.76106,0.00794674,0.00794674,0.00794674
2076,3189.7,0.32566,0.28044,0.80536,0.91415,0.95148,0.97655,0.94503,0.19709,0.19155,0.76104,0.00794575,0.00794575,0.00794575
2077,3191.3,0.33983,0.28327,0.80479,0.90804,0.94687,0.97872,0.94513,0.19727,0.19174,0.76096,0.00794476,0.00794476,0.00794476
2078,3192.75,0.31572,0.27353,0.81066,0.91602,0.94987,0.97806,0.94688,0.19996,0.19285,0.76065,0.00794377,0.00794377,0.00794377
2079,3194.29,0.31904,0.27762,0.80083,0.91119,0.9542,0.97769,0.94615,0.19593,0.19025,0.76083,0.00794278,0.00794278,0.00794278
2080,3195.82,0.34539,0.28732,0.81349,0.90572,0.94841,0.97532,0.94695,0.19252,0.18921,0.76036,0.00794179,0.00794179,0.00794179
2081,3197.32,0.31275,0.27757,0.80846,0.90928,0.95177,0.97584,0.94352,0.19316,0.18921,0.7599,0.0079408,0.0079408,0.0079408
2082,3198.78,0.34243,0.28408,0.81681,0.91925,0.95399,0.97909,0.94965,0.18962,0.18828,0.75991,0.00793981,0.00793981,0.00793981
2083,3200.33,0.33423,0.28284,0.80774,0.90112,0.95691,0.97675,0.94775,0.18987,0.18802,0.75961,0.00793882,0.00793882,0.00793882
2084,3201.83,0.31708,0.27488,0.80549,0.89304,0.95388,0.97589,0.94841,0.19297,0.18839,0.75963,0.00793783,0.00793783,0.00793783
2085,3203.29,0.3361,0.28355,0.81302,0.90147,0.95405,0.97688,0.94663,0.19033,0.18704,0.75986,0.00793684,0.00793684,0.00793684
2086,3204.79,0.3289,0.27742,0.80153,0.90942,0.95342,0.97841,0.94649,0.19199,0.18883,0.76003,0.00793585,0.00793585,0.00793585
2087,3206.32,0.31367,0.2739,0.80722,0.91085,0.95061,0.97796,0.95161,0.19267,0.18829,0.75988,0.00793486,0.00793486,0.00793486
2088,3207.78,0.34119,0.2831,0.81057,0.91987,0.95385,0.97981,0.95568,0.19064,0.18686,0.7599,0.00793387,0.00793387,0.00793387
2089,3209.28,0.3126,0.26979,0.80465,0.92068,0.95295,0.97918,0.95087,0.19247,0.18862,0.75962,0.00793288,0.00793288,0.00793288
2090,3210.99,0.31181,0.28136,0.80525,0.92711,0.95349,0.98044,0.95404,0.19054,0.18737,0.75961,0.00793189,0.00793189,0.00793189
2091,3212.44,0.32612,0.27891,0.80879,0.92745,0.94889,0.97897,0.95199,0.19125,0.18779,0.75927,0.0079309,0.0079309,0.0079309
2092,3213.89,0.31412,0.274,0.80181,0.92737,0.94768,0.97667,0.94892,0.19225,0.18923,0.75912,0.00792991,0.00792991,0.00792991
2093,3215.39,0.33457,0.27916,0.80714,0.92898,0.94834,0.97705,0.95109,0.18904,0.18798,0.75925,0.00792892,0.00792892,0.00792892
2094,3216.9,0.32835,0.27687,0.79706,0.9261,0.94795,0.97778,0.9522,0.19087,0.18876,0.75914,0.00792793,0.00792793,0.00792793
2095,3218.36,0.33352,0.2686,0.80324,0.91961,0.94789,0.97486,0.94799,0.19193,0.18927,0.75947,0.00792694,0.00792694,0.00792694
2096,3219.78,0.33085,0.27693,0.80733,0.91788,0.95028,0.97588,0.94988,0.19069,0.18976,0.7599,0.00792595,0.00792595,0.00792595
2097,3221.25,0.33314,0.2805,0.80452,0.9068,0.94751,0.97082,0.94464,0.19249,0.19045,0.75965,0.00792496,0.00792496,0.00792496
2098,3222.81,0.33211,0.27387,0.80675,0.90645,0.94955,0.97178,0.94599,0.19364,0.19027,0.75967,0.00792397,0.00792397,0.00792397
2099,3224.27,0.32488,0.27254,0.80418,0.90984,0.94824,0.97509,0.94972,0.1925,0.18995,0.76009,0.00792298,0.00792298,0.00792298
2100,3225.76,0.32039,0.2766,0.81041,0.90836,0.94368,0.97352,0.94366,0.19287,0.19031,0.75958,0.00792199,0.00792199,0.00792199
2101,3227.25,0.35453,0.28739,0.80171,0.91252,0.94361,0.97518,0.94521,0.19323,0.19111,0.75944,0.007921,0.007921,0.007921
2102,3228.73,0.33862,0.28614,0.80096,0.92411,0.945,0.97823,0.94977,0.19066,0.18928,0.75957,0.00792001,0.00792001,0.00792001
2103,3230.24,0.32509,0.27318,0.80766,0.91398,0.94334,0.97543,0.94795,0.1916,0.19038,0.75942,0.00791902,0.00791902,0.00791902
2104,3231.73,0.32175,0.28015,0.80741,0.91177,0.93995,0.97765,0.94943,0.19394,0.18953,0.75967,0.00791803,0.00791803,0.00791803
2105,3233.15,0.3371,0.27655,0.81146,0.9149,0.93862,0.97855,0.95102,0.19176,0.18846,0.75982,0.00791704,0.00791704,0.00791704
2106,3234.68,0.3352,0.28082,0.80429,0.91941,0.93727,0.97748,0.95085,0.19413,0.18913,0.76002,0.00791605,0.00791605,0.00791605
2107,3236.18,0.33493,0.27928,0.80977,0.91726,0.93901,0.97816,0.95073,0.19544,0.1906,0.76017,0.00791506,0.00791506,0.00791506
2108,3237.64,0.32935,0.27691,0.80634,0.90825,0.94302,0.97792,0.95152,0.19481,0.19061,0.76017,0.00791407,0.00791407,0.00791407
2109,3239.16,0.31259,0.26821,0.80953,0.91038,0.94564,0.97675,0.94946,0.19515,0.19153,0.76001,0.00791308,0.00791308,0.00791308
2110,3240.72,0.31651,0.27271,0.80611,0.91136,0.94637,0.97765,0.94972,0.19292,0.19079,0.75945,0.00791209,0.00791209,0.00791209
2111,3242.23,0.32299,0.27793,0.8031,0.91411,0.93789,0.97746,0.94894,0.19396,0.19051,0.75937,0.0079111,0.0079111,0.0079111
2112,3243.76,0.3289,0.28328,0.80337,0.90511,0.93831,0.97343,0.94456,0.19224,0.19051,0.75943,0.00791011,0.00791011,0.00791011
2113,3245.26,0.32826,0.28123,0.81144,0.91268,0.93417,0.97592,0.94504,0.19004,0.18943,0.7594,0.00790912,0.00790912,0.00790912
2114,3246.7,0.32204,0.27761,0.79446,0.91447,0.93316,0.97554,0.94636,0.19369,0.19067,0.75946,0.00790813,0.00790813,0.00790813
2115,3248.15,0.30542,0.26954,0.80429,0.90208,0.93507,0.9779,0.9498,0.19005,0.18975,0.75941,0.00790714,0.00790714,0.00790714
2116,3249.7,0.31757,0.27629,0.80392,0.90245,0.94068,0.97385,0.94432,0.19109,0.1891,0.75958,0.00790615,0.00790615,0.00790615
2117,3251.12,0.32107,0.27453,0.80431,0.90844,0.94291,0.97323,0.94365,0.19599,0.19052,0.75987,0.00790516,0.00790516,0.00790516
2118,3252.58,0.32435,0.28286,0.79987,0.90466,0.94709,0.97392,0.94712,0.19357,0.19028,0.75985,0.00790417,0.00790417,0.00790417
2119,3254.14,0.31709,0.27269,0.80659,0.90159,0.94468,0.97212,0.94543,0.19445,0.19014,0.7597,0.00790318,0.00790318,0.00790318
2120,3255.72,0.33301,0.27819,0.81672,0.91482,0.94428,0.97278,0.94554,0.19207,0.18995,0.75949,0.00790219,0.00790219,0.00790219
2121,3257.29,0.3376,0.28668,0.81011,0.90793,0.94857,0.97186,0.94631,0.19302,0.19002,0.75946,0.0079012,0.0079012,0.0079012
2122,3258.82,0.33203,0.28083,0.81206,0.9118,0.94895,0.97064,0.94476,0.19502,0.19099,0.75956,0.00790021,0.00790021,0.00790021
2123,3260.28,0.31691,0.27365,0.80146,0.90925,0.94867,0.97219,0.94447,0.19545,0.19118,0.75987,0.00789922,0.00789922,0.00789922
2124,3261.77,0.30677,0.27057,0.80407,0.91446,0.94667,0.97293,0.94947,0.19448,0.1903,0.7597,0.00789823,0.00789823,0.00789823
2125,3263.27,0.33858,0.289,0.81031,0.9105,0.9488,0.97344,0.94703,0.19741,0.18975,0.76019,0.00789724,0.00789724,0.00789724
2126,3264.72,0.32363,0.27635,0.80484,0.90927,0.95359,0.97283,0.94635,0.19846,0.19044,0.76055,0.00789625,0.00789625,0.00789625
2127,3266.23,0.32387,0.27835,0.80262,0.91428,0.95181,0.97258,0.94833,0.19707,0.18971,0.76055,0.00789526,0.00789526,0.00789526
2128,3267.73,0.32853,0.27598,0.81058,0.89513,0.95071,0.97176,0.94581,0.19816,0.18981,0.76032,0.00789427,0.00789427,0.00789427
2129,3269.24,0.32365,0.27691,0.80896,0.89273,0.95332,0.97235,0.94381,0.19719,0.18886,0.76028,0.00789328,0.00789328,0.00789328
2130,3270.82,0.33402,0.27316,0.80993,0.88899,0.95063,0.97195,0.94431,0.19583,0.18752,0.76001,0.00789229,0.00789229,0.00789229
2131,3272.32,0.32597,0.27439,0.81468,0.91681,0.95192,0.97775,0.95251,0.19421,0.18635,0.75966,0.0078913,0.0078913,0.0078913
2132,3273.78,0.35053,0.28203,0.81039,0.92183,0.95305,0.97638,0.94564,0.19583,0.1869,0.75946,0.00789031,0.00789031,0.00789031
2133,3275.33,0.32891,0.28417,0.80199,0.92181,0.94547,0.9755,0.94632,0.19461,0.18668,0.7592,0.00788932,0.00788932,0.00788932
2134,3276.79,0.3189,0.26688,0.80678,0.92044,0.94882,0.9769,0.95055,0.19371,0.18623,0.75868,0.00788833,0.00788833,0.00788833
2135,3278.28,0.3124,0.26748,0.80634,0.92783,0.94556,0.97869,0.94945,0.19125,0.18432,0.75846,0.00788734,0.00788734,0.00788734
2136,3279.76,0.32709,0.27494,0.80557,0.92819,0.94926,0.97994,0.95795,0.18968,0.18373,0.75827,0.00788635,0.00788635,0.00788635
2137,3281.26,0.33363,0.28082,0.80899,0.93181,0.94179,0.98006,0.95578,0.18695,0.18163,0.75816,0.00788536,0.00788536,0.00788536
2138,3282.73,0.33788,0.28351,0.80859,0.93213,0.94499,0.98052,0.9555,0.18698,0.18173,0.75805,0.00788437,0.00788437,0.00788437
2139,3284.24,0.32347,0.27678,0.81092,0.93181,0.93855,0.97813,0.95158,0.18544,0.18063,0.75799,0.00788338,0.00788338,0.00788338
2140,3285.86,0.32381,0.27733,0.80324,0.91262,0.94321,0.97718,0.95282,0.18803,0.18387,0.75802,0.00788239,0.00788239,0.00788239
2141,3287.3,0.33486,0.28523,0.80666,0.92783,0.94191,0.97663,0.95351,0.18623,0.18431,0.75807,0.0078814,0.0078814,0.0078814
2142,3288.73,0.3316,0.27834,0.80384,0.92399,0.94372,0.97872,0.95389,0.19088,0.18587,0.75829,0.00788041,0.00788041,0.00788041
2143,3290.2,0.33179,0.28414,0.80613,0.91662,0.94479,0.97455,0.95025,0.19334,0.18685,0.75838,0.00787942,0.00787942,0.00787942
2144,3291.74,0.34632,0.28806,0.80869,0.92182,0.9528,0.97761,0.95346,0.18978,0.18667,0.75837,0.00787843,0.00787843,0.00787843
2145,3293.25,0.31947,0.27547,0.79942,0.91078,0.94534,0.97383,0.94775,0.19189,0.18646,0.75848,0.00787744,0.00787744,0.00787744
2146,3294.73,0.30787,0.27207,0.80636,0.90918,0.94978,0.97182,0.94485,0.19141,0.18656,0.75873,0.00787645,0.00787645,0.00787645
2147,3296.25,0.33137,0.27386,0.80992,0.91098,0.94843,0.97607,0.94871,0.18985,0.18721,0.75889,0.00787546,0.00787546,0.00787546
2148,3297.72,0.3122,0.26823,0.79786,0.90948,0.94889,0.97605,0.94802,0.19619,0.18796,0.75934,0.00787447,0.00787447,0.00787447
2149,3299.23,0.3108,0.26914,0.80499,0.91451,0.93888,0.97442,0.94444,0.1994,0.18913,0.76013,0.00787348,0.00787348,0.00787348
2150,3300.74,0.33564,0.27297,0.81422,0.90569,0.91362,0.97405,0.9412,0.19673,0.18865,0.76061,0.00787249,0.00787249,0.00787249
2151,3302.31,0.32005,0.27963,0.80596,0.90293,0.91134,0.97125,0.93084,0.20236,0.19174,0.76094,0.0078715,0.0078715,0.0078715
2152,3303.8,0.33368,0.2784,0.80221,0.90747,0.91056,0.97263,0.92276,0.2045,0.19332,0.76192,0.00787051,0.00787051,0.00787051
2153,3305.28,0.33475,0.28409,0.8054,0.90602,0.91452,0.97049,0.91542,0.20113,0.19091,0.76173,0.00786952,0.00786952,0.00786952
2154,3306.78,0.33163,0.27703,0.80687,0.90717,0.91463,0.97047,0.92019,0.20233,0.19128,0.7616,0.00786853,0.00786853,0.00786853
2155,3308.36,0.35347,0.28566,0.8155,0.90149,0.91333,0.97257,0.9338,0.19655,0.19002,0.76024,0.00786754,0.00786754,0.00786754
2156,3309.84,0.33582,0.2782,0.80635,0.88139,0.92681,0.97267,0.94185,0.19255,0.18882,0.7597,0.00786655,0.00786655,0.00786655
2157,3311.35,0.32194,0.28315,0.7995,0.89537,0.94194,0.97033,0.9409,0.19393,0.19055,0.75875,0.00786556,0.00786556,0.00786556
2158,3312.83,0.32616,0.27741,0.80188,0.89727,0.93988,0.97228,0.94772,0.19474,0.19039,0.75846,0.00786457,0.00786457,0.00786457
2159,3314.42,0.33154,0.28371,0.80292,0.90422,0.94039,0.97358,0.95039,0.19268,0.18912,0.75865,0.00786358,0.00786358,0.00786358
2160,3315.98,0.32728,0.2727,0.81136,0.89247,0.93303,0.97071,0.94451,0.19602,0.19119,0.75835,0.00786259,0.00786259,0.00786259
2161,3317.48,0.31852,0.27675,0.80459,0.90187,0.93806,0.97296,0.94894,0.19402,0.19051,0.75847,0.0078616,0.0078616,0.0078616
2162,3318.9,0.31341,0.28025,0.8061,0.91144,0.94214,0.97419,0.94786,0.19073,0.1882,0.75862,0.00786061,0.00786061,0.00786061
2163,3320.41,0.31289,0.27778,0.80502,0.90381,0.94346,0.97349,0.94796,0.1896,0.18807,0.75843,0.00785962,0.00785962,0.00785962
2164,3321.84,0.33202,0.28018,0.81317,0.90781,0.94948,0.97133,0.94474,0.18815,0.18671,0.75845,0.00785863,0.00785863,0.00785863
2165,3323.29,0.30189,0.26265,0.79763,0.91063,0.94665,0.97071,0.94451,0.19247,0.18739,0.7591,0.00785764,0.00785764,0.00785764
2166,3324.87,0.33348,0.28014,0.80375,0.90088,0.95125,0.96959,0.94132,0.18848,0.18596,0.75849,0.00785665,0.00785665,0.00785665
2167,3326.39,0.33863,0.28557,0.80618,0.90315,0.95265,0.973,0.94429,0.19123,0.18696,0.75873,0.00785566,0.00785566,0.00785566
2168,3327.91,0.32779,0.2841,0.80497,0.90241,0.94581,0.96699,0.94127,0.19851,0.18991,0.7593,0.00785467,0.00785467,0.00785467
2169,3329.38,0.32914,0.27366,0.81163,0.8937,0.94695,0.96646,0.93807,0.1906,0.18731,0.75862,0.00785368,0.00785368,0.00785368
2170,3331.08,0.33815,0.28453,0.8075,0.90441,0.93881,0.9698,0.94271,0.18948,0.18639,0.75872,0.00785269,0.00785269,0.00785269
2171,3332.53,0.3124,0.27523,0.79213,0.90409,0.94487,0.97026,0.94554,0.19479,0.18882,0.75894,0.0078517,0.0078517,0.0078517
2172,3334,0.32984,0.27733,0.80228,0.90147,0.93824,0.97296,0.94505,0.18883,0.18516,0.75854,0.00785071,0.00785071,0.00785071
2173,3335.53,0.32438,0.27592,0.80512,0.90936,0.93986,0.97726,0.95009,0.18838,0.18346,0.75863,0.00784972,0.00784972,0.00784972
2174,3337.02,0.30708,0.2713,0.80336,0.91772,0.93897,0.97509,0.95148,0.18893,0.18382,0.75891,0.00784873,0.00784873,0.00784873
2175,3338.57,0.32011,0.28076,0.80066,0.8987,0.93903,0.97548,0.95075,0.18808,0.18345,0.75849,0.00784774,0.00784774,0.00784774
2176,3340.09,0.32137,0.28409,0.79979,0.88781,0.94572,0.97382,0.94829,0.1892,0.18423,0.75859,0.00784675,0.00784675,0.00784675
2177,3341.54,0.33737,0.28686,0.80336,0.88509,0.9458,0.97332,0.94723,0.19011,0.18584,0.75853,0.00784576,0.00784576,0.00784576
2178,3342.99,0.32148,0.28024,0.80073,0.89381,0.94889,0.97509,0.94886,0.18866,0.18486,0.75835,0.00784477,0.00784477,0.00784477
2179,3344.53,0.34335,0.29636,0.80385,0.90615,0.95005,0.97676,0.94683,0.19063,0.18556,0.75859,0.00784378,0.00784378,0.00784378
2180,3346.13,0.31067,0.27712,0.80151,0.89792,0.95024,0.97643,0.94674,0.19545,0.18833,0.75893,0.00784279,0.00784279,0.00784279
2181,3347.58,0.31877,0.28022,0.7986,0.90937,0.95496,0.97726,0.9494,0.19066,0.18453,0.75887,0.0078418,0.0078418,0.0078418
2182,3349.06,0.32703,0.28653,0.80356,0.90395,0.94921,0.976,0.94913,0.19001,0.18618,0.75894,0.00784081,0.00784081,0.00784081
2183,3350.58,0.31444,0.27481,0.80599,0.90258,0.95044,0.97543,0.94825,0.19452,0.18853,0.75909,0.00783982,0.00783982,0.00783982
2184,3352.04,0.30223,0.26219,0.80195,0.90422,0.94995,0.97746,0.95313,0.18653,0.18443,0.75886,0.00783883,0.00783883,0.00783883
2185,3353.52,0.3212,0.2681,0.80231,0.90061,0.94952,0.97745,0.95265,0.18455,0.1822,0.75889,0.00783784,0.00783784,0.00783784
2186,3354.99,0.31003,0.27585,0.80002,0.90943,0.94914,0.97681,0.95111,0.19177,0.18597,0.75933,0.00783685,0.00783685,0.00783685
2187,3356.53,0.32903,0.27974,0.8041,0.90028,0.94916,0.97545,0.94703,0.18489,0.18142,0.75913,0.00783586,0.00783586,0.00783586
2188,3357.98,0.3114,0.27234,0.79971,0.90187,0.94804,0.97612,0.9467,0.1879,0.18192,0.7595,0.00783487,0.00783487,0.00783487
2189,3359.47,0.32992,0.27704,0.8113,0.90173,0.9475,0.97453,0.94849,0.1888,0.18277,0.7595,0.00783388,0.00783388,0.00783388
2190,3360.99,0.33871,0.28431,0.80432,0.89314,0.94978,0.97574,0.94876,0.18945,0.18317,0.75931,0.00783289,0.00783289,0.00783289
2191,3362.49,0.30817,0.26934,0.80145,0.91431,0.95185,0.97681,0.95256,0.18723,0.1824,0.75905,0.0078319,0.0078319,0.0078319
2192,3363.98,0.3239,0.2744,0.80018,0.90691,0.94904,0.97562,0.9501,0.18534,0.18155,0.75898,0.00783091,0.00783091,0.00783091
2193,3365.5,0.32177,0.27295,0.80671,0.91464,0.94435,0.97577,0.95058,0.18624,0.18229,0.75896,0.00782992,0.00782992,0.00782992
2194,3367.01,0.30512,0.25993,0.80301,0.91768,0.94723,0.97596,0.94992,0.1854,0.18217,0.75875,0.00782893,0.00782893,0.00782893
2195,3368.51,0.33051,0.27039,0.80719,0.91957,0.94804,0.97718,0.95214,0.18562,0.18183,0.75908,0.00782794,0.00782794,0.00782794
2196,3369.94,0.32102,0.27156,0.8083,0.91641,0.94424,0.97514,0.94794,0.18514,0.18231,0.75888,0.00782695,0.00782695,0.00782695
2197,3371.47,0.31368,0.28127,0.80743,0.91205,0.94768,0.97574,0.9492,0.18422,0.18209,0.75846,0.00782596,0.00782596,0.00782596
2198,3372.92,0.32468,0.27736,0.80291,0.91141,0.9485,0.97723,0.94932,0.18463,0.1829,0.75862,0.00782497,0.00782497,0.00782497
2199,3374.44,0.33015,0.27832,0.80609,0.91241,0.94661,0.97552,0.94799,0.18598,0.18361,0.75853,0.00782398,0.00782398,0.00782398
2200,3376.07,0.33742,0.28437,0.80882,0.90267,0.94584,0.97583,0.94629,0.18674,0.18371,0.75854,0.00782299,0.00782299,0.00782299
2201,3377.54,0.31731,0.27274,0.79995,0.90317,0.94536,0.9789,0.95135,0.18366,0.18269,0.75804,0.007822,0.007822,0.007822
2202,3379.02,0.33908,0.27805,0.81102,0.90928,0.94821,0.97437,0.94209,0.18771,0.18332,0.75838,0.00782101,0.00782101,0.00782101
2203,3380.51,0.33318,0.27159,0.80497,0.91199,0.94412,0.97665,0.94652,0.19034,0.18522,0.75836,0.00782002,0.00782002,0.00782002
2204,3381.93,0.34718,0.2827,0.81569,0.90631,0.94756,0.97429,0.94375,0.18838,0.18473,0.75837,0.00781903,0.00781903,0.00781903
2205,3383.46,0.31916,0.27408,0.8056,0.89702,0.95097,0.97403,0.94619,0.19268,0.18641,0.75872,0.00781804,0.00781804,0.00781804
2206,3384.9,0.34991,0.28649,0.81594,0.87657,0.95504,0.97636,0.9455,0.19404,0.18762,0.75923,0.00781705,0.00781705,0.00781705
2207,3386.33,0.32797,0.27578,0.80653,0.87841,0.95575,0.97557,0.94265,0.19412,0.18727,0.75954,0.00781606,0.00781606,0.00781606
2208,3387.89,0.33579,0.28657,0.80173,0.87822,0.95824,0.97435,0.94279,0.1968,0.1876,0.75973,0.00781507,0.00781507,0.00781507
2209,3389.46,0.33558,0.28236,0.8086,0.87912,0.95451,0.9719,0.94014,0.19666,0.18693,0.75996,0.00781408,0.00781408,0.00781408
2210,3391.01,0.33786,0.28499,0.80199,0.89149,0.95452,0.9754,0.94295,0.19674,0.18735,0.75948,0.00781309,0.00781309,0.00781309
2211,3392.48,0.34621,0.2878,0.81166,0.86205,0.95724,0.97538,0.94509,0.19614,0.18562,0.759,0.0078121,0.0078121,0.0078121
2212,3393.98,0.3454,0.2873,0.80529,0.89251,0.95499,0.97474,0.94438,0.19533,0.18362,0.75872,0.00781111,0.00781111,0.00781111
2213,3395.48,0.33936,0.28373,0.80523,0.89576,0.95206,0.977,0.94927,0.19374,0.18334,0.75856,0.00781012,0.00781012,0.00781012
2214,3396.99,0.31252,0.27493,0.7949,0.89614,0.95182,0.97673,0.94891,0.19894,0.18535,0.75875,0.00780913,0.00780913,0.00780913
2215,3398.47,0.30458,0.26584,0.80123,0.90502,0.95243,0.97778,0.95081,0.2003,0.18558,0.75872,0.00780814,0.00780814,0.00780814
2216,3399.98,0.33242,0.28167,0.80509,0.90981,0.95253,0.97722,0.94867,0.1972,0.18658,0.75844,0.00780715,0.00780715,0.00780715
2217,3401.46,0.31875,0.27789,0.80455,0.92286,0.95343,0.97988,0.9529,0.19824,0.18688,0.75857,0.00780616,0.00780616,0.00780616
2218,3402.93,0.32055,0.27155,0.8021,0.91628,0.95289,0.97812,0.95033,0.19845,0.18618,0.75883,0.00780517,0.00780517,0.00780517
2219,3404.41,0.30676,0.27119,0.80533,0.91456,0.95217,0.97745,0.94923,0.20253,0.18947,0.75903,0.00780418,0.00780418,0.00780418
2220,3405.97,0.32795,0.27622,0.8095,0.91789,0.95224,0.97907,0.94797,0.19754,0.18641,0.75894,0.00780319,0.00780319,0.00780319
2221,3407.47,0.33274,0.27328,0.81175,0.91882,0.95362,0.97731,0.94683,0.19615,0.18594,0.75866,0.0078022,0.0078022,0.0078022
2222,3409.01,0.31235,0.26678,0.79654,0.9193,0.95725,0.97833,0.95332,0.19506,0.18614,0.75858,0.00780121,0.00780121,0.00780121
2223,3410.54,0.32245,0.2766,0.80938,0.92212,0.95559,0.97894,0.95105,0.19333,0.18552,0.75852,0.00780022,0.00780022,0.00780022
2224,3411.97,0.33019,0.27408,0.80693,0.91794,0.95957,0.97862,0.95181,0.19061,0.18308,0.75851,0.00779923,0.00779923,0.00779923
2225,3413.5,0.32373,0.27704,0.81105,0.90922,0.95876,0.97607,0.95179,0.19478,0.18613,0.75871,0.00779824,0.00779824,0.00779824
2226,3414.99,0.33368,0.2797,0.80416,0.91152,0.95847,0.97976,0.95358,0.19039,0.18273,0.75874,0.00779725,0.00779725,0.00779725
2227,3416.52,0.32799,0.27906,0.80635,0.91077,0.95788,0.97639,0.95294,0.19403,0.18388,0.75909,0.00779626,0.00779626,0.00779626
2228,3418.01,0.32278,0.27564,0.80254,0.91899,0.95498,0.97753,0.95252,0.19987,0.18712,0.75991,0.00779527,0.00779527,0.00779527
2229,3419.55,0.33161,0.27664,0.80851,0.91107,0.95454,0.97725,0.95128,0.19483,0.18473,0.76004,0.00779428,0.00779428,0.00779428
2230,3421.15,0.34266,0.2804,0.81641,0.90978,0.95378,0.97873,0.95483,0.19339,0.18475,0.76039,0.00779329,0.00779329,0.00779329
2231,3422.63,0.31943,0.27598,0.8058,0.9125,0.95385,0.97346,0.95049,0.19242,0.18431,0.76073,0.0077923,0.0077923,0.0077923
2232,3424.14,0.33109,0.2782,0.80061,0.9127,0.95047,0.97646,0.9537,0.19108,0.18405,0.7603,0.00779131,0.00779131,0.00779131
2233,3425.61,0.31761,0.27768,0.8002,0.8999,0.94064,0.9759,0.95198,0.19285,0.18403,0.76075,0.00779032,0.00779032,0.00779032
2234,3427.12,0.32759,0.28619,0.80421,0.90134,0.95201,0.97695,0.95639,0.19274,0.18565,0.76024,0.00778933,0.00778933,0.00778933
2235,3428.59,0.33117,0.28061,0.79979,0.89775,0.94906,0.97312,0.95289,0.19237,0.18526,0.75896,0.00778834,0.00778834,0.00778834
2236,3430.03,0.32714,0.27948,0.80933,0.90525,0.94872,0.9717,0.94746,0.19365,0.18557,0.7587,0.00778735,0.00778735,0.00778735
2237,3431.47,0.31787,0.2728,0.80793,0.9137,0.95042,0.9777,0.95565,0.19116,0.1858,0.75899,0.00778636,0.00778636,0.00778636
2238,3433.03,0.32695,0.27768,0.80344,0.91632,0.9515,0.97747,0.95343,0.19312,0.18643,0.75891,0.00778537,0.00778537,0.00778537
2239,3434.52,0.327,0.28115,0.80472,0.90055,0.94952,0.97555,0.94853,0.19005,0.18634,0.75886,0.00778438,0.00778438,0.00778438
2240,3436.07,0.35344,0.29235,0.81728,0.91138,0.95127,0.97713,0.95212,0.18966,0.18668,0.75918,0.00778339,0.00778339,0.00778339
2241,3437.56,0.33372,0.28572,0.81377,0.92763,0.95131,0.97752,0.95215,0.18811,0.18674,0.75898,0.0077824,0.0077824,0.0077824
2242,3439.09,0.33651,0.29258,0.80835,0.91651,0.95,0.97334,0.94453,0.18821,0.18629,0.75889,0.00778141,0.00778141,0.00778141
2243,3440.6,0.31154,0.27168,0.80108,0.91941,0.94864,0.97605,0.94888,0.19055,0.1865,0.75951,0.00778042,0.00778042,0.00778042
2244,3442.06,0.31848,0.27387,0.80604,0.92438,0.94932,0.97555,0.94947,0.18883,0.18511,0.75916,0.00777943,0.00777943,0.00777943
2245,3443.61,0.3145,0.26579,0.80364,0.90748,0.94933,0.97214,0.94637,0.18683,0.18352,0.75892,0.00777844,0.00777844,0.00777844
2246,3445.06,0.31081,0.27025,0.80869,0.92114,0.94835,0.97537,0.94957,0.18646,0.18326,0.75913,0.00777745,0.00777745,0.00777745
2247,3446.53,0.32719,0.27951,0.80545,0.92528,0.94986,0.9772,0.94901,0.18563,0.1821,0.75882,0.00777646,0.00777646,0.00777646
2248,3448.08,0.31989,0.27207,0.79974,0.91741,0.95191,0.97599,0.95026,0.18619,0.1823,0.75878,0.00777547,0.00777547,0.00777547
2249,3449.62,0.32963,0.2705,0.80298,0.92347,0.95281,0.97601,0.95023,0.18711,0.18194,0.75897,0.00777448,0.00777448,0.00777448
2250,3451.17,0.32875,0.27308,0.81326,0.91615,0.9526,0.97656,0.95288,0.18619,0.18202,0.75877,0.00777349,0.00777349,0.00777349
2251,3452.59,0.32278,0.26788,0.82122,0.91131,0.95224,0.97588,0.9521,0.18471,0.1816,0.75848,0.0077725,0.0077725,0.0077725
2252,3454.11,0.30342,0.26186,0.80544,0.91426,0.95344,0.97951,0.95512,0.18687,0.18303,0.75868,0.00777151,0.00777151,0.00777151
2253,3455.58,0.31672,0.27093,0.80377,0.92088,0.95475,0.97866,0.95253,0.18512,0.18148,0.7585,0.00777052,0.00777052,0.00777052
2254,3457.06,0.32599,0.27395,0.81053,0.88911,0.9548,0.97671,0.95008,0.18424,0.18295,0.75863,0.00776953,0.00776953,0.00776953
2255,3458.62,0.32071,0.27678,0.80683,0.90959,0.9546,0.97745,0.95116,0.18665,0.18435,0.75897,0.00776854,0.00776854,0.00776854
2256,3460.07,0.32172,0.26722,0.81096,0.90778,0.95286,0.97646,0.95277,0.1844,0.18355,0.75897,0.00776755,0.00776755,0.00776755
2257,3461.62,0.33693,0.27913,0.80596,0.8942,0.95383,0.97632,0.95297,0.18386,0.1836,0.75873,0.00776656,0.00776656,0.00776656
2258,3463.05,0.30631,0.27001,0.79668,0.89726,0.94774,0.97317,0.94671,0.18808,0.18598,0.75865,0.00776557,0.00776557,0.00776557
2259,3464.44,0.32278,0.27138,0.8032,0.91319,0.95287,0.97498,0.94983,0.18486,0.18463,0.75835,0.00776458,0.00776458,0.00776458
2260,3466.01,0.30721,0.26119,0.80269,0.90922,0.9537,0.97507,0.95154,0.18512,0.18459,0.75853,0.00776359,0.00776359,0.00776359
2261,3467.43,0.31833,0.27668,0.80663,0.91505,0.95391,0.97305,0.94609,0.1898,0.18672,0.75891,0.0077626,0.0077626,0.0077626
2262,3468.82,0.33258,0.28218,0.80505,0.91185,0.95144,0.97323,0.94769,0.18491,0.18465,0.75839,0.00776161,0.00776161,0.00776161
2263,3470.21,0.32575,0.26985,0.81197,0.90633,0.94832,0.97325,0.94757,0.18399,0.18359,0.7582,0.00776062,0.00776062,0.00776062
2264,3471.65,0.31158,0.2667,0.79999,0.9209,0.94755,0.97326,0.94627,0.18576,0.18413,0.75835,0.00775963,0.00775963,0.00775963
2265,3473.1,0.31864,0.27392,0.80172,0.92897,0.95048,0.97505,0.94857,0.18241,0.18244,0.75805,0.00775864,0.00775864,0.00775864
2266,3474.57,0.30923,0.26547,0.80609,0.93079,0.94975,0.97773,0.94922,0.18277,0.18233,0.758,0.00775765,0.00775765,0.00775765
2267,3476.02,0.32762,0.28322,0.81276,0.92467,0.9467,0.97452,0.94928,0.18396,0.18264,0.75818,0.00775666,0.00775666,0.00775666
2268,3477.46,0.30702,0.27673,0.80106,0.93135,0.9519,0.97844,0.95044,0.18324,0.18249,0.75804,0.00775567,0.00775567,0.00775567
2269,3478.88,0.32572,0.26833,0.81692,0.92639,0.95158,0.97584,0.94831,0.18332,0.18145,0.75811,0.00775468,0.00775468,0.00775468
2270,3480.35,0.30352,0.26724,0.80346,0.92922,0.95411,0.97737,0.9502,0.18597,0.18253,0.75841,0.00775369,0.00775369,0.00775369
2271,3481.84,0.33418,0.2785,0.81004,0.92758,0.95335,0.97441,0.9446,0.1852,0.18181,0.7584,0.0077527,0.0077527,0.0077527
2272,3483.3,0.31254,0.27014,0.79854,0.91445,0.95301,0.96978,0.94355,0.18448,0.18217,0.75848,0.00775171,0.00775171,0.00775171
2273,3484.74,0.33157,0.26972,0.82029,0.91355,0.9534,0.97237,0.94616,0.18897,0.18369,0.75842,0.00775072,0.00775072,0.00775072
2274,3486.15,0.33443,0.27975,0.80964,0.91553,0.95112,0.97414,0.94973,0.18534,0.18189,0.7585,0.00774973,0.00774973,0.00774973
2275,3487.61,0.31703,0.26699,0.80356,0.92145,0.95428,0.97128,0.9454,0.18634,0.18296,0.75829,0.00774874,0.00774874,0.00774874
2276,3489.04,0.32237,0.27412,0.80805,0.92018,0.95469,0.97109,0.94359,0.1886,0.18441,0.75822,0.00774775,0.00774775,0.00774775
2277,3490.48,0.33545,0.2771,0.81413,0.91872,0.95382,0.97411,0.94944,0.18714,0.18444,0.75816,0.00774676,0.00774676,0.00774676
2278,3491.98,0.31326,0.26934,0.80106,0.90524,0.95081,0.97414,0.94609,0.18668,0.18509,0.75823,0.00774577,0.00774577,0.00774577
2279,3493.36,0.31834,0.2763,0.8088,0.90582,0.94797,0.97668,0.95024,0.18696,0.18504,0.75816,0.00774478,0.00774478,0.00774478
2280,3494.84,0.32331,0.26887,0.81355,0.91348,0.95242,0.97764,0.9523,0.18674,0.1843,0.75827,0.00774379,0.00774379,0.00774379
2281,3496.38,0.33956,0.28578,0.81585,0.92162,0.95699,0.9755,0.94837,0.18704,0.1847,0.75825,0.0077428,0.0077428,0.0077428
2282,3497.86,0.32122,0.27581,0.80039,0.91712,0.95291,0.9766,0.95294,0.1857,0.18396,0.75833,0.00774181,0.00774181,0.00774181
2283,3499.23,0.30694,0.27517,0.80147,0.91543,0.95803,0.97651,0.9523,0.18747,0.18484,0.75854,0.00774082,0.00774082,0.00774082
2284,3500.66,0.33644,0.27954,0.80801,0.89678,0.95818,0.9748,0.95049,0.19042,0.18582,0.75881,0.00773983,0.00773983,0.00773983
2285,3502.08,0.31271,0.2749,0.81436,0.90144,0.95931,0.97323,0.94535,0.19125,0.18608,0.75898,0.00773884,0.00773884,0.00773884
2286,3503.53,0.3207,0.27303,0.80521,0.88821,0.95873,0.97495,0.94734,0.1932,0.18645,0.75914,0.00773785,0.00773785,0.00773785
2287,3505.01,0.30846,0.2591,0.80961,0.89421,0.95437,0.97498,0.94826,0.19408,0.18545,0.75906,0.00773686,0.00773686,0.00773686
2288,3506.45,0.32724,0.2766,0.8063,0.89156,0.95022,0.97626,0.95102,0.19413,0.18595,0.75884,0.00773587,0.00773587,0.00773587
2289,3507.87,0.3202,0.26701,0.8035,0.91104,0.95581,0.97918,0.95388,0.19368,0.185,0.75886,0.00773488,0.00773488,0.00773488
2290,3509.34,0.3031,0.27095,0.80063,0.90649,0.94871,0.97702,0.94859,0.19415,0.18655,0.75876,0.00773389,0.00773389,0.00773389
2291,3511.14,0.32101,0.27604,0.80022,0.90934,0.94275,0.97392,0.94536,0.19714,0.18726,0.75891,0.0077329,0.0077329,0.0077329
2292,3512.81,0.33299,0.27435,0.80658,0.90394,0.94155,0.97463,0.94474,0.19786,0.18733,0.75893,0.00773191,0.00773191,0.00773191
2293,3514.27,0.31232,0.26302,0.8011,0.90151,0.93915,0.97285,0.94178,0.20086,0.18948,0.7589,0.00773092,0.00773092,0.00773092
2294,3515.69,0.33724,0.28783,0.80895,0.91038,0.94188,0.97783,0.94755,0.19978,0.18855,0.75892,0.00772993,0.00772993,0.00772993
2295,3517.2,0.32596,0.27363,0.81271,0.90826,0.94785,0.97808,0.94531,0.19888,0.18824,0.75894,0.00772894,0.00772894,0.00772894
2296,3518.57,0.31979,0.26087,0.81229,0.90364,0.94851,0.97617,0.94592,0.19916,0.18808,0.75914,0.00772795,0.00772795,0.00772795
2297,3519.99,0.31605,0.27365,0.81469,0.87748,0.9697,0.97788,0.95119,0.19581,0.18626,0.75905,0.00772696,0.00772696,0.00772696
2298,3521.4,0.3178,0.26986,0.81337,0.88119,0.96653,0.97803,0.94935,0.19614,0.18716,0.75882,0.00772597,0.00772597,0.00772597
2299,3522.85,0.34056,0.27897,0.81528,0.90704,0.94948,0.98016,0.95242,0.19253,0.18501,0.75838,0.00772498,0.00772498,0.00772498
2300,3524.28,0.34367,0.27843,0.81283,0.90955,0.94547,0.97833,0.95218,0.19082,0.1853,0.75835,0.00772399,0.00772399,0.00772399
2301,3525.78,0.32785,0.2705,0.80412,0.91189,0.94921,0.97917,0.95308,0.19109,0.18486,0.75821,0.007723,0.007723,0.007723
2302,3527.32,0.32542,0.27212,0.80508,0.89861,0.93727,0.978,0.9521,0.19025,0.18501,0.75794,0.00772201,0.00772201,0.00772201
2303,3528.73,0.3095,0.26947,0.80628,0.9142,0.93711,0.97703,0.95342,0.19104,0.18512,0.75804,0.00772102,0.00772102,0.00772102
2304,3530.15,0.30953,0.26749,0.79946,0.90487,0.94256,0.97819,0.95104,0.19027,0.18398,0.7577,0.00772003,0.00772003,0.00772003
2305,3531.59,0.3227,0.27928,0.80885,0.90638,0.94049,0.97623,0.95249,0.18968,0.18291,0.75746,0.00771904,0.00771904,0.00771904
2306,3533.06,0.32551,0.2834,0.79414,0.91089,0.94211,0.97548,0.95124,0.18867,0.18319,0.7575,0.00771805,0.00771805,0.00771805
2307,3534.51,0.3347,0.28336,0.81137,0.90913,0.93666,0.97594,0.95191,0.18975,0.18372,0.75729,0.00771706,0.00771706,0.00771706
2308,3535.93,0.30499,0.26682,0.80582,0.90387,0.93726,0.97713,0.95191,0.1909,0.18262,0.75734,0.00771607,0.00771607,0.00771607
2309,3537.35,0.30554,0.27258,0.80188,0.89413,0.94433,0.97623,0.95279,0.18795,0.18144,0.75719,0.00771508,0.00771508,0.00771508
2310,3538.82,0.32624,0.27981,0.80514,0.88435,0.94301,0.97775,0.95308,0.18948,0.1817,0.75729,0.00771409,0.00771409,0.00771409
2311,3540.32,0.3175,0.27608,0.80473,0.89723,0.94147,0.97856,0.95342,0.19123,0.18292,0.75755,0.0077131,0.0077131,0.0077131
2312,3541.86,0.32593,0.27806,0.80042,0.90805,0.94221,0.97914,0.95288,0.18742,0.18104,0.75771,0.00771211,0.00771211,0.00771211
2313,3543.33,0.29723,0.26554,0.80526,0.89396,0.94002,0.97811,0.95414,0.19088,0.18148,0.75795,0.00771112,0.00771112,0.00771112
2314,3544.83,0.30364,0.26391,0.80115,0.90511,0.94571,0.97773,0.95392,0.18889,0.18114,0.75788,0.00771013,0.00771013,0.00771013
2315,3546.3,0.30564,0.27173,0.80114,0.92875,0.94566,0.98143,0.95582,0.18616,0.18146,0.75772,0.00770914,0.00770914,0.00770914
2316,3547.74,0.32449,0.27379,0.80486,0.92565,0.94313,0.97764,0.95313,0.18845,0.18214,0.75779,0.00770815,0.00770815,0.00770815
2317,3549.18,0.31043,0.27284,0.80639,0.92704,0.94395,0.97858,0.95169,0.1921,0.18303,0.75797,0.00770716,0.00770716,0.00770716
2318,3550.63,0.34482,0.28005,0.82621,0.93731,0.9485,0.97991,0.95517,0.18912,0.18239,0.75797,0.00770617,0.00770617,0.00770617
2319,3552.06,0.31025,0.26387,0.80775,0.93466,0.94623,0.97966,0.9521,0.19319,0.18551,0.75806,0.00770518,0.00770518,0.00770518
2320,3553.56,0.3119,0.27631,0.80661,0.89985,0.95164,0.97725,0.9485,0.19623,0.18837,0.75881,0.00770419,0.00770419,0.00770419
2321,3555.1,0.31192,0.26972,0.80563,0.90803,0.95765,0.97903,0.94902,0.19731,0.18968,0.75904,0.0077032,0.0077032,0.0077032
2322,3556.65,0.30686,0.26793,0.80467,0.91485,0.94375,0.97745,0.94744,0.19617,0.18958,0.75916,0.00770221,0.00770221,0.00770221
2323,3558.13,0.32051,0.27214,0.80227,0.90953,0.94184,0.97371,0.94208,0.19672,0.18982,0.75928,0.00770122,0.00770122,0.00770122
2324,3559.53,0.32505,0.27633,0.81236,0.90091,0.94202,0.97429,0.94633,0.19845,0.19113,0.75948,0.00770023,0.00770023,0.00770023
2325,3561.05,0.30071,0.27041,0.79788,0.89787,0.94111,0.97674,0.94578,0.19329,0.18929,0.75925,0.00769924,0.00769924,0.00769924
2326,3562.49,0.3239,0.27359,0.80144,0.90492,0.93672,0.97446,0.94382,0.18905,0.18509,0.75914,0.00769825,0.00769825,0.00769825
2327,3563.96,0.30584,0.26908,0.79925,0.90934,0.93896,0.97485,0.94864,0.18908,0.18503,0.75929,0.00769726,0.00769726,0.00769726
2328,3565.41,0.31349,0.27165,0.80835,0.92095,0.94382,0.98049,0.95062,0.18639,0.18315,0.75923,0.00769627,0.00769627,0.00769627
2329,3566.86,0.32202,0.27244,0.80859,0.90013,0.94539,0.97714,0.94787,0.1875,0.18223,0.7596,0.00769528,0.00769528,0.00769528
2330,3568.26,0.31566,0.27361,0.81229,0.91037,0.94342,0.97491,0.94452,0.18653,0.18128,0.75953,0.00769429,0.00769429,0.00769429
2331,3569.73,0.33234,0.28529,0.81078,0.89116,0.94792,0.97787,0.94802,0.18806,0.18035,0.7597,0.0076933,0.0076933,0.0076933
2332,3571.3,0.32794,0.28768,0.81102,0.91268,0.94168,0.97867,0.94767,0.18703,0.18101,0.75957,0.00769231,0.00769231,0.00769231
2333,3572.79,0.32681,0.28368,0.79491,0.91935,0.94137,0.97861,0.94992,0.18781,0.18178,0.75967,0.00769132,0.00769132,0.00769132
2334,3574.25,0.34456,0.29156,0.81428,0.91957,0.94236,0.97857,0.94944,0.18835,0.18221,0.75984,0.00769033,0.00769033,0.00769033
2335,3575.7,0.29808,0.26871,0.80379,0.91326,0.94223,0.97802,0.9501,0.19035,0.18411,0.75986,0.00768934,0.00768934,0.00768934
2336,3577.1,0.3102,0.27809,0.80456,0.91557,0.94311,0.97943,0.95228,0.19059,0.18331,0.75968,0.00768835,0.00768835,0.00768835
2337,3578.59,0.32209,0.28841,0.8065,0.91178,0.94666,0.97235,0.94562,0.19356,0.18546,0.75949,0.00768736,0.00768736,0.00768736
2338,3580.08,0.3305,0.28746,0.80402,0.9142,0.94786,0.97185,0.94656,0.1966,0.18526,0.75955,0.00768637,0.00768637,0.00768637
2339,3581.53,0.32446,0.28044,0.80813,0.91751,0.94803,0.97726,0.95159,0.1937,0.18281,0.75963,0.00768538,0.00768538,0.00768538
2340,3582.94,0.3202,0.27697,0.80169,0.917,0.94905,0.97757,0.95176,0.19483,0.18368,0.75969,0.00768439,0.00768439,0.00768439
2341,3584.43,0.31165,0.27464,0.80081,0.90912,0.94931,0.97373,0.94576,0.19509,0.18371,0.75993,0.0076834,0.0076834,0.0076834
2342,3585.98,0.33449,0.27809,0.80896,0.9062,0.95071,0.9761,0.9481,0.19142,0.18196,0.75982,0.00768241,0.00768241,0.00768241
2343,3587.46,0.3333,0.28264,0.81004,0.90868,0.94956,0.97636,0.95283,0.19396,0.18411,0.75977,0.00768142,0.00768142,0.00768142
2344,3588.94,0.32781,0.27703,0.80562,0.91449,0.94916,0.97551,0.94909,0.1921,0.18274,0.75984,0.00768043,0.00768043,0.00768043
2345,3590.36,0.3171,0.27316,0.80867,0.91012,0.94804,0.97366,0.94695,0.19079,0.18157,0.76003,0.00767944,0.00767944,0.00767944
2346,3591.83,0.3164,0.27344,0.807,0.90828,0.94991,0.97211,0.94582,0.19027,0.18063,0.75997,0.00767845,0.00767845,0.00767845
2347,3593.25,0.31356,0.26864,0.80515,0.89727,0.95743,0.97507,0.94904,0.18982,0.18031,0.75979,0.00767746,0.00767746,0.00767746
2348,3594.72,0.30166,0.26751,0.80449,0.88894,0.95631,0.97135,0.94325,0.19071,0.18025,0.75991,0.00767647,0.00767647,0.00767647
2349,3596.19,0.33121,0.27535,0.80708,0.89499,0.95926,0.97458,0.94405,0.19299,0.18235,0.75958,0.00767548,0.00767548,0.00767548
2350,3597.7,0.32475,0.27621,0.80599,0.89147,0.95919,0.97305,0.94347,0.19411,0.18251,0.75936,0.00767449,0.00767449,0.00767449
2351,3599.16,0.34052,0.27462,0.81958,0.90071,0.9583,0.9729,0.94137,0.18927,0.18017,0.75917,0.0076735,0.0076735,0.0076735
2352,3600.68,0.33144,0.27393,0.80387,0.89242,0.95757,0.97205,0.94303,0.19113,0.18096,0.75904,0.00767251,0.00767251,0.00767251
2353,3602.21,0.32146,0.2682,0.80704,0.90014,0.95328,0.96969,0.94324,0.19122,0.18121,0.75928,0.00767152,0.00767152,0.00767152
2354,3603.63,0.34581,0.28946,0.81835,0.89718,0.95278,0.97223,0.94302,0.19163,0.18081,0.75949,0.00767053,0.00767053,0.00767053
2355,3605.02,0.31296,0.26942,0.79974,0.90012,0.95276,0.97326,0.94446,0.19221,0.18117,0.75933,0.00766954,0.00766954,0.00766954
2356,3606.5,0.31539,0.26727,0.8056,0.89749,0.95248,0.97488,0.9466,0.1931,0.17998,0.75912,0.00766855,0.00766855,0.00766855
2357,3607.93,0.30784,0.26683,0.80218,0.89661,0.951,0.97233,0.94287,0.19428,0.17985,0.75906,0.00766756,0.00766756,0.00766756
2358,3609.39,0.33691,0.28262,0.80323,0.91032,0.9511,0.97387,0.94362,0.19245,0.17985,0.75893,0.00766657,0.00766657,0.00766657
2359,3610.88,0.32372,0.27181,0.80058,0.91054,0.95409,0.97398,0.9458,0.19125,0.18081,0.75891,0.00766558,0.00766558,0.00766558
2360,3612.26,0.31555,0.26921,0.81255,0.91297,0.95419,0.97797,0.9514,0.19454,0.1815,0.75927,0.00766459,0.00766459,0.00766459
2361,3613.69,0.33673,0.28026,0.80607,0.9145,0.95565,0.97664,0.94896,0.19141,0.18032,0.75878,0.0076636,0.0076636,0.0076636
2362,3615.19,0.33513,0.27495,0.80298,0.91844,0.94896,0.9752,0.94916,0.19059,0.1814,0.75862,0.00766261,0.00766261,0.00766261
2363,3616.71,0.31504,0.26348,0.80646,0.9188,0.9514,0.97553,0.94979,0.19189,0.18268,0.75892,0.00766162,0.00766162,0.00766162
2364,3618.22,0.32676,0.27968,0.80203,0.91475,0.94728,0.97255,0.9494,0.18856,0.18142,0.75864,0.00766063,0.00766063,0.00766063
2365,3619.71,0.31111,0.26569,0.80416,0.91111,0.94194,0.97026,0.94532,0.18704,0.18009,0.75889,0.00765964,0.00765964,0.00765964
2366,3621.2,0.32318,0.27182,0.80463,0.91216,0.94459,0.97257,0.94785,0.18709,0.18033,0.75891,0.00765865,0.00765865,0.00765865
2367,3622.63,0.3048,0.26597,0.80445,0.9136,0.93973,0.96976,0.94465,0.18766,0.18137,0.75895,0.00765766,0.00765766,0.00765766
2368,3624.08,0.31802,0.27224,0.80339,0.90659,0.94563,0.97469,0.94899,0.18967,0.1824,0.7592,0.00765667,0.00765667,0.00765667
2369,3625.49,0.33877,0.28574,0.81057,0.90521,0.93515,0.97031,0.94332,0.19114,0.18196,0.75942,0.00765568,0.00765568,0.00765568
2370,3626.96,0.3164,0.27747,0.80984,0.89714,0.94301,0.97335,0.94831,0.19195,0.18234,0.75957,0.00765469,0.00765469,0.00765469
2371,3628.44,0.31308,0.26407,0.81476,0.90108,0.94462,0.97161,0.94408,0.19411,0.18254,0.75992,0.0076537,0.0076537,0.0076537
2372,3629.86,0.33266,0.27937,0.80245,0.9032,0.94828,0.97339,0.94436,0.19349,0.18282,0.75983,0.00765271,0.00765271,0.00765271
2373,3631.43,0.29763,0.27139,0.80186,0.90873,0.95004,0.97196,0.94172,0.19592,0.18238,0.76,0.00765172,0.00765172,0.00765172
2374,3632.95,0.30344,0.27204,0.80397,0.90107,0.95471,0.97237,0.94109,0.19311,0.18154,0.76006,0.00765073,0.00765073,0.00765073
2375,3634.34,0.30864,0.2635,0.81208,0.91675,0.95162,0.97394,0.94272,0.19253,0.18285,0.75992,0.00764974,0.00764974,0.00764974
2376,3635.83,0.31612,0.26922,0.80504,0.91593,0.95038,0.97257,0.94015,0.19334,0.18321,0.75995,0.00764875,0.00764875,0.00764875
2377,3637.29,0.31036,0.27006,0.80839,0.90805,0.95158,0.96988,0.9332,0.19391,0.1832,0.75999,0.00764776,0.00764776,0.00764776
2378,3638.76,0.33178,0.28286,0.80158,0.90966,0.95278,0.97118,0.93747,0.1917,0.18258,0.75992,0.00764677,0.00764677,0.00764677
2379,3640.27,0.31693,0.26449,0.8044,0.90674,0.95575,0.97138,0.94104,0.19326,0.18378,0.76012,0.00764578,0.00764578,0.00764578
2380,3641.73,0.31266,0.2736,0.80399,0.91227,0.95614,0.97535,0.94452,0.19064,0.18334,0.75978,0.00764479,0.00764479,0.00764479
2381,3643.17,0.33011,0.27872,0.80257,0.91579,0.95502,0.97614,0.9488,0.18979,0.18268,0.75966,0.0076438,0.0076438,0.0076438
2382,3644.58,0.33424,0.27164,0.81075,0.91016,0.95437,0.975,0.94867,0.18808,0.18063,0.75962,0.00764281,0.00764281,0.00764281
2383,3646.1,0.32776,0.2771,0.80839,0.90252,0.95141,0.97543,0.94873,0.18777,0.18059,0.75948,0.00764182,0.00764182,0.00764182
2384,3647.51,0.30217,0.26027,0.80682,0.90615,0.94829,0.97632,0.9485,0.18972,0.18181,0.75906,0.00764083,0.00764083,0.00764083
2385,3648.95,0.32251,0.26601,0.79841,0.90202,0.94687,0.9753,0.94731,0.18851,0.18108,0.75904,0.00763984,0.00763984,0.00763984
2386,3650.41,0.32553,0.26836,0.8006,0.90244,0.94551,0.97404,0.94885,0.19027,0.18269,0.7591,0.00763885,0.00763885,0.00763885
2387,3651.79,0.34213,0.28295,0.80622,0.9014,0.94243,0.97327,0.94553,0.19135,0.18286,0.75897,0.00763786,0.00763786,0.00763786
2388,3653.18,0.30823,0.2649,0.80386,0.90735,0.94577,0.97334,0.94817,0.19032,0.18265,0.759,0.00763687,0.00763687,0.00763687
2389,3654.58,0.31146,0.26768,0.8137,0.91356,0.9485,0.97212,0.9469,0.18977,0.18262,0.75868,0.00763588,0.00763588,0.00763588
2390,3656.02,0.31452,0.27358,0.79662,0.90291,0.9483,0.97097,0.94781,0.19121,0.18376,0.75843,0.00763489,0.00763489,0.00763489
2391,3657.46,0.31355,0.26813,0.80169,0.91526,0.95628,0.97511,0.94948,0.1909,0.18395,0.75857,0.0076339,0.0076339,0.0076339
2392,3658.9,0.32611,0.26942,0.80363,0.90684,0.95202,0.97116,0.9469,0.19046,0.18457,0.758,0.00763291,0.00763291,0.00763291
2393,3660.4,0.3123,0.26476,0.81083,0.90308,0.95161,0.96989,0.94462,0.19394,0.18554,0.75802,0.00763192,0.00763192,0.00763192
2394,3661.85,0.31469,0.26815,0.79879,0.90734,0.95001,0.97026,0.94424,0.19072,0.18453,0.75759,0.00763093,0.00763093,0.00763093
2395,3663.28,0.34369,0.2765,0.80452,0.90054,0.94694,0.97176,0.94574,0.18941,0.18324,0.75717,0.00762994,0.00762994,0.00762994
2396,3664.66,0.30164,0.26774,0.80134,0.90112,0.94507,0.97278,0.94704,0.19347,0.18417,0.7573,0.00762895,0.00762895,0.00762895
2397,3666.06,0.3171,0.26767,0.8113,0.9053,0.95009,0.97618,0.95006,0.18779,0.18159,0.75703,0.00762796,0.00762796,0.00762796
2398,3667.45,0.32386,0.26019,0.79657,0.90876,0.94948,0.97374,0.9511,0.18915,0.18132,0.7572,0.00762697,0.00762697,0.00762697
2399,3668.84,0.3014,0.26057,0.80677,0.91476,0.94993,0.97362,0.94903,0.19927,0.18383,0.75773,0.00762598,0.00762598,0.00762598
2400,3670.29,0.31598,0.27146,0.80885,0.91794,0.94771,0.97583,0.94748,0.19332,0.18077,0.75764,0.00762499,0.00762499,0.00762499
2401,3671.67,0.3076,0.26194,0.79871,0.90738,0.95374,0.97768,0.95457,0.19301,0.1812,0.75742,0.007624,0.007624,0.007624
2402,3673.11,0.31614,0.27205,0.80126,0.92053,0.95305,0.97397,0.94646,0.19758,0.18274,0.75793,0.00762301,0.00762301,0.00762301
2403,3674.6,0.31665,0.26727,0.80802,0.91837,0.95306,0.97483,0.94963,0.18961,0.17991,0.75735,0.00762202,0.00762202,0.00762202
2404,3676.12,0.29512,0.25744,0.80453,0.91104,0.95408,0.97091,0.94493,0.1869,0.17921,0.75712,0.00762103,0.00762103,0.00762103
2405,3677.8,0.34427,0.28797,0.80409,0.90389,0.95441,0.9729,0.94533,0.18714,0.17967,0.75732,0.00762004,0.00762004,0.00762004
2406,3679.18,0.3142,0.26612,0.80698,0.91356,0.95242,0.97401,0.94674,0.18546,0.17898,0.757,0.00761905,0.00761905,0.00761905
2407,3680.71,0.31191,0.26932,0.79559,0.91895,0.95054,0.97523,0.9514,0.18385,0.17835,0.75697,0.00761806,0.00761806,0.00761806
2408,3682.19,0.30339,0.26961,0.79777,0.92028,0.94783,0.97785,0.95456,0.18281,0.17774,0.75698,0.00761707,0.00761707,0.00761707
2409,3683.64,0.33198,0.27972,0.80367,0.90686,0.95064,0.97364,0.9481,0.1826,0.17788,0.75702,0.00761608,0.00761608,0.00761608
2410,3685.13,0.30812,0.26621,0.80231,0.91093,0.94997,0.97554,0.95099,0.18377,0.17886,0.75702,0.00761509,0.00761509,0.00761509
2411,3686.58,0.32116,0.26682,0.80167,0.91259,0.95048,0.97681,0.95134,0.18097,0.1784,0.75705,0.0076141,0.0076141,0.0076141
2412,3688.04,0.29662,0.26245,0.80077,0.91577,0.94967,0.97483,0.95218,0.18467,0.18014,0.75735,0.00761311,0.00761311,0.00761311
2413,3689.52,0.31901,0.27324,0.81534,0.90928,0.95259,0.97477,0.94956,0.18473,0.18034,0.75751,0.00761212,0.00761212,0.00761212
2414,3691.01,0.32165,0.2836,0.8061,0.91316,0.9507,0.97411,0.95085,0.18295,0.17883,0.75736,0.00761113,0.00761113,0.00761113
2415,3692.49,0.30808,0.27054,0.79765,0.91469,0.95247,0.9757,0.94852,0.18557,0.18049,0.75752,0.00761014,0.00761014,0.00761014
2416,3693.98,0.32749,0.26658,0.80851,0.91778,0.95463,0.97546,0.95125,0.18391,0.17977,0.75765,0.00760915,0.00760915,0.00760915
2417,3695.42,0.32132,0.27402,0.80623,0.91176,0.95561,0.97496,0.94969,0.18282,0.1791,0.75767,0.00760816,0.00760816,0.00760816
2418,3696.93,0.28932,0.25693,0.79937,0.91562,0.95688,0.97552,0.95138,0.18295,0.17921,0.75785,0.00760717,0.00760717,0.00760717
2419,3698.45,0.31732,0.27032,0.79981,0.91131,0.94943,0.97701,0.95504,0.18353,0.17935,0.7578,0.00760618,0.00760618,0.00760618
2420,3699.9,0.30618,0.26516,0.80182,0.91236,0.95106,0.97754,0.95057,0.18391,0.17903,0.75768,0.00760519,0.00760519,0.00760519
2421,3701.42,0.31746,0.26771,0.80179,0.91098,0.95361,0.97587,0.95012,0.18362,0.17868,0.75782,0.0076042,0.0076042,0.0076042
2422,3702.92,0.33949,0.28179,0.8118,0.92069,0.95744,0.97797,0.95222,0.18477,0.17842,0.7577,0.00760321,0.00760321,0.00760321
2423,3704.38,0.29658,0.25833,0.80419,0.90422,0.9534,0.97366,0.94983,0.18764,0.17875,0.75766,0.00760222,0.00760222,0.00760222
2424,3705.91,0.33467,0.27307,0.80226,0.91743,0.95522,0.97237,0.94935,0.18595,0.17721,0.75764,0.00760123,0.00760123,0.00760123
2425,3707.43,0.30863,0.26338,0.80596,0.91408,0.95077,0.97149,0.94508,0.188,0.17745,0.75749,0.00760024,0.00760024,0.00760024
2426,3708.88,0.33245,0.28552,0.79993,0.90987,0.94802,0.96912,0.94234,0.18794,0.17753,0.75741,0.00759925,0.00759925,0.00759925
2427,3710.34,0.32047,0.26505,0.80592,0.91377,0.94769,0.9713,0.94426,0.18989,0.17925,0.75759,0.00759826,0.00759826,0.00759826
2428,3711.86,0.32482,0.26922,0.80329,0.90947,0.94688,0.97414,0.946,0.18962,0.18007,0.75769,0.00759727,0.00759727,0.00759727
2429,3713.35,0.3203,0.27105,0.80052,0.91211,0.94958,0.97189,0.94463,0.18889,0.17959,0.7578,0.00759628,0.00759628,0.00759628
2430,3714.87,0.31536,0.26744,0.79748,0.91571,0.95297,0.97605,0.94861,0.19041,0.17978,0.75807,0.00759529,0.00759529,0.00759529
2431,3716.39,0.34585,0.28088,0.8152,0.91526,0.95433,0.97411,0.9457,0.19321,0.18028,0.75842,0.0075943,0.0075943,0.0075943
2432,3717.84,0.32681,0.27085,0.81469,0.91221,0.95602,0.97497,0.94616,0.19495,0.18119,0.75853,0.00759331,0.00759331,0.00759331
2433,3719.3,0.32102,0.27096,0.80868,0.91004,0.95529,0.97241,0.94544,0.19466,0.18134,0.75847,0.00759232,0.00759232,0.00759232
2434,3720.9,0.32198,0.26628,0.8128,0.9168,0.95713,0.97334,0.94583,0.19332,0.18207,0.75861,0.00759133,0.00759133,0.00759133
2435,3722.41,0.35051,0.29045,0.80932,0.91957,0.95271,0.97515,0.94344,0.19279,0.18156,0.75878,0.00759034,0.00759034,0.00759034
2436,3723.91,0.29622,0.26593,0.79998,0.92482,0.95688,0.97553,0.94467,0.1916,0.18127,0.75874,0.00758935,0.00758935,0.00758935
2437,3725.46,0.32718,0.28126,0.80812,0.92181,0.9548,0.97426,0.94343,0.18807,0.18018,0.75863,0.00758836,0.00758836,0.00758836
2438,3726.91,0.31379,0.26891,0.81013,0.9214,0.95108,0.97649,0.94763,0.18741,0.1802,0.75862,0.00758737,0.00758737,0.00758737
2439,3728.41,0.31309,0.26642,0.80351,0.92761,0.95424,0.97622,0.94788,0.18565,0.17926,0.75834,0.00758638,0.00758638,0.00758638
2440,3729.94,0.3145,0.27014,0.79656,0.92246,0.95468,0.97687,0.94968,0.18515,0.17804,0.75809,0.00758539,0.00758539,0.00758539
2441,3731.46,0.32291,0.27111,0.80665,0.91502,0.95391,0.97711,0.9488,0.18683,0.17883,0.75821,0.0075844,0.0075844,0.0075844
2442,3732.88,0.32102,0.27509,0.80799,0.91697,0.95213,0.9765,0.94841,0.1838,0.17829,0.75796,0.00758341,0.00758341,0.00758341
2443,3734.38,0.31449,0.27099,0.80031,0.91477,0.94981,0.97437,0.94863,0.18237,0.1771,0.75803,0.00758242,0.00758242,0.00758242
2444,3735.95,0.32041,0.27305,0.80337,0.91441,0.95,0.97557,0.94837,0.18371,0.17706,0.75831,0.00758143,0.00758143,0.00758143
2445,3737.51,0.33249,0.27877,0.80412,0.92515,0.95064,0.9775,0.95111,0.1818,0.17634,0.75801,0.00758044,0.00758044,0.00758044
2446,3739.01,0.31464,0.26822,0.81001,0.92622,0.94785,0.97776,0.95061,0.18068,0.17618,0.75804,0.00757945,0.00757945,0.00757945
2447,3740.48,0.29184,0.25594,0.79415,0.91373,0.94609,0.97489,0.94833,0.18188,0.17544,0.75841,0.00757846,0.00757846,0.00757846
2448,3741.99,0.31846,0.26631,0.81053,0.9125,0.94902,0.97666,0.94895,0.17894,0.17536,0.75806,0.00757747,0.00757747,0.00757747
2449,3743.51,0.30659,0.26197,0.80031,0.91186,0.94989,0.97321,0.94722,0.17961,0.17631,0.75786,0.00757648,0.00757648,0.00757648
2450,3745.01,0.32422,0.27055,0.8025,0.91554,0.94827,0.97709,0.95099,0.18183,0.17598,0.75817,0.00757549,0.00757549,0.00757549
2451,3746.44,0.33042,0.273,0.8079,0.9185,0.94461,0.9755,0.94896,0.18019,0.17596,0.75764,0.0075745,0.0075745,0.0075745
2452,3747.88,0.31988,0.26409,0.80759,0.92053,0.94161,0.97764,0.95113,0.18096,0.17636,0.75733,0.00757351,0.00757351,0.00757351
2453,3749.38,0.32263,0.27415,0.79964,0.92234,0.94533,0.97789,0.95095,0.18184,0.1768,0.75741,0.00757252,0.00757252,0.00757252
2454,3750.9,0.30213,0.27416,0.80217,0.91885,0.94835,0.97423,0.94827,0.18097,0.1772,0.75714,0.00757153,0.00757153,0.00757153
2455,3752.41,0.32905,0.2713,0.81453,0.9274,0.94574,0.97621,0.95146,0.18141,0.17704,0.75713,0.00757054,0.00757054,0.00757054
2456,3753.87,0.30503,0.26148,0.80465,0.92522,0.94526,0.97528,0.94889,0.1845,0.17724,0.75741,0.00756955,0.00756955,0.00756955
2457,3755.44,0.31391,0.2741,0.80961,0.92829,0.94599,0.97745,0.95353,0.18439,0.17765,0.75741,0.00756856,0.00756856,0.00756856
2458,3756.91,0.28185,0.2559,0.79443,0.92101,0.94697,0.97401,0.94877,0.18418,0.17792,0.75741,0.00756757,0.00756757,0.00756757
2459,3758.35,0.3163,0.26423,0.79908,0.91811,0.94319,0.97291,0.9502,0.1831,0.17811,0.75733,0.00756658,0.00756658,0.00756658
2460,3759.8,0.32895,0.27061,0.81022,0.93092,0.94491,0.97559,0.94993,0.18608,0.17808,0.75773,0.00756559,0.00756559,0.00756559
2461,3761.29,0.30776,0.27503,0.79691,0.93174,0.94426,0.97436,0.95153,0.18515,0.1789,0.75739,0.0075646,0.0075646,0.0075646
2462,3762.74,0.32087,0.26978,0.80909,0.93007,0.94055,0.97608,0.95135,0.18344,0.17901,0.75729,0.00756361,0.00756361,0.00756361
2463,3764.24,0.32852,0.28046,0.80414,0.92759,0.94037,0.97581,0.95036,0.18501,0.18045,0.75755,0.00756262,0.00756262,0.00756262
2464,3765.82,0.32674,0.29032,0.80052,0.92329,0.94403,0.97475,0.94918,0.18673,0.18,0.75765,0.00756163,0.00756163,0.00756163
2465,3767.33,0.32629,0.27921,0.81406,0.92491,0.94549,0.97617,0.95343,0.18644,0.18063,0.75767,0.00756064,0.00756064,0.00756064
2466,3768.82,0.32052,0.27388,0.80435,0.92233,0.94335,0.97439,0.95189,0.18866,0.18151,0.75782,0.00755965,0.00755965,0.00755965
2467,3770.37,0.31106,0.2737,0.80653,0.91698,0.9433,0.97039,0.94762,0.18981,0.18113,0.75778,0.00755866,0.00755866,0.00755866
2468,3771.92,0.31911,0.2753,0.81282,0.91353,0.93812,0.97243,0.9473,0.18741,0.18033,0.7579,0.00755767,0.00755767,0.00755767
2469,3773.47,0.33668,0.28236,0.80778,0.91301,0.93834,0.97658,0.95315,0.1874,0.17899,0.75799,0.00755668,0.00755668,0.00755668
2470,3775.05,0.30519,0.27316,0.79913,0.91293,0.93779,0.97226,0.94934,0.18804,0.17869,0.75808,0.00755569,0.00755569,0.00755569
2471,3776.59,0.34109,0.28831,0.80741,0.91254,0.93983,0.97324,0.94919,0.18565,0.1774,0.75817,0.0075547,0.0075547,0.0075547
2472,3778.11,0.32156,0.28087,0.81038,0.91486,0.93953,0.97333,0.95084,0.18656,0.1777,0.758,0.00755371,0.00755371,0.00755371
2473,3779.63,0.32693,0.2792,0.80411,0.90803,0.94161,0.97336,0.94762,0.18686,0.17848,0.7579,0.00755272,0.00755272,0.00755272
2474,3781.17,0.30944,0.27138,0.80313,0.90799,0.94203,0.97316,0.94803,0.18662,0.17869,0.75809,0.00755173,0.00755173,0.00755173
2475,3782.73,0.32365,0.27202,0.80565,0.9029,0.94513,0.97544,0.94943,0.1871,0.17995,0.75772,0.00755074,0.00755074,0.00755074
2476,3784.22,0.30893,0.26114,0.80193,0.89167,0.95274,0.97299,0.94716,0.18714,0.18101,0.75768,0.00754975,0.00754975,0.00754975
2477,3785.68,0.34103,0.28617,0.80633,0.901,0.95533,0.97491,0.94784,0.18496,0.18018,0.75786,0.00754876,0.00754876,0.00754876
2478,3787.17,0.30775,0.26542,0.80692,0.89518,0.95645,0.97436,0.94927,0.18607,0.181,0.75782,0.00754777,0.00754777,0.00754777
2479,3788.67,0.32649,0.27275,0.8129,0.90447,0.95142,0.97223,0.944,0.18465,0.1802,0.75809,0.00754678,0.00754678,0.00754678
2480,3790.18,0.29768,0.25236,0.8,0.91352,0.95071,0.97075,0.94657,0.1831,0.17866,0.75825,0.00754579,0.00754579,0.00754579
2481,3791.69,0.31365,0.26401,0.80475,0.92221,0.95112,0.97556,0.95021,0.18311,0.17869,0.75827,0.0075448,0.0075448,0.0075448
2482,3793.16,0.32266,0.26932,0.81358,0.9151,0.9519,0.97601,0.94978,0.18429,0.17788,0.75844,0.00754381,0.00754381,0.00754381
2483,3794.59,0.32046,0.26861,0.81591,0.92138,0.95453,0.97931,0.95237,0.1851,0.17896,0.7583,0.00754282,0.00754282,0.00754282
2484,3796.02,0.31997,0.26625,0.80713,0.91807,0.95382,0.97535,0.94789,0.18528,0.17897,0.75828,0.00754183,0.00754183,0.00754183
2485,3797.6,0.33138,0.27173,0.81333,0.92005,0.95568,0.97746,0.95077,0.18668,0.18049,0.758,0.00754084,0.00754084,0.00754084
2486,3799.04,0.32509,0.26863,0.80989,0.922,0.95063,0.97649,0.95027,0.18565,0.18076,0.75797,0.00753985,0.00753985,0.00753985
2487,3800.55,0.31569,0.26137,0.80352,0.90612,0.94799,0.97113,0.94248,0.18712,0.18048,0.7579,0.00753886,0.00753886,0.00753886
2488,3802.09,0.31635,0.27006,0.80385,0.90605,0.94673,0.97451,0.9457,0.18757,0.1802,0.75788,0.00753787,0.00753787,0.00753787
2489,3803.5,0.33213,0.27413,0.80702,0.9072,0.95136,0.97512,0.94656,0.18693,0.18042,0.75811,0.00753688,0.00753688,0.00753688
2490,3805,0.30766,0.25451,0.8064,0.90361,0.951,0.97324,0.94402,0.18742,0.18118,0.75823,0.00753589,0.00753589,0.00753589
2491,3806.53,0.32644,0.26906,0.8066,0.91523,0.95085,0.97437,0.94639,0.1882,0.18088,0.75846,0.0075349,0.0075349,0.0075349
2492,3807.99,0.31198,0.26867,0.80211,0.91359,0.94927,0.97227,0.94709,0.19061,0.18201,0.75861,0.00753391,0.00753391,0.00753391
2493,3809.5,0.32358,0.26888,0.80841,0.912,0.95026,0.97421,0.94595,0.18791,0.18122,0.75822,0.00753292,0.00753292,0.00753292
2494,3811.01,0.31742,0.26839,0.80304,0.9141,0.94962,0.97318,0.94611,0.18714,0.1815,0.75808,0.00753193,0.00753193,0.00753193
2495,3812.55,0.32884,0.27015,0.80753,0.91459,0.9519,0.9734,0.94496,0.1888,0.18215,0.75834,0.00753094,0.00753094,0.00753094
2496,3814.04,0.30175,0.25441,0.80582,0.91468,0.95367,0.97578,0.94604,0.18725,0.18066,0.75808,0.00752995,0.00752995,0.00752995
2497,3815.52,0.31358,0.27143,0.80106,0.91462,0.94709,0.97342,0.94627,0.18803,0.18132,0.75798,0.00752896,0.00752896,0.00752896
2498,3817.04,0.31471,0.26854,0.80287,0.91668,0.94552,0.97402,0.94849,0.19064,0.1811,0.75819,0.00752797,0.00752797,0.00752797
2499,3818.51,0.33163,0.27171,0.81086,0.91924,0.94563,0.97231,0.94629,0.18814,0.17942,0.75798,0.00752698,0.00752698,0.00752698
2500,3820.02,0.29637,0.26193,0.80385,0.91303,0.95005,0.97168,0.94744,0.18573,0.17886,0.75758,0.00752599,0.00752599,0.00752599
2501,3821.54,0.31863,0.2734,0.80911,0.91243,0.94864,0.97395,0.9508,0.18577,0.17933,0.75743,0.007525,0.007525,0.007525
2502,3823.03,0.3077,0.2659,0.80286,0.92114,0.95159,0.97246,0.94593,0.18505,0.17875,0.7572,0.00752401,0.00752401,0.00752401
2503,3824.46,0.30201,0.26007,0.80374,0.92474,0.94844,0.97529,0.94852,0.18398,0.17781,0.75714,0.00752302,0.00752302,0.00752302
2504,3825.97,0.33074,0.27251,0.81269,0.92513,0.95045,0.97659,0.95276,0.18523,0.17845,0.75732,0.00752203,0.00752203,0.00752203
2505,3827.47,0.30001,0.26329,0.79031,0.92523,0.95092,0.97438,0.95143,0.18328,0.17812,0.75717,0.00752104,0.00752104,0.00752104
2506,3828.95,0.31313,0.26484,0.80312,0.92692,0.94946,0.97517,0.95062,0.18404,0.18005,0.75728,0.00752005,0.00752005,0.00752005
2507,3830.44,0.30883,0.26678,0.79824,0.90525,0.94889,0.97359,0.94976,0.18417,0.17873,0.75753,0.00751906,0.00751906,0.00751906
2508,3831.9,0.33359,0.27803,0.81679,0.9147,0.94807,0.97391,0.95369,0.18557,0.18056,0.75774,0.00751807,0.00751807,0.00751807
2509,3833.41,0.3138,0.26748,0.8073,0.92094,0.95303,0.97545,0.95328,0.18394,0.17995,0.75803,0.00751708,0.00751708,0.00751708
2510,3834.87,0.30066,0.25974,0.79478,0.92149,0.94828,0.97463,0.95168,0.1839,0.17873,0.75816,0.00751609,0.00751609,0.00751609
2511,3836.31,0.31896,0.266,0.80572,0.91956,0.94776,0.97425,0.95266,0.18377,0.17957,0.75809,0.0075151,0.0075151,0.0075151
2512,3837.8,0.31309,0.26555,0.80516,0.92463,0.9443,0.97507,0.95569,0.1837,0.17949,0.75805,0.00751411,0.00751411,0.00751411
2513,3839.31,0.30714,0.26133,0.80354,0.92923,0.94804,0.97706,0.95591,0.18222,0.17834,0.75798,0.00751312,0.00751312,0.00751312
2514,3840.8,0.30815,0.25717,0.80425,0.9303,0.94591,0.97729,0.9556,0.18213,0.17813,0.75795,0.00751213,0.00751213,0.00751213
2515,3842.47,0.31586,0.26237,0.80954,0.92698,0.93949,0.97574,0.95487,0.18058,0.17769,0.75771,0.00751114,0.00751114,0.00751114
2516,3844,0.31288,0.26012,0.80112,0.9319,0.94204,0.97782,0.95419,0.1809,0.1772,0.75797,0.00751015,0.00751015,0.00751015
2517,3845.44,0.30324,0.26061,0.80209,0.9282,0.94778,0.9765,0.95611,0.17938,0.17581,0.75775,0.00750916,0.00750916,0.00750916
2518,3846.95,0.30537,0.25827,0.80342,0.92756,0.95271,0.97685,0.95261,0.18003,0.17588,0.75769,0.00750817,0.00750817,0.00750817
2519,3848.51,0.30025,0.26354,0.79922,0.91921,0.94953,0.97346,0.94662,0.18156,0.17591,0.75764,0.00750718,0.00750718,0.00750718
2520,3849.95,0.29816,0.26111,0.79825,0.92633,0.95242,0.97538,0.94988,0.18222,0.17596,0.75772,0.00750619,0.00750619,0.00750619
2521,3851.47,0.28877,0.25629,0.80137,0.91647,0.95431,0.97059,0.94328,0.18469,0.1764,0.75777,0.0075052,0.0075052,0.0075052
2522,3852.95,0.3296,0.27569,0.80239,0.91834,0.95753,0.97343,0.94736,0.18507,0.17702,0.75765,0.00750421,0.00750421,0.00750421
2523,3854.41,0.29852,0.25901,0.79529,0.90764,0.95733,0.97287,0.94741,0.18691,0.1776,0.75787,0.00750322,0.00750322,0.00750322
2524,3855.99,0.33146,0.26918,0.81747,0.91455,0.95554,0.97358,0.94446,0.1867,0.17806,0.75778,0.00750223,0.00750223,0.00750223
2525,3857.57,0.29162,0.25473,0.80255,0.91725,0.95702,0.97561,0.94773,0.18614,0.17733,0.75776,0.00750124,0.00750124,0.00750124
2526,3859.04,0.2846,0.25259,0.80192,0.91936,0.95936,0.9766,0.95127,0.18532,0.17683,0.75762,0.00750025,0.00750025,0.00750025
2527,3860.51,0.31439,0.25771,0.81297,0.91072,0.95682,0.97505,0.94553,0.18438,0.17673,0.75756,0.00749926,0.00749926,0.00749926
2528,3862.04,0.31466,0.26882,0.80259,0.91438,0.9546,0.97557,0.94557,0.18322,0.17591,0.7575,0.00749827,0.00749827,0.00749827
2529,3863.48,0.31356,0.27101,0.80445,0.91037,0.95425,0.9732,0.9459,0.18175,0.17552,0.75741,0.00749728,0.00749728,0.00749728
2530,3864.94,0.30101,0.26532,0.80032,0.91173,0.95333,0.97704,0.94844,0.17986,0.17477,0.75722,0.00749629,0.00749629,0.00749629
2531,3866.43,0.31895,0.26501,0.79984,0.90728,0.95039,0.97565,0.94872,0.17793,0.17407,0.75713,0.0074953,0.0074953,0.0074953
2532,3867.93,0.33062,0.26638,0.81093,0.90642,0.94955,0.97249,0.947,0.17794,0.17423,0.75706,0.00749431,0.00749431,0.00749431
2533,3869.44,0.30732,0.26761,0.80561,0.91605,0.95133,0.97646,0.95047,0.17662,0.17424,0.75692,0.00749332,0.00749332,0.00749332
2534,3870.96,0.28976,0.25393,0.80288,0.91023,0.9504,0.97487,0.95074,0.17644,0.17482,0.75693,0.00749233,0.00749233,0.00749233
2535,3872.54,0.30942,0.26634,0.80836,0.91395,0.94765,0.97554,0.94953,0.17596,0.17363,0.75681,0.00749134,0.00749134,0.00749134
2536,3874.07,0.31236,0.26877,0.80562,0.91354,0.95324,0.9737,0.9507,0.17415,0.17298,0.75666,0.00749035,0.00749035,0.00749035
2537,3875.54,0.30736,0.25797,0.80357,0.91794,0.95104,0.97627,0.95423,0.17564,0.17457,0.75658,0.00748936,0.00748936,0.00748936
2538,3877.04,0.31724,0.26552,0.80409,0.91553,0.95144,0.97362,0.94999,0.17321,0.17293,0.7566,0.00748837,0.00748837,0.00748837
2539,3878.58,0.31351,0.26461,0.80843,0.93148,0.95076,0.97531,0.95212,0.17403,0.17445,0.75637,0.00748738,0.00748738,0.00748738
2540,3880.05,0.31018,0.2626,0.80559,0.92875,0.95415,0.97662,0.95622,0.17448,0.17533,0.7564,0.00748639,0.00748639,0.00748639
2541,3881.57,0.2914,0.25489,0.80124,0.92836,0.95316,0.97844,0.95593,0.17574,0.17527,0.75622,0.0074854,0.0074854,0.0074854
2542,3883.04,0.32307,0.26556,0.81091,0.92125,0.95186,0.97605,0.95214,0.17604,0.17562,0.75614,0.00748441,0.00748441,0.00748441
2543,3884.53,0.30678,0.25987,0.80271,0.91833,0.95449,0.97516,0.95489,0.17565,0.17597,0.75635,0.00748342,0.00748342,0.00748342
2544,3886.05,0.31902,0.26706,0.80344,0.92315,0.95593,0.98052,0.95876,0.17717,0.17606,0.75642,0.00748243,0.00748243,0.00748243
2545,3887.62,0.30955,0.25689,0.79817,0.92011,0.9575,0.97729,0.95641,0.17744,0.17629,0.7566,0.00748144,0.00748144,0.00748144
2546,3889.17,0.32493,0.26303,0.8035,0.91769,0.95445,0.97536,0.95365,0.17719,0.17546,0.75668,0.00748045,0.00748045,0.00748045
2547,3890.6,0.31333,0.27117,0.80494,0.92897,0.95497,0.9788,0.95297,0.17792,0.17554,0.75686,0.00747946,0.00747946,0.00747946
2548,3892.1,0.30334,0.25315,0.80072,0.92599,0.94884,0.97551,0.94972,0.17858,0.17555,0.75694,0.00747847,0.00747847,0.00747847
2549,3893.59,0.32309,0.26801,0.80574,0.92262,0.94706,0.97383,0.94877,0.17754,0.17531,0.75706,0.00747748,0.00747748,0.00747748
2550,3895.04,0.31595,0.2646,0.80959,0.92402,0.94949,0.97484,0.95218,0.17882,0.17477,0.75695,0.00747649,0.00747649,0.00747649
2551,3896.59,0.30273,0.25717,0.80591,0.92391,0.94973,0.97646,0.95194,0.17734,0.17487,0.75646,0.0074755,0.0074755,0.0074755
2552,3898.1,0.29101,0.25443,0.79818,0.92572,0.95244,0.97796,0.95316,0.17707,0.17413,0.75644,0.00747451,0.00747451,0.00747451
2553,3899.55,0.32419,0.26966,0.80699,0.9299,0.95242,0.97826,0.95468,0.17685,0.17365,0.75624,0.00747352,0.00747352,0.00747352
2554,3901.06,0.31912,0.26515,0.80181,0.92011,0.95273,0.97671,0.95133,0.17758,0.17383,0.75602,0.00747253,0.00747253,0.00747253
2555,3902.75,0.30782,0.27059,0.79996,0.91319,0.95211,0.97508,0.95055,0.17699,0.17334,0.75607,0.00747154,0.00747154,0.00747154
2556,3904.27,0.30929,0.26301,0.80209,0.91216,0.95003,0.97568,0.95096,0.17867,0.1747,0.75607,0.00747055,0.00747055,0.00747055
2557,3905.79,0.31627,0.27039,0.8057,0.91978,0.95216,0.97465,0.95047,0.17795,0.17472,0.75597,0.00746956,0.00746956,0.00746956
2558,3907.25,0.29414,0.25606,0.80262,0.91863,0.95335,0.97643,0.95097,0.17766,0.17453,0.75617,0.00746857,0.00746857,0.00746857
2559,3908.71,0.32766,0.27391,0.8065,0.92077,0.95766,0.97556,0.95065,0.17766,0.17479,0.75618,0.00746758,0.00746758,0.00746758
2560,3910.22,0.29751,0.25869,0.80459,0.92128,0.95462,0.97254,0.94994,0.17898,0.17531,0.75634,0.00746659,0.00746659,0.00746659
2561,3911.7,0.31657,0.26851,0.79793,0.91736,0.95562,0.9739,0.94932,0.17711,0.17406,0.75635,0.0074656,0.0074656,0.0074656
2562,3913.17,0.30458,0.26829,0.80375,0.91954,0.95657,0.97324,0.94881,0.18034,0.17529,0.75658,0.00746461,0.00746461,0.00746461
2563,3914.73,0.31745,0.26983,0.79432,0.92069,0.95678,0.97532,0.95088,0.18023,0.17527,0.75653,0.00746362,0.00746362,0.00746362
2564,3916.27,0.2998,0.26928,0.79518,0.9171,0.95456,0.97237,0.94923,0.17781,0.17422,0.75656,0.00746263,0.00746263,0.00746263
2565,3917.82,0.30663,0.262,0.80652,0.9209,0.95597,0.97488,0.94946,0.17928,0.17484,0.75647,0.00746164,0.00746164,0.00746164
2566,3919.29,0.31828,0.26812,0.8081,0.92718,0.9538,0.97769,0.95299,0.1797,0.17403,0.75662,0.00746065,0.00746065,0.00746065
2567,3920.77,0.3265,0.27098,0.80228,0.92403,0.95046,0.97592,0.95445,0.17939,0.1736,0.75679,0.00745966,0.00745966,0.00745966
2568,3922.21,0.30462,0.26359,0.80421,0.93133,0.95152,0.97816,0.95562,0.18111,0.17425,0.75685,0.00745867,0.00745867,0.00745867
2569,3923.69,0.32116,0.27418,0.80657,0.93378,0.95062,0.97727,0.95623,0.17974,0.17363,0.75675,0.00745768,0.00745768,0.00745768
2570,3925.11,0.29709,0.26334,0.79894,0.93913,0.95134,0.97894,0.95691,0.1792,0.17352,0.75675,0.00745669,0.00745669,0.00745669
2571,3926.57,0.30164,0.26444,0.80251,0.92921,0.95189,0.97849,0.95687,0.17966,0.17402,0.75675,0.0074557,0.0074557,0.0074557
2572,3928.03,0.29318,0.25847,0.80339,0.93678,0.95062,0.98205,0.96053,0.17779,0.17216,0.75699,0.00745471,0.00745471,0.00745471
2573,3929.54,0.30166,0.26214,0.80122,0.9361,0.95087,0.98116,0.95515,0.18032,0.17291,0.75718,0.00745372,0.00745372,0.00745372
2574,3931.03,0.31945,0.27939,0.80088,0.93211,0.95063,0.9812,0.95392,0.17804,0.17254,0.75705,0.00745273,0.00745273,0.00745273
2575,3932.72,0.31868,0.27495,0.80666,0.93118,0.95466,0.98133,0.95608,0.17737,0.17387,0.75735,0.00745174,0.00745174,0.00745174
2576,3934.23,0.28885,0.25833,0.79852,0.9212,0.95221,0.97851,0.95546,0.18019,0.17495,0.75761,0.00745075,0.00745075,0.00745075
2577,3935.69,0.31817,0.26811,0.80905,0.92826,0.95446,0.97906,0.9566,0.17839,0.17444,0.75737,0.00744976,0.00744976,0.00744976
2578,3937.19,0.29494,0.26414,0.80092,0.92723,0.95593,0.9794,0.95963,0.17647,0.1737,0.75738,0.00744877,0.00744877,0.00744877
2579,3938.67,0.30604,0.26548,0.80437,0.93333,0.95612,0.97827,0.95513,0.17719,0.17359,0.75755,0.00744778,0.00744778,0.00744778
2580,3940.19,0.30028,0.25869,0.80784,0.93784,0.94951,0.97759,0.95789,0.17702,0.17414,0.75737,0.00744679,0.00744679,0.00744679
2581,3941.76,0.29569,0.25227,0.8043,0.93209,0.94513,0.97935,0.95581,0.17772,0.17508,0.7571,0.0074458,0.0074458,0.0074458
2582,3943.18,0.32007,0.26787,0.811,0.93073,0.94557,0.97914,0.9546,0.17657,0.17438,0.75692,0.00744481,0.00744481,0.00744481
2583,3944.68,0.30649,0.26586,0.8043,0.9168,0.94368,0.97783,0.95523,0.17937,0.1758,0.75694,0.00744382,0.00744382,0.00744382
2584,3946.24,0.28888,0.26289,0.802,0.91759,0.94235,0.97517,0.95229,0.18541,0.17784,0.7567,0.00744283,0.00744283,0.00744283
2585,3947.81,0.35145,0.28212,0.80578,0.91945,0.94568,0.9765,0.95224,0.18491,0.17772,0.7565,0.00744184,0.00744184,0.00744184
2586,3949.36,0.30267,0.26608,0.80431,0.92603,0.94574,0.98046,0.95633,0.18573,0.17715,0.75654,0.00744085,0.00744085,0.00744085
2587,3950.92,0.30278,0.25366,0.79853,0.92176,0.95718,0.97777,0.95501,0.18442,0.17726,0.75655,0.00743986,0.00743986,0.00743986
2588,3952.47,0.29681,0.25654,0.79551,0.92251,0.95797,0.97901,0.95547,0.18226,0.17674,0.75626,0.00743887,0.00743887,0.00743887
2589,3953.97,0.3292,0.27174,0.80811,0.92792,0.95521,0.98093,0.95627,0.18029,0.17598,0.75632,0.00743788,0.00743788,0.00743788
2590,3955.46,0.2997,0.26733,0.79952,0.92706,0.95426,0.97995,0.95581,0.17878,0.17429,0.75634,0.00743689,0.00743689,0.00743689
2591,3957,0.32287,0.2673,0.815,0.92202,0.95575,0.97896,0.95607,0.17837,0.17408,0.75617,0.0074359,0.0074359,0.0074359
2592,3958.6,0.31552,0.26779,0.8064,0.92624,0.95145,0.97698,0.95391,0.17729,0.17322,0.75624,0.00743491,0.00743491,0.00743491
2593,3960.06,0.2889,0.25334,0.79843,0.92181,0.95417,0.97742,0.95435,0.17763,0.1731,0.75623,0.00743392,0.00743392,0.00743392
2594,3961.52,0.3239,0.27748,0.80797,0.92644,0.95176,0.97577,0.95312,0.1775,0.17213,0.75609,0.00743293,0.00743293,0.00743293
2595,3963.06,0.30154,0.2635,0.80252,0.92411,0.95515,0.97476,0.95326,0.17658,0.17258,0.75623,0.00743194,0.00743194,0.00743194
2596,3964.59,0.33078,0.27251,0.80484,0.91836,0.95651,0.97554,0.95007,0.17652,0.17198,0.75625,0.00743095,0.00743095,0.00743095
2597,3966.02,0.29015,0.25506,0.80453,0.91952,0.95329,0.97596,0.95287,0.17602,0.17212,0.75631,0.00742996,0.00742996,0.00742996
2598,3967.5,0.30605,0.26945,0.80535,0.91058,0.95261,0.9729,0.94576,0.17549,0.17247,0.75628,0.00742897,0.00742897,0.00742897
2599,3969.03,0.29413,0.26142,0.79642,0.93009,0.9551,0.9754,0.94812,0.17547,0.17274,0.7564,0.00742798,0.00742798,0.00742798
2600,3970.49,0.30382,0.26101,0.81511,0.918,0.94853,0.9751,0.94793,0.1769,0.17389,0.75645,0.00742699,0.00742699,0.00742699
2601,3971.98,0.32648,0.27664,0.81305,0.91189,0.94786,0.97547,0.94924,0.17685,0.17424,0.75656,0.007426,0.007426,0.007426
2602,3973.46,0.31269,0.26505,0.80876,0.9079,0.94454,0.97482,0.9496,0.17695,0.17434,0.75686,0.00742501,0.00742501,0.00742501
2603,3974.92,0.29724,0.25995,0.79986,0.9066,0.95106,0.97501,0.94767,0.17861,0.1755,0.75717,0.00742402,0.00742402,0.00742402
2604,3976.49,0.32937,0.28276,0.8071,0.90366,0.94454,0.97416,0.94794,0.17832,0.1754,0.75725,0.00742303,0.00742303,0.00742303
2605,3978.08,0.29652,0.26864,0.80252,0.89387,0.94671,0.97578,0.95086,0.18104,0.17757,0.75755,0.00742204,0.00742204,0.00742204
2606,3979.6,0.29087,0.26281,0.8008,0.8964,0.94272,0.97624,0.95055,0.18231,0.17794,0.75777,0.00742105,0.00742105,0.00742105
2607,3981.03,0.3135,0.26709,0.8229,0.89986,0.94618,0.97452,0.94878,0.18033,0.17844,0.75767,0.00742006,0.00742006,0.00742006
2608,3982.55,0.29796,0.27273,0.80898,0.89793,0.94579,0.97713,0.9529,0.18023,0.17811,0.75766,0.00741907,0.00741907,0.00741907
2609,3984,0.32025,0.27501,0.80734,0.89658,0.94669,0.97714,0.95555,0.18065,0.17756,0.75778,0.00741808,0.00741808,0.00741808
2610,3985.53,0.29782,0.25943,0.80316,0.89625,0.94615,0.97718,0.9539,0.17936,0.17711,0.75778,0.00741709,0.00741709,0.00741709
2611,3987.05,0.32693,0.2729,0.80602,0.92447,0.94442,0.97685,0.95366,0.17715,0.17523,0.75803,0.0074161,0.0074161,0.0074161
2612,3988.52,0.32002,0.26694,0.81437,0.91584,0.95079,0.98029,0.95877,0.17697,0.17422,0.75815,0.00741511,0.00741511,0.00741511
2613,3989.95,0.29557,0.25648,0.81171,0.92311,0.94643,0.97709,0.95659,0.17477,0.17283,0.75793,0.00741412,0.00741412,0.00741412
2614,3991.48,0.28826,0.25015,0.80342,0.90345,0.95194,0.97708,0.95344,0.17301,0.17157,0.75773,0.00741313,0.00741313,0.00741313
2615,3993.04,0.30356,0.26072,0.80482,0.90826,0.95325,0.97851,0.95633,0.17245,0.17075,0.75775,0.00741214,0.00741214,0.00741214
2616,3994.49,0.32502,0.25969,0.81422,0.9097,0.95429,0.97813,0.95361,0.17213,0.17041,0.75776,0.00741115,0.00741115,0.00741115
2617,3996.03,0.31063,0.26573,0.80233,0.89905,0.95214,0.97767,0.95402,0.17324,0.17053,0.75768,0.00741016,0.00741016,0.00741016
2618,3997.49,0.31114,0.26454,0.80238,0.89296,0.9556,0.97763,0.95742,0.17342,0.17128,0.75753,0.00740917,0.00740917,0.00740917
2619,3999.03,0.31484,0.26095,0.80685,0.90975,0.95813,0.97658,0.95699,0.17403,0.17154,0.75748,0.00740818,0.00740818,0.00740818
2620,4000.57,0.31435,0.26136,0.81303,0.91026,0.96157,0.97657,0.95566,0.17548,0.17224,0.75743,0.00740719,0.00740719,0.00740719
2621,4002.11,0.30927,0.26432,0.80102,0.90493,0.9568,0.97414,0.95608,0.17622,0.17224,0.75737,0.0074062,0.0074062,0.0074062
2622,4003.59,0.31451,0.26354,0.79976,0.91773,0.95235,0.97731,0.95599,0.17629,0.1721,0.75744,0.00740521,0.00740521,0.00740521
2623,4005.11,0.337,0.27391,0.80652,0.91014,0.95048,0.9741,0.95136,0.17688,0.17276,0.75747,0.00740422,0.00740422,0.00740422
2624,4006.65,0.29889,0.26691,0.8093,0.9147,0.9496,0.97655,0.95685,0.17744,0.17328,0.75723,0.00740323,0.00740323,0.00740323
2625,4008.22,0.30156,0.25564,0.80245,0.91172,0.94807,0.97691,0.95373,0.17723,0.17384,0.75729,0.00740224,0.00740224,0.00740224
2626,4009.72,0.31382,0.26381,0.80813,0.91062,0.94963,0.97635,0.95204,0.17646,0.17377,0.75729,0.00740125,0.00740125,0.00740125
2627,4011.19,0.30685,0.26018,0.80038,0.91613,0.95054,0.97921,0.95317,0.17614,0.1736,0.75716,0.00740026,0.00740026,0.00740026
2628,4012.64,0.30632,0.26006,0.80132,0.91172,0.9484,0.97696,0.94899,0.17557,0.17323,0.75712,0.00739927,0.00739927,0.00739927
2629,4014.13,0.32557,0.27005,0.80833,0.90331,0.94611,0.97526,0.95016,0.17501,0.17324,0.75698,0.00739828,0.00739828,0.00739828
2630,4015.57,0.29894,0.26077,0.80321,0.90947,0.95316,0.97654,0.94918,0.17649,0.17346,0.75687,0.00739729,0.00739729,0.00739729
2631,4017.05,0.30933,0.25679,0.81335,0.9136,0.95198,0.97519,0.95003,0.17455,0.17234,0.7569,0.0073963,0.0073963,0.0073963
2632,4018.6,0.30989,0.26113,0.80379,0.91405,0.95096,0.97801,0.95253,0.17321,0.17072,0.75685,0.00739531,0.00739531,0.00739531
2633,4020.08,0.30274,0.25135,0.80673,0.90908,0.95134,0.97691,0.9555,0.17638,0.17221,0.7567,0.00739432,0.00739432,0.00739432
2634,4021.57,0.29292,0.2603,0.8078,0.91147,0.95128,0.97535,0.95161,0.1728,0.17005,0.7566,0.00739333,0.00739333,0.00739333
2635,4023.39,0.30174,0.25473,0.80303,0.91136,0.94646,0.97397,0.95028,0.17227,0.16965,0.75626,0.00739234,0.00739234,0.00739234
2636,4024.81,0.29422,0.25258,0.80537,0.91882,0.94987,0.97741,0.95359,0.17609,0.17118,0.75615,0.00739135,0.00739135,0.00739135
2637,4026.27,0.30318,0.25333,0.79981,0.91449,0.94687,0.9762,0.9547,0.17138,0.16892,0.75614,0.00739036,0.00739036,0.00739036
2638,4027.78,0.31727,0.26348,0.8079,0.91754,0.94948,0.97666,0.95533,0.17068,0.16862,0.75612,0.00738937,0.00738937,0.00738937
2639,4029.28,0.28907,0.26281,0.80372,0.9181,0.94929,0.97462,0.95462,0.17516,0.17015,0.75609,0.00738838,0.00738838,0.00738838
2640,4030.72,0.30659,0.25759,0.80779,0.92131,0.95364,0.97966,0.95615,0.17303,0.16959,0.75597,0.00738739,0.00738739,0.00738739
2641,4032.24,0.31215,0.25883,0.80628,0.9243,0.95386,0.97765,0.95564,0.17225,0.1702,0.75573,0.0073864,0.0073864,0.0073864
2642,4033.73,0.31367,0.25971,0.80964,0.91615,0.95373,0.98051,0.95877,0.17379,0.17102,0.75565,0.00738541,0.00738541,0.00738541
2643,4035.19,0.2975,0.25216,0.79893,0.91812,0.95528,0.98033,0.95914,0.17107,0.17006,0.75567,0.00738442,0.00738442,0.00738442
2644,4036.76,0.28667,0.25208,0.79768,0.92426,0.95532,0.97749,0.95327,0.17134,0.17073,0.75571,0.00738343,0.00738343,0.00738343
2645,4038.36,0.32051,0.26074,0.80526,0.92599,0.9556,0.97944,0.9565,0.17245,0.17152,0.7556,0.00738244,0.00738244,0.00738244
2646,4039.83,0.29923,0.25468,0.80419,0.92105,0.95763,0.97996,0.9571,0.17176,0.1707,0.75567,0.00738145,0.00738145,0.00738145
2647,4041.37,0.30418,0.25868,0.80519,0.91825,0.95568,0.9784,0.95525,0.17244,0.1709,0.75564,0.00738046,0.00738046,0.00738046
2648,4042.83,0.30654,0.26151,0.79833,0.91756,0.9537,0.97695,0.95425,0.1725,0.17102,0.75571,0.00737947,0.00737947,0.00737947
2649,4044.35,0.31046,0.25707,0.81028,0.91717,0.95428,0.9791,0.95674,0.17292,0.17139,0.7556,0.00737848,0.00737848,0.00737848
2650,4045.86,0.31254,0.25868,0.80513,0.92062,0.94833,0.97699,0.95494,0.17364,0.17121,0.75539,0.00737749,0.00737749,0.00737749
2651,4047.37,0.3064,0.26133,0.80029,0.92014,0.94909,0.97919,0.95773,0.17414,0.17132,0.7554,0.0073765,0.0073765,0.0073765
2652,4048.78,0.30358,0.26347,0.79878,0.91705,0.94828,0.97793,0.95666,0.17393,0.17139,0.75539,0.00737551,0.00737551,0.00737551
2653,4050.35,0.32113,0.27485,0.79834,0.91639,0.94882,0.97791,0.95527,0.17383,0.17181,0.75534,0.00737452,0.00737452,0.00737452
2654,4051.87,0.30571,0.25613,0.7976,0.92379,0.94943,0.97728,0.95528,0.17527,0.17211,0.7554,0.00737353,0.00737353,0.00737353
2655,4053.41,0.29957,0.26227,0.80368,0.92079,0.95107,0.97848,0.95625,0.17305,0.17173,0.75538,0.00737254,0.00737254,0.00737254
2656,4054.89,0.30156,0.25786,0.79621,0.91838,0.94958,0.97774,0.95658,0.17386,0.17192,0.75531,0.00737155,0.00737155,0.00737155
2657,4056.38,0.32666,0.27842,0.80754,0.91678,0.94911,0.97644,0.95648,0.17585,0.1726,0.75521,0.00737056,0.00737056,0.00737056
2658,4057.88,0.31401,0.26325,0.80828,0.91855,0.94972,0.97813,0.95821,0.17503,0.1723,0.75521,0.00736957,0.00736957,0.00736957
2659,4059.35,0.29695,0.25983,0.80245,0.91956,0.95224,0.97678,0.95562,0.17667,0.17317,0.75546,0.00736858,0.00736858,0.00736858
2660,4060.87,0.29987,0.25342,0.7965,0.9215,0.95426,0.97953,0.95956,0.17663,0.17223,0.7557,0.00736759,0.00736759,0.00736759
2661,4062.39,0.32611,0.27531,0.80278,0.91769,0.94957,0.97894,0.95801,0.17854,0.17298,0.75587,0.0073666,0.0073666,0.0073666
2662,4063.85,0.29364,0.25763,0.79735,0.91964,0.95159,0.9777,0.95526,0.18121,0.17269,0.75649,0.00736561,0.00736561,0.00736561
2663,4065.35,0.31851,0.25974,0.80436,0.91893,0.94911,0.97842,0.95361,0.18419,0.17349,0.75679,0.00736462,0.00736462,0.00736462
2664,4066.8,0.30066,0.25161,0.81343,0.91578,0.94961,0.97788,0.95622,0.17996,0.17196,0.75642,0.00736363,0.00736363,0.00736363
2665,4068.4,0.3092,0.26701,0.80616,0.91872,0.95186,0.9776,0.95411,0.18007,0.17168,0.75601,0.00736264,0.00736264,0.00736264
2666,4069.89,0.31876,0.27547,0.80506,0.92277,0.95767,0.97762,0.95529,0.18097,0.17184,0.75631,0.00736165,0.00736165,0.00736165
2667,4071.39,0.31589,0.27074,0.81206,0.92396,0.95529,0.97765,0.95465,0.18085,0.1726,0.75635,0.00736066,0.00736066,0.00736066
2668,4072.87,0.3243,0.27824,0.81049,0.92113,0.95655,0.97966,0.95504,0.18246,0.17439,0.75666,0.00735967,0.00735967,0.00735967
2669,4074.42,0.28826,0.25923,0.8087,0.91794,0.95413,0.97687,0.95159,0.18498,0.17449,0.75709,0.00735868,0.00735868,0.00735868
2670,4075.96,0.31306,0.27459,0.8066,0.91856,0.95465,0.97807,0.95581,0.18263,0.17449,0.75686,0.00735769,0.00735769,0.00735769
2671,4077.49,0.31791,0.2728,0.81312,0.92213,0.96182,0.97825,0.95581,0.18378,0.17513,0.75695,0.0073567,0.0073567,0.0073567
2672,4078.93,0.32191,0.27488,0.8041,0.91079,0.95857,0.97736,0.95302,0.18508,0.1748,0.75725,0.00735571,0.00735571,0.00735571
2673,4080.43,0.32374,0.27168,0.81091,0.91151,0.96078,0.9761,0.94872,0.18443,0.17476,0.7573,0.00735472,0.00735472,0.00735472
2674,4082.1,0.32487,0.27132,0.80204,0.92028,0.95596,0.97821,0.9539,0.18459,0.17446,0.75766,0.00735373,0.00735373,0.00735373
2675,4083.64,0.3094,0.2714,0.79979,0.91375,0.94997,0.97499,0.94969,0.18779,0.17572,0.75798,0.00735274,0.00735274,0.00735274
2676,4085.1,0.33261,0.26377,0.81788,0.92308,0.94846,0.97747,0.952,0.18311,0.17401,0.75776,0.00735175,0.00735175,0.00735175
2677,4086.55,0.30878,0.26592,0.79435,0.9233,0.9489,0.97894,0.9552,0.18064,0.17195,0.75767,0.00735076,0.00735076,0.00735076
2678,4087.99,0.28999,0.25723,0.80788,0.92305,0.94541,0.97593,0.95065,0.18091,0.1721,0.75759,0.00734977,0.00734977,0.00734977
2679,4089.44,0.31606,0.26611,0.79736,0.92762,0.94747,0.97726,0.95083,0.17859,0.17031,0.75767,0.00734878,0.00734878,0.00734878
2680,4090.91,0.30638,0.25879,0.80311,0.92103,0.94339,0.97525,0.94842,0.17621,0.17006,0.75739,0.00734779,0.00734779,0.00734779
2681,4092.4,0.33325,0.27344,0.81678,0.92882,0.94689,0.97589,0.94992,0.17521,0.16991,0.75719,0.0073468,0.0073468,0.0073468
2682,4093.85,0.28852,0.24973,0.79639,0.92747,0.94738,0.97787,0.95172,0.17435,0.16984,0.75705,0.00734581,0.00734581,0.00734581
2683,4095.35,0.31675,0.26404,0.80274,0.92505,0.94753,0.97668,0.95321,0.17304,0.17022,0.75689,0.00734482,0.00734482,0.00734482
2684,4096.84,0.31619,0.26475,0.80698,0.92281,0.95207,0.97668,0.95398,0.17407,0.17024,0.75695,0.00734383,0.00734383,0.00734383
2685,4098.44,0.3083,0.26178,0.79894,0.92377,0.95462,0.9794,0.95597,0.1739,0.17046,0.75692,0.00734284,0.00734284,0.00734284
2686,4100.02,0.30348,0.26029,0.8008,0.92429,0.94922,0.97567,0.94993,0.17718,0.17116,0.75706,0.00734185,0.00734185,0.00734185
2687,4101.47,0.31027,0.25665,0.80902,0.92859,0.95002,0.98021,0.9528,0.17716,0.17163,0.7571,0.00734086,0.00734086,0.00734086
2688,4102.98,0.31822,0.25838,0.80056,0.9252,0.94548,0.97721,0.95072,0.17874,0.17223,0.75711,0.00733987,0.00733987,0.00733987
2689,4104.5,0.29955,0.25389,0.80574,0.92877,0.94493,0.97579,0.94995,0.18028,0.17397,0.7574,0.00733888,0.00733888,0.00733888
2690,4106.02,0.3037,0.26376,0.80039,0.92715,0.94605,0.97902,0.95212,0.17885,0.1737,0.75729,0.00733789,0.00733789,0.00733789
2691,4107.52,0.29628,0.26311,0.80369,0.93119,0.94312,0.9788,0.95477,0.17919,0.17407,0.75737,0.0073369,0.0073369,0.0073369
2692,4109.09,0.2976,0.2595,0.80199,0.93179,0.94216,0.97873,0.95286,0.17782,0.17439,0.75718,0.00733591,0.00733591,0.00733591
2693,4110.56,0.30523,0.26168,0.7991,0.92696,0.94629,0.97949,0.95417,0.17516,0.17384,0.75702,0.00733492,0.00733492,0.00733492
2694,4112.1,0.31003,0.26211,0.80147,0.92929,0.94398,0.97915,0.95314,0.17536,0.17424,0.75702,0.00733393,0.00733393,0.00733393
2695,4113.68,0.3068,0.26489,0.80259,0.92491,0.943,0.97908,0.95458,0.17449,0.17339,0.75686,0.00733294,0.00733294,0.00733294
2696,4115.18,0.32005,0.26853,0.8127,0.92208,0.94424,0.97889,0.95417,0.17381,0.17376,0.75672,0.00733195,0.00733195,0.00733195
2697,4116.66,0.29243,0.25342,0.80775,0.92204,0.94108,0.97781,0.95413,0.17379,0.17338,0.75676,0.00733096,0.00733096,0.00733096
2698,4118.19,0.31124,0.26728,0.80684,0.91797,0.94387,0.97696,0.95198,0.17283,0.17343,0.75672,0.00732997,0.00732997,0.00732997
2699,4119.65,0.30681,0.26231,0.79954,0.92478,0.94633,0.97898,0.95516,0.17232,0.17329,0.75665,0.00732898,0.00732898,0.00732898
2700,4121.11,0.33038,0.27491,0.80447,0.92945,0.94577,0.97987,0.95329,0.17284,0.17374,0.75673,0.00732799,0.00732799,0.00732799
2701,4122.64,0.31428,0.25634,0.80248,0.92086,0.94798,0.97799,0.95235,0.17263,0.17307,0.75686,0.007327,0.007327,0.007327
2702,4124.19,0.3119,0.267,0.79852,0.91941,0.94637,0.97607,0.95008,0.17267,0.17201,0.75667,0.00732601,0.00732601,0.00732601
2703,4125.64,0.31223,0.26238,0.80858,0.92138,0.94271,0.97703,0.94799,0.1723,0.17163,0.75659,0.00732502,0.00732502,0.00732502
2704,4127.25,0.30304,0.27094,0.79499,0.92194,0.94458,0.978,0.95448,0.17242,0.17056,0.75672,0.00732403,0.00732403,0.00732403
2705,4128.73,0.2952,0.25604,0.80971,0.92488,0.94541,0.97893,0.95531,0.17453,0.17055,0.75659,0.00732304,0.00732304,0.00732304
2706,4130.24,0.30634,0.25712,0.80551,0.90961,0.94366,0.9794,0.95568,0.17324,0.17046,0.75671,0.00732205,0.00732205,0.00732205
2707,4131.77,0.30283,0.25883,0.80819,0.92508,0.94532,0.97926,0.95589,0.17448,0.17024,0.75654,0.00732106,0.00732106,0.00732106
2708,4133.28,0.30974,0.26402,0.80632,0.92642,0.94439,0.97685,0.95297,0.17623,0.17092,0.75643,0.00732007,0.00732007,0.00732007
2709,4134.79,0.29832,0.25329,0.79529,0.93333,0.94498,0.98132,0.95704,0.17662,0.1706,0.75664,0.00731908,0.00731908,0.00731908
2710,4136.34,0.31777,0.26612,0.80614,0.92754,0.94687,0.97867,0.95315,0.18026,0.17167,0.75708,0.00731809,0.00731809,0.00731809
2711,4137.84,0.31533,0.26827,0.8052,0.92749,0.94794,0.97854,0.95271,0.18393,0.17294,0.75733,0.0073171,0.0073171,0.0073171
2712,4139.3,0.31641,0.26775,0.80461,0.93061,0.94895,0.98005,0.9542,0.18494,0.17309,0.75763,0.00731611,0.00731611,0.00731611
2713,4140.79,0.31747,0.26442,0.80439,0.92999,0.95192,0.97982,0.95172,0.19028,0.17435,0.75836,0.00731512,0.00731512,0.00731512
2714,4142.32,0.29905,0.25759,0.80769,0.92524,0.95425,0.97756,0.94776,0.19472,0.17532,0.75868,0.00731413,0.00731413,0.00731413
2715,4143.77,0.31189,0.2641,0.80274,0.91985,0.95539,0.97894,0.94934,0.19527,0.17606,0.75881,0.00731314,0.00731314,0.00731314
2716,4145.26,0.29385,0.25224,0.7998,0.91309,0.95385,0.97606,0.94439,0.19783,0.17717,0.75925,0.00731215,0.00731215,0.00731215
2717,4146.68,0.29811,0.25098,0.80631,0.92026,0.9534,0.97491,0.94403,0.20071,0.17894,0.75939,0.00731116,0.00731116,0.00731116
2718,4148.17,0.31145,0.26438,0.80697,0.91776,0.95514,0.97545,0.94857,0.19807,0.17814,0.75937,0.00731017,0.00731017,0.00731017
2719,4149.69,0.28791,0.24828,0.80439,0.90575,0.95323,0.97783,0.9512,0.19104,0.17609,0.75867,0.00730918,0.00730918,0.00730918
2720,4151.19,0.32272,0.25653,0.81066,0.91905,0.95056,0.97884,0.95543,0.19003,0.17596,0.75836,0.00730819,0.00730819,0.00730819
2721,4152.69,0.29878,0.25357,0.80973,0.91479,0.95034,0.97935,0.95714,0.1847,0.17333,0.75786,0.0073072,0.0073072,0.0073072
2722,4154.15,0.29389,0.24769,0.79882,0.91733,0.94928,0.97925,0.95273,0.18309,0.17425,0.75743,0.00730621,0.00730621,0.00730621
2723,4155.61,0.31106,0.26392,0.80062,0.91958,0.95183,0.9804,0.95524,0.185,0.17521,0.75742,0.00730522,0.00730522,0.00730522
2724,4157.16,0.30254,0.2595,0.7981,0.92464,0.95137,0.97867,0.95135,0.18318,0.17501,0.7574,0.00730423,0.00730423,0.00730423
2725,4158.69,0.30402,0.25859,0.81092,0.92826,0.95059,0.97831,0.94923,0.18232,0.17491,0.75701,0.00730324,0.00730324,0.00730324
2726,4160.21,0.29434,0.25658,0.8046,0.93116,0.95156,0.98022,0.95363,0.18264,0.175,0.75684,0.00730225,0.00730225,0.00730225
2727,4161.7,0.31312,0.25694,0.79932,0.92423,0.95219,0.98027,0.95494,0.17967,0.17391,0.75673,0.00730126,0.00730126,0.00730126
2728,4163.25,0.30092,0.26145,0.7984,0.92676,0.95637,0.9758,0.94911,0.17886,0.17333,0.7566,0.00730027,0.00730027,0.00730027
2729,4164.74,0.30781,0.25854,0.803,0.93463,0.9577,0.97702,0.94835,0.18018,0.17382,0.75653,0.00729928,0.00729928,0.00729928
2730,4166.21,0.30494,0.26058,0.80524,0.9311,0.95827,0.97724,0.95002,0.17869,0.17212,0.75661,0.00729829,0.00729829,0.00729829
2731,4167.7,0.30672,0.25661,0.81159,0.92424,0.95429,0.9768,0.94873,0.17857,0.17166,0.7566,0.0072973,0.0072973,0.0072973
2732,4169.19,0.31272,0.26078,0.81086,0.92835,0.95395,0.97737,0.95081,0.18055,0.17295,0.75636,0.00729631,0.00729631,0.00729631
2733,4170.7,0.31049,0.27434,0.80377,0.92945,0.95582,0.9781,0.94973,0.17913,0.1729,0.75627,0.00729532,0.00729532,0.00729532
2734,4172.26,0.30618,0.2643,0.80252,0.92718,0.9478,0.97772,0.95085,0.17878,0.17196,0.75633,0.00729433,0.00729433,0.00729433
2735,4173.74,0.31927,0.26738,0.81002,0.93897,0.9486,0.9772,0.94986,0.18164,0.17302,0.75669,0.00729334,0.00729334,0.00729334
2736,4175.23,0.30046,0.25695,0.80283,0.93842,0.95055,0.97905,0.95327,0.18177,0.17355,0.75659,0.00729235,0.00729235,0.00729235
2737,4176.75,0.31811,0.2773,0.80243,0.92714,0.94484,0.97781,0.95083,0.18157,0.1739,0.75679,0.00729136,0.00729136,0.00729136
2738,4178.24,0.31514,0.26634,0.80882,0.91884,0.94544,0.97706,0.94775,0.18456,0.17572,0.75709,0.00729037,0.00729037,0.00729037
2739,4179.74,0.30782,0.26574,0.79987,0.9248,0.94512,0.97668,0.94835,0.18396,0.17539,0.75723,0.00728938,0.00728938,0.00728938
2740,4181.24,0.29336,0.26374,0.80894,0.91963,0.94453,0.97471,0.9461,0.1816,0.17416,0.7574,0.00728839,0.00728839,0.00728839
2741,4182.73,0.31017,0.26988,0.79806,0.90755,0.94872,0.97515,0.94866,0.17989,0.1738,0.75727,0.0072874,0.0072874,0.0072874
2742,4184.25,0.30774,0.25925,0.80483,0.9071,0.95182,0.97461,0.94544,0.17923,0.17395,0.75718,0.00728641,0.00728641,0.00728641
2743,4185.69,0.31787,0.27788,0.8077,0.88304,0.94423,0.9709,0.94135,0.18313,0.17506,0.75785,0.00728542,0.00728542,0.00728542
2744,4187.22,0.30611,0.25578,0.81278,0.88835,0.96471,0.96872,0.92737,0.18899,0.17873,0.75911,0.00728443,0.00728443,0.00728443
2745,4188.85,0.31387,0.26949,0.80375,0.9179,0.91667,0.97365,0.91538,0.19711,0.18026,0.7619,0.00728344,0.00728344,0.00728344
2746,4190.36,0.29474,0.26264,0.79833,0.90162,0.9204,0.97158,0.91008,0.21297,0.18623,0.76419,0.00728245,0.00728245,0.00728245
2747,4191.89,0.31322,0.27669,0.80197,0.89917,0.90575,0.97102,0.90569,0.22105,0.19023,0.76608,0.00728146,0.00728146,0.00728146
2748,4193.35,0.29807,0.26439,0.80107,0.90263,0.90014,0.96919,0.90683,0.2266,0.19309,0.76682,0.00728047,0.00728047,0.00728047
2749,4194.85,0.31673,0.26816,0.79957,0.90702,0.89701,0.95908,0.89474,0.23487,0.19708,0.76844,0.00727948,0.00727948,0.00727948
2750,4196.31,0.32201,0.27755,0.81166,0.9041,0.89681,0.95761,0.89264,0.23743,0.19894,0.76844,0.00727849,0.00727849,0.00727849
2751,4197.77,0.30189,0.26564,0.80781,0.90358,0.89757,0.95725,0.89288,0.23707,0.19866,0.7688,0.0072775,0.0072775,0.0072775
2752,4199.29,0.31031,0.26589,0.80433,0.89205,0.90142,0.95703,0.894,0.23115,0.19597,0.76803,0.00727651,0.00727651,0.00727651
2753,4200.79,0.30403,0.2635,0.80847,0.89534,0.90102,0.96539,0.90901,0.22552,0.19342,0.76673,0.00727552,0.00727552,0.00727552
2754,4202.31,0.31401,0.26332,0.8136,0.90529,0.90793,0.9691,0.91182,0.21924,0.19057,0.76567,0.00727453,0.00727453,0.00727453
2755,4203.82,0.29869,0.25912,0.80109,0.91414,0.90116,0.9729,0.92765,0.20789,0.18577,0.76368,0.00727354,0.00727354,0.00727354
2756,4205.35,0.30668,0.26504,0.80026,0.91489,0.90739,0.97262,0.93008,0.20364,0.1829,0.76285,0.00727255,0.00727255,0.00727255
2757,4206.81,0.28505,0.24838,0.79375,0.82379,0.96748,0.97309,0.93434,0.19999,0.18127,0.76238,0.00727156,0.00727156,0.00727156
2758,4208.3,0.31451,0.259,0.79938,0.8648,0.96848,0.97434,0.93809,0.19444,0.17844,0.76109,0.00727057,0.00727057,0.00727057
2759,4209.77,0.32773,0.27035,0.81335,0.88559,0.95051,0.97429,0.94329,0.19326,0.17787,0.76027,0.00726958,0.00726958,0.00726958
2760,4211.3,0.31051,0.26042,0.80521,0.90024,0.94784,0.97392,0.94047,0.19098,0.1776,0.75953,0.00726859,0.00726859,0.00726859
2761,4212.79,0.30103,0.25618,0.80305,0.91424,0.94671,0.97345,0.94372,0.18743,0.17625,0.75806,0.0072676,0.0072676,0.0072676
2762,4214.24,0.31391,0.2621,0.80166,0.91706,0.95321,0.97657,0.94658,0.18618,0.17582,0.75748,0.00726661,0.00726661,0.00726661
2763,4215.76,0.28884,0.25945,0.80055,0.91075,0.95099,0.97383,0.94409,0.18462,0.17464,0.75715,0.00726562,0.00726562,0.00726562
2764,4217.28,0.32248,0.26854,0.80476,0.90229,0.95342,0.97279,0.94545,0.18257,0.17303,0.75662,0.00726463,0.00726463,0.00726463
2765,4218.85,0.2943,0.25584,0.79788,0.91661,0.94685,0.9738,0.94842,0.18169,0.17251,0.75629,0.00726364,0.00726364,0.00726364
2766,4220.39,0.31108,0.27126,0.80683,0.90982,0.94751,0.97625,0.95128,0.17977,0.17226,0.75617,0.00726265,0.00726265,0.00726265
2767,4221.85,0.31177,0.26077,0.81448,0.9082,0.95448,0.97659,0.95158,0.17897,0.17184,0.75603,0.00726166,0.00726166,0.00726166
2768,4223.31,0.30405,0.2551,0.80727,0.91872,0.95285,0.97785,0.95337,0.17923,0.17136,0.75579,0.00726067,0.00726067,0.00726067
2769,4224.74,0.29599,0.24963,0.80254,0.89429,0.9519,0.97541,0.95099,0.17875,0.17129,0.75591,0.00725968,0.00725968,0.00725968
2770,4226.26,0.29298,0.25317,0.79697,0.91001,0.94943,0.97863,0.95213,0.17797,0.17071,0.75576,0.00725869,0.00725869,0.00725869
2771,4227.73,0.30781,0.2626,0.80524,0.9195,0.95144,0.9784,0.95085,0.17738,0.17011,0.75559,0.0072577,0.0072577,0.0072577
2772,4229.22,0.28076,0.25088,0.79743,0.92441,0.94567,0.98029,0.95224,0.17782,0.16998,0.7558,0.00725671,0.00725671,0.00725671
2773,4230.7,0.29596,0.24957,0.8024,0.92872,0.95038,0.97831,0.95288,0.17776,0.16933,0.75613,0.00725572,0.00725572,0.00725572
2774,4232.24,0.30802,0.25744,0.8112,0.92208,0.94601,0.97836,0.95108,0.17671,0.16937,0.75604,0.00725473,0.00725473,0.00725473
2775,4233.91,0.31234,0.25905,0.81419,0.92446,0.9446,0.97693,0.94794,0.17906,0.17021,0.7564,0.00725374,0.00725374,0.00725374
2776,4235.45,0.30547,0.25914,0.80183,0.92142,0.94678,0.97867,0.95447,0.17948,0.17079,0.75652,0.00725275,0.00725275,0.00725275
2777,4236.96,0.31737,0.26678,0.8023,0.91113,0.94913,0.97778,0.95094,0.17725,0.16985,0.75619,0.00725176,0.00725176,0.00725176
2778,4238.42,0.30511,0.26456,0.80316,0.9112,0.95152,0.97778,0.95268,0.18037,0.17188,0.75664,0.00725077,0.00725077,0.00725077
2779,4239.99,0.29642,0.25695,0.79513,0.91383,0.95143,0.97592,0.94841,0.17989,0.1697,0.75643,0.00724978,0.00724978,0.00724978
2780,4241.46,0.31215,0.2613,0.80676,0.91694,0.95203,0.97602,0.94962,0.17734,0.16973,0.75597,0.00724879,0.00724879,0.00724879
2781,4242.96,0.30642,0.26066,0.80285,0.91469,0.9499,0.97779,0.95114,0.1792,0.17047,0.756,0.0072478,0.0072478,0.0072478
2782,4244.49,0.29349,0.25145,0.79412,0.93019,0.95378,0.97801,0.95363,0.1789,0.17079,0.75576,0.00724681,0.00724681,0.00724681
2783,4246.04,0.33971,0.2724,0.81079,0.92057,0.9548,0.97772,0.95497,0.17612,0.16951,0.75555,0.00724582,0.00724582,0.00724582
2784,4247.61,0.31058,0.26834,0.80125,0.9284,0.95288,0.97841,0.9546,0.17699,0.17072,0.75548,0.00724483,0.00724483,0.00724483
2785,4249.12,0.29096,0.24947,0.79792,0.92689,0.95295,0.9798,0.95738,0.17526,0.16973,0.75533,0.00724384,0.00724384,0.00724384
2786,4250.69,0.28586,0.24877,0.79808,0.92866,0.95454,0.97962,0.95656,0.17536,0.16981,0.7553,0.00724285,0.00724285,0.00724285
2787,4252.17,0.3053,0.26231,0.80334,0.92387,0.95352,0.977,0.95227,0.1751,0.16889,0.75509,0.00724186,0.00724186,0.00724186
2788,4253.68,0.2818,0.24455,0.79831,0.93681,0.9563,0.97829,0.95521,0.17555,0.16901,0.75518,0.00724087,0.00724087,0.00724087
2789,4255.11,0.29308,0.25239,0.80247,0.93451,0.95654,0.98019,0.95742,0.17547,0.16864,0.75551,0.00723988,0.00723988,0.00723988
2790,4256.64,0.30645,0.25464,0.80495,0.93171,0.95593,0.97984,0.95436,0.17516,0.16804,0.75547,0.00723889,0.00723889,0.00723889
2791,4258.14,0.30395,0.25996,0.80288,0.92739,0.95763,0.98009,0.95923,0.17232,0.16694,0.75554,0.0072379,0.0072379,0.0072379
2792,4259.62,0.32077,0.26605,0.80239,0.91967,0.9573,0.97833,0.95696,0.17172,0.16581,0.75586,0.00723691,0.00723691,0.00723691
2793,4261.16,0.31449,0.26178,0.8016,0.92237,0.95878,0.97876,0.95565,0.17137,0.16686,0.75571,0.00723592,0.00723592,0.00723592
2794,4262.64,0.30348,0.25415,0.80243,0.92146,0.95737,0.97914,0.95465,0.17111,0.16728,0.75604,0.00723493,0.00723493,0.00723493
2795,4264.24,0.31463,0.26053,0.81241,0.92298,0.95553,0.97747,0.95328,0.17131,0.16763,0.75618,0.00723394,0.00723394,0.00723394
2796,4265.72,0.29977,0.26197,0.80319,0.91651,0.95313,0.97684,0.95243,0.17079,0.16777,0.75626,0.00723295,0.00723295,0.00723295
2797,4267.22,0.30006,0.26006,0.80133,0.91678,0.95087,0.97906,0.95718,0.17106,0.16775,0.75605,0.00723196,0.00723196,0.00723196
2798,4268.71,0.3153,0.262,0.80206,0.91568,0.94957,0.97958,0.95544,0.17158,0.16796,0.75601,0.00723097,0.00723097,0.00723097
2799,4270.18,0.29987,0.25427,0.80417,0.91694,0.9534,0.97809,0.95387,0.17305,0.16792,0.75589,0.00722998,0.00722998,0.00722998
2800,4271.67,0.31354,0.25909,0.80816,0.9109,0.9533,0.97918,0.95622,0.1749,0.16785,0.75593,0.00722899,0.00722899,0.00722899
2801,4273.08,0.30493,0.25392,0.8012,0.91738,0.95372,0.9799,0.95655,0.17569,0.16838,0.7559,0.007228,0.007228,0.007228
2802,4274.48,0.28511,0.24099,0.79787,0.91395,0.9534,0.97892,0.95457,0.17657,0.16782,0.75596,0.00722701,0.00722701,0.00722701
2803,4275.9,0.32359,0.26987,0.79839,0.91809,0.95396,0.97833,0.95544,0.17781,0.16759,0.75626,0.00722602,0.00722602,0.00722602
2804,4277.33,0.30375,0.25695,0.79566,0.89989,0.94978,0.97761,0.95248,0.1785,0.16848,0.75628,0.00722503,0.00722503,0.00722503
2805,4278.87,0.31722,0.2633,0.79982,0.91134,0.95105,0.97695,0.95337,0.17849,0.16747,0.7564,0.00722404,0.00722404,0.00722404
2806,4280.33,0.30325,0.26577,0.79826,0.91917,0.94984,0.97624,0.95172,0.17987,0.16732,0.75635,0.00722305,0.00722305,0.00722305
2807,4281.77,0.30259,0.25955,0.79655,0.91967,0.94787,0.97446,0.94954,0.17813,0.16727,0.75617,0.00722206,0.00722206,0.00722206
2808,4283.2,0.2978,0.25608,0.79339,0.92261,0.94988,0.97706,0.95113,0.17984,0.16763,0.75628,0.00722107,0.00722107,0.00722107
2809,4284.61,0.30097,0.25422,0.79764,0.92034,0.94901,0.97344,0.94794,0.17853,0.16754,0.75596,0.00722008,0.00722008,0.00722008
2810,4286.04,0.30824,0.26184,0.80047,0.91828,0.94894,0.97433,0.95116,0.17764,0.16766,0.75571,0.00721909,0.00721909,0.00721909
2811,4287.45,0.31038,0.26319,0.79829,0.92051,0.94423,0.97476,0.94761,0.17808,0.16807,0.75569,0.0072181,0.0072181,0.0072181
2812,4288.9,0.31824,0.26583,0.79771,0.92213,0.94936,0.97619,0.95075,0.17869,0.16885,0.75572,0.00721711,0.00721711,0.00721711
2813,4290.3,0.29316,0.25027,0.79422,0.9193,0.95256,0.97573,0.95182,0.17883,0.16894,0.75566,0.00721612,0.00721612,0.00721612
2814,4291.73,0.30343,0.25273,0.80708,0.9174,0.95055,0.97681,0.94951,0.1776,0.16857,0.75552,0.00721513,0.00721513,0.00721513
2815,4293.26,0.2789,0.24882,0.79273,0.91499,0.9558,0.97758,0.95439,0.17824,0.16906,0.75563,0.00721414,0.00721414,0.00721414
2816,4294.71,0.29886,0.25712,0.79822,0.91588,0.94759,0.97469,0.95043,0.17834,0.16914,0.75566,0.00721315,0.00721315,0.00721315
2817,4296.14,0.29046,0.24936,0.80253,0.91107,0.95258,0.97763,0.95427,0.1784,0.16925,0.75555,0.00721216,0.00721216,0.00721216
2818,4297.58,0.29596,0.25721,0.79911,0.91386,0.95425,0.97535,0.95361,0.17714,0.16899,0.75547,0.00721117,0.00721117,0.00721117
2819,4299.02,0.3045,0.25388,0.80914,0.9162,0.94933,0.9749,0.95334,0.17755,0.16883,0.75562,0.00721018,0.00721018,0.00721018
2820,4300.52,0.31759,0.26192,0.80681,0.91272,0.95052,0.97607,0.95221,0.17633,0.16875,0.75545,0.00720919,0.00720919,0.00720919
2821,4302.08,0.29189,0.25915,0.79452,0.91277,0.95196,0.97569,0.95144,0.17557,0.16783,0.75552,0.0072082,0.0072082,0.0072082
2822,4303.49,0.3039,0.26378,0.80417,0.91388,0.95073,0.97328,0.95031,0.17483,0.16892,0.75554,0.00720721,0.00720721,0.00720721
2823,4304.99,0.29095,0.2587,0.80354,0.91437,0.94986,0.97465,0.95124,0.17392,0.16782,0.75548,0.00720622,0.00720622,0.00720622
2824,4306.46,0.292,0.25824,0.80007,0.92002,0.94725,0.97516,0.95022,0.17364,0.16802,0.75548,0.00720523,0.00720523,0.00720523
2825,4307.95,0.2903,0.24863,0.8007,0.9235,0.94825,0.97619,0.95544,0.17359,0.16873,0.7555,0.00720424,0.00720424,0.00720424
2826,4309.46,0.30029,0.2569,0.80404,0.92447,0.94898,0.97688,0.95343,0.17302,0.16834,0.75528,0.00720325,0.00720325,0.00720325
2827,4311,0.31461,0.26398,0.80322,0.92179,0.94901,0.9759,0.95299,0.17326,0.16762,0.75543,0.00720226,0.00720226,0.00720226
2828,4312.42,0.28398,0.24423,0.80497,0.92069,0.95342,0.97573,0.95124,0.17307,0.16807,0.75553,0.00720127,0.00720127,0.00720127
2829,4313.96,0.28968,0.2507,0.79992,0.92691,0.95548,0.97783,0.95705,0.17176,0.1668,0.75541,0.00720028,0.00720028,0.00720028
2830,4315.48,0.3107,0.25694,0.8096,0.92402,0.95213,0.97573,0.95441,0.17105,0.16573,0.75541,0.00719929,0.00719929,0.00719929
2831,4316.98,0.30334,0.25864,0.80284,0.92504,0.95169,0.97564,0.95049,0.17103,0.16637,0.7556,0.0071983,0.0071983,0.0071983
2832,4318.5,0.31822,0.26625,0.80296,0.92129,0.95318,0.97427,0.95232,0.1711,0.16605,0.75547,0.00719731,0.00719731,0.00719731
2833,4319.92,0.30877,0.25049,0.80547,0.92068,0.95536,0.97685,0.95257,0.17107,0.16668,0.75557,0.00719632,0.00719632,0.00719632
2834,4321.31,0.3074,0.26068,0.80204,0.92653,0.95288,0.97944,0.95404,0.17179,0.16625,0.75594,0.00719533,0.00719533,0.00719533
2835,4322.78,0.29494,0.24833,0.80417,0.92274,0.95172,0.97834,0.9535,0.17048,0.16573,0.75583,0.00719434,0.00719434,0.00719434
2836,4324.35,0.31448,0.26048,0.80559,0.91952,0.95402,0.97737,0.95418,0.17018,0.1658,0.75577,0.00719335,0.00719335,0.00719335
2837,4325.84,0.28454,0.24644,0.79922,0.92555,0.95032,0.97664,0.95479,0.17115,0.16639,0.75589,0.00719236,0.00719236,0.00719236
2838,4327.29,0.32224,0.25937,0.80983,0.91736,0.95377,0.97752,0.9562,0.16992,0.16594,0.75561,0.00719137,0.00719137,0.00719137
2839,4328.75,0.29121,0.24623,0.81296,0.91909,0.9547,0.97934,0.95904,0.16921,0.1653,0.75538,0.00719038,0.00719038,0.00719038
2840,4330.18,0.31112,0.2539,0.80285,0.91935,0.9561,0.97921,0.95686,0.16927,0.16488,0.75546,0.00718939,0.00718939,0.00718939
2841,4331.71,0.2896,0.2519,0.79211,0.91568,0.95115,0.97795,0.95565,0.16926,0.16511,0.7553,0.0071884,0.0071884,0.0071884
2842,4333.24,0.30751,0.25725,0.79494,0.91748,0.9567,0.98097,0.956,0.17046,0.16581,0.75538,0.00718741,0.00718741,0.00718741
2843,4334.73,0.31198,0.25777,0.79892,0.91177,0.95281,0.97836,0.95464,0.17128,0.16624,0.75542,0.00718642,0.00718642,0.00718642
2844,4336.18,0.28684,0.24931,0.79115,0.89888,0.95925,0.97945,0.95566,0.17185,0.16709,0.75546,0.00718543,0.00718543,0.00718543
2845,4337.7,0.30311,0.25798,0.80434,0.91511,0.96308,0.97914,0.9523,0.17223,0.1673,0.75553,0.00718444,0.00718444,0.00718444
2846,4339.26,0.30699,0.26249,0.79842,0.91359,0.96197,0.97951,0.95495,0.17274,0.16715,0.75566,0.00718345,0.00718345,0.00718345
2847,4340.8,0.31017,0.25789,0.80428,0.91379,0.9636,0.97827,0.95618,0.17281,0.16809,0.75585,0.00718246,0.00718246,0.00718246
2848,4342.27,0.30475,0.25484,0.80334,0.91789,0.96197,0.97784,0.95448,0.1733,0.16804,0.75592,0.00718147,0.00718147,0.00718147
2849,4343.7,0.29538,0.25568,0.8067,0.91612,0.95902,0.97756,0.95476,0.17267,0.16735,0.75605,0.00718048,0.00718048,0.00718048
2850,4345.16,0.30267,0.24917,0.8067,0.91416,0.96099,0.97766,0.95517,0.17404,0.16723,0.7561,0.00717949,0.00717949,0.00717949
2851,4346.63,0.29119,0.24501,0.80508,0.92586,0.95522,0.9792,0.95561,0.17453,0.16727,0.75602,0.0071785,0.0071785,0.0071785
2852,4348.14,0.31279,0.2544,0.80747,0.92332,0.95307,0.97847,0.95581,0.17392,0.16687,0.75602,0.00717751,0.00717751,0.00717751
2853,4349.59,0.2909,0.24276,0.80081,0.91638,0.95235,0.97851,0.95338,0.17466,0.16763,0.7559,0.00717652,0.00717652,0.00717652
2854,4351.13,0.30048,0.25332,0.80253,0.92283,0.94817,0.97954,0.95501,0.17427,0.16727,0.75581,0.00717553,0.00717553,0.00717553
2855,4352.64,0.29383,0.24739,0.80507,0.92607,0.95123,0.9795,0.95898,0.17315,0.16769,0.75586,0.00717454,0.00717454,0.00717454
2856,4354.13,0.30838,0.26099,0.80257,0.92115,0.94952,0.97837,0.95513,0.17293,0.16802,0.75584,0.00717355,0.00717355,0.00717355
2857,4355.61,0.28945,0.25332,0.80152,0.9268,0.95111,0.9808,0.95665,0.17161,0.16762,0.75586,0.00717256,0.00717256,0.00717256
2858,4357.11,0.31177,0.26435,0.79983,0.92889,0.95087,0.98107,0.95595,0.17155,0.16793,0.75582,0.00717157,0.00717157,0.00717157
2859,4358.62,0.28129,0.24948,0.79708,0.92629,0.94721,0.97941,0.95714,0.16997,0.16758,0.7557,0.00717058,0.00717058,0.00717058
2860,4360.11,0.30272,0.25874,0.80042,0.91989,0.9455,0.97986,0.95902,0.16955,0.16765,0.75553,0.00716959,0.00716959,0.00716959
2861,4361.56,0.29155,0.25301,0.80112,0.92274,0.95234,0.98125,0.96139,0.16911,0.16734,0.75553,0.0071686,0.0071686,0.0071686
2862,4363.1,0.29469,0.25375,0.79648,0.92178,0.9527,0.98132,0.96129,0.16889,0.16748,0.75543,0.00716761,0.00716761,0.00716761
2863,4364.6,0.28643,0.25199,0.79161,0.92161,0.95094,0.98009,0.95683,0.16811,0.16626,0.75551,0.00716662,0.00716662,0.00716662
2864,4366.02,0.2949,0.2569,0.7975,0.91828,0.95578,0.98041,0.95804,0.16937,0.16676,0.75555,0.00716563,0.00716563,0.00716563
2865,4367.57,0.2914,0.25395,0.80145,0.92416,0.95864,0.98257,0.96014,0.16842,0.16667,0.75543,0.00716464,0.00716464,0.00716464
2866,4369.14,0.29005,0.24669,0.80032,0.9243,0.94992,0.98103,0.95707,0.16883,0.16667,0.7554,0.00716365,0.00716365,0.00716365
2867,4370.62,0.29413,0.24959,0.7971,0.929,0.9535,0.98386,0.96143,0.16881,0.16642,0.75548,0.00716266,0.00716266,0.00716266
2868,4372.13,0.29424,0.2521,0.80161,0.92969,0.95415,0.98017,0.9535,0.16885,0.16641,0.75548,0.00716167,0.00716167,0.00716167
2869,4373.59,0.29229,0.2546,0.80385,0.9308,0.9497,0.98048,0.95782,0.16868,0.16616,0.75542,0.00716068,0.00716068,0.00716068
2870,4375.07,0.30773,0.26108,0.80297,0.93006,0.95169,0.98239,0.95857,0.16836,0.16616,0.75543,0.00715969,0.00715969,0.00715969
2871,4376.57,0.29828,0.25834,0.80433,0.93193,0.94781,0.9803,0.95708,0.16822,0.16595,0.75542,0.0071587,0.0071587,0.0071587
2872,4378.08,0.30198,0.25851,0.79987,0.93315,0.95082,0.9812,0.95631,0.16889,0.1662,0.75549,0.00715771,0.00715771,0.00715771
2873,4379.52,0.30681,0.25631,0.80351,0.93278,0.95469,0.98352,0.95863,0.16729,0.16591,0.75562,0.00715672,0.00715672,0.00715672
2874,4381.05,0.29,0.24959,0.79567,0.93534,0.95379,0.98343,0.95967,0.16874,0.16613,0.75567,0.00715573,0.00715573,0.00715573
2875,4382.61,0.28532,0.24974,0.79585,0.934,0.94869,0.98272,0.95665,0.16776,0.16525,0.7556,0.00715474,0.00715474,0.00715474
2876,4384.18,0.31234,0.26345,0.80658,0.93962,0.94839,0.9818,0.95715,0.16694,0.16541,0.75565,0.00715375,0.00715375,0.00715375
2877,4385.66,0.28786,0.25398,0.79887,0.93658,0.95018,0.98298,0.95917,0.16759,0.16584,0.75566,0.00715276,0.00715276,0.00715276
2878,4387.09,0.32502,0.26569,0.81028,0.93495,0.94505,0.98108,0.95776,0.16719,0.16601,0.75549,0.00715177,0.00715177,0.00715177
2879,4388.58,0.2949,0.25751,0.7978,0.93655,0.94511,0.98116,0.95574,0.16818,0.16669,0.75541,0.00715078,0.00715078,0.00715078
2880,4390.06,0.29972,0.25485,0.80002,0.93728,0.94864,0.98189,0.95676,0.16816,0.16698,0.75545,0.00714979,0.00714979,0.00714979
2881,4391.58,0.28291,0.2552,0.79325,0.92554,0.94856,0.98196,0.95636,0.16646,0.16615,0.75523,0.0071488,0.0071488,0.0071488
2882,4393.04,0.3084,0.26262,0.81006,0.93098,0.95265,0.98099,0.95862,0.16587,0.16577,0.75509,0.00714781,0.00714781,0.00714781
2883,4394.47,0.29767,0.25662,0.80497,0.92299,0.95155,0.97917,0.95615,0.16673,0.16606,0.75497,0.00714682,0.00714682,0.00714682
2884,4395.99,0.29247,0.25781,0.7996,0.91764,0.95274,0.97946,0.95356,0.16826,0.167,0.75498,0.00714583,0.00714583,0.00714583
2885,4397.51,0.30496,0.27186,0.80036,0.92105,0.95514,0.97984,0.95295,0.16756,0.16615,0.75501,0.00714484,0.00714484,0.00714484
2886,4399.27,0.28954,0.25775,0.80318,0.91362,0.95285,0.97761,0.95216,0.16809,0.1671,0.75513,0.00714385,0.00714385,0.00714385
2887,4400.77,0.2932,0.25786,0.80349,0.92011,0.95463,0.97991,0.95425,0.16891,0.16682,0.75531,0.00714286,0.00714286,0.00714286
2888,4402.26,0.27904,0.25449,0.8025,0.92612,0.95524,0.9796,0.95446,0.17038,0.16776,0.75535,0.00714187,0.00714187,0.00714187
2889,4403.8,0.3166,0.26406,0.81053,0.92338,0.95391,0.98233,0.95697,0.16946,0.16703,0.75541,0.00714088,0.00714088,0.00714088
2890,4405.31,0.31864,0.26432,0.81411,0.91706,0.95642,0.98251,0.95676,0.17091,0.16858,0.75551,0.00713989,0.00713989,0.00713989
2891,4406.74,0.30943,0.26851,0.80197,0.91693,0.95533,0.98237,0.95963,0.1727,0.16941,0.75558,0.0071389,0.0071389,0.0071389
2892,4408.22,0.30402,0.25954,0.80895,0.91628,0.95293,0.98064,0.95687,0.17009,0.16751,0.75565,0.00713791,0.00713791,0.00713791
2893,4409.67,0.29215,0.25486,0.80331,0.91774,0.95415,0.9801,0.95646,0.16973,0.16666,0.75587,0.00713692,0.00713692,0.00713692
2894,4411.23,0.29476,0.25329,0.80239,0.92559,0.95391,0.98132,0.95986,0.17017,0.16667,0.75587,0.00713593,0.00713593,0.00713593
2895,4412.73,0.29047,0.24601,0.80371,0.91746,0.95283,0.9789,0.95597,0.17042,0.16682,0.75606,0.00713494,0.00713494,0.00713494
2896,4414.27,0.32216,0.28105,0.80572,0.9163,0.95313,0.97718,0.95487,0.17156,0.1672,0.75607,0.00713395,0.00713395,0.00713395
2897,4415.77,0.28424,0.25786,0.79734,0.91844,0.95446,0.97858,0.95533,0.17158,0.16744,0.75598,0.00713296,0.00713296,0.00713296
2898,4417.28,0.31146,0.26737,0.80215,0.9197,0.95738,0.98028,0.95656,0.17155,0.16782,0.756,0.00713197,0.00713197,0.00713197
2899,4418.78,0.28899,0.25793,0.7987,0.91767,0.95977,0.98032,0.9585,0.17058,0.16768,0.75597,0.00713098,0.00713098,0.00713098
2900,4420.26,0.3149,0.26575,0.8067,0.91883,0.95558,0.97908,0.955,0.1702,0.16715,0.75587,0.00712999,0.00712999,0.00712999
2901,4421.73,0.33025,0.27344,0.81166,0.90746,0.95084,0.9733,0.94986,0.16932,0.16705,0.75605,0.007129,0.007129,0.007129
2902,4423.26,0.30996,0.26883,0.79519,0.91254,0.95321,0.97563,0.95427,0.16982,0.16639,0.75623,0.00712801,0.00712801,0.00712801
2903,4424.68,0.29694,0.25253,0.80457,0.91412,0.95175,0.97493,0.95326,0.17013,0.16618,0.75603,0.00712702,0.00712702,0.00712702
2904,4426.2,0.29272,0.2561,0.79073,0.9165,0.95237,0.97539,0.9523,0.1695,0.16525,0.75613,0.00712603,0.00712603,0.00712603
2905,4427.72,0.2888,0.25022,0.7998,0.91689,0.94982,0.97687,0.95401,0.16912,0.1651,0.75602,0.00712504,0.00712504,0.00712504
2906,4429.33,0.29996,0.2607,0.79977,0.91558,0.94792,0.97557,0.95332,0.17071,0.16624,0.75586,0.00712405,0.00712405,0.00712405
2907,4430.84,0.28742,0.25024,0.79727,0.92209,0.95021,0.97775,0.95474,0.16848,0.16567,0.7559,0.00712306,0.00712306,0.00712306
2908,4432.31,0.29675,0.25974,0.80176,0.92247,0.95316,0.97822,0.9529,0.17106,0.16695,0.75591,0.00712207,0.00712207,0.00712207
2909,4433.79,0.29399,0.24832,0.79572,0.92227,0.95432,0.97893,0.95666,0.17265,0.16766,0.75573,0.00712108,0.00712108,0.00712108
2910,4435.31,0.29116,0.25667,0.79447,0.932,0.9534,0.97951,0.95624,0.17148,0.16644,0.75597,0.00712009,0.00712009,0.00712009
2911,4436.86,0.29785,0.25977,0.80074,0.92778,0.95628,0.97941,0.95613,0.17117,0.1665,0.75592,0.0071191,0.0071191,0.0071191
2912,4438.41,0.28644,0.25127,0.8064,0.92525,0.95397,0.97885,0.95647,0.17242,0.16709,0.75574,0.00711811,0.00711811,0.00711811
2913,4439.92,0.28876,0.2545,0.79849,0.92,0.95537,0.97904,0.95651,0.17119,0.16696,0.75585,0.00711712,0.00711712,0.00711712
2914,4441.35,0.28962,0.2515,0.80266,0.91883,0.95318,0.97607,0.95353,0.17032,0.16629,0.75589,0.00711613,0.00711613,0.00711613
2915,4442.9,0.28096,0.24872,0.79604,0.91838,0.95303,0.9778,0.95455,0.17227,0.16762,0.75571,0.00711514,0.00711514,0.00711514
2916,4444.43,0.29439,0.25682,0.80811,0.91932,0.95595,0.979,0.95642,0.16961,0.16687,0.75578,0.00711415,0.00711415,0.00711415
2917,4445.91,0.31827,0.26635,0.8133,0.91168,0.95474,0.97853,0.95618,0.16904,0.16686,0.75596,0.00711316,0.00711316,0.00711316
2918,4447.41,0.29258,0.2527,0.80408,0.91547,0.95457,0.97897,0.95792,0.17034,0.16724,0.75582,0.00711217,0.00711217,0.00711217
2919,4448.86,0.30122,0.25161,0.80332,0.91927,0.95435,0.9764,0.9532,0.16867,0.16724,0.75572,0.00711118,0.00711118,0.00711118
2920,4450.44,0.29157,0.25206,0.79993,0.91719,0.95607,0.98004,0.95694,0.16737,0.1668,0.75546,0.00711019,0.00711019,0.00711019
2921,4451.9,0.33208,0.27772,0.81643,0.91439,0.95182,0.9776,0.95523,0.16819,0.1661,0.75531,0.0071092,0.0071092,0.0071092
2922,4453.37,0.28966,0.24999,0.79967,0.91767,0.95314,0.97847,0.95492,0.16708,0.16613,0.75511,0.00710821,0.00710821,0.00710821
2923,4454.89,0.31204,0.25285,0.81044,0.92555,0.95473,0.97841,0.95674,0.16769,0.16624,0.75504,0.00710722,0.00710722,0.00710722
2924,4456.42,0.29548,0.25119,0.80059,0.92342,0.95567,0.97782,0.95518,0.16913,0.16668,0.75501,0.00710623,0.00710623,0.00710623
2925,4457.99,0.2865,0.24587,0.80107,0.92717,0.9566,0.97883,0.9558,0.16719,0.16581,0.75485,0.00710524,0.00710524,0.00710524
2926,4459.6,0.29666,0.25834,0.79739,0.92325,0.95444,0.97608,0.95464,0.16609,0.16489,0.75481,0.00710425,0.00710425,0.00710425
2927,4461,0.28335,0.24691,0.81089,0.92553,0.9546,0.97659,0.95466,0.16804,0.16604,0.75479,0.00710326,0.00710326,0.00710326
2928,4462.49,0.29283,0.24485,0.8109,0.92503,0.95729,0.97787,0.95775,0.16509,0.1646,0.75486,0.00710227,0.00710227,0.00710227
2929,4464,0.31145,0.25951,0.80663,0.92668,0.95665,0.98044,0.95833,0.16461,0.16468,0.75492,0.00710128,0.00710128,0.00710128
2930,4465.44,0.29818,0.25664,0.80378,0.92632,0.95589,0.9799,0.95832,0.16644,0.16516,0.75509,0.00710029,0.00710029,0.00710029
2931,4466.93,0.2997,0.25625,0.80405,0.91757,0.95474,0.97774,0.95813,0.16578,0.16503,0.75523,0.0070993,0.0070993,0.0070993
2932,4468.46,0.31006,0.25768,0.80394,0.91551,0.9579,0.97606,0.95564,0.16734,0.16628,0.75556,0.00709831,0.00709831,0.00709831
2933,4469.88,0.2962,0.2625,0.80501,0.91492,0.95529,0.9765,0.95536,0.16932,0.16679,0.75565,0.00709732,0.00709732,0.00709732
2934,4471.39,0.3152,0.25708,0.80957,0.91695,0.95455,0.97499,0.95346,0.16874,0.1668,0.75566,0.00709633,0.00709633,0.00709633
2935,4472.94,0.31148,0.25772,0.80027,0.91553,0.95912,0.97465,0.9523,0.17101,0.16737,0.75585,0.00709534,0.00709534,0.00709534
2936,4474.47,0.29063,0.25331,0.79968,0.91657,0.96145,0.9757,0.95634,0.17295,0.16773,0.75574,0.00709435,0.00709435,0.00709435
2937,4475.96,0.2848,0.24593,0.79364,0.92302,0.96063,0.97508,0.95431,0.17165,0.16704,0.75578,0.00709336,0.00709336,0.00709336
2938,4477.48,0.30425,0.25857,0.80216,0.91664,0.96008,0.97539,0.95493,0.171,0.16624,0.75557,0.00709237,0.00709237,0.00709237
2939,4478.93,0.29789,0.25634,0.80342,0.91741,0.96003,0.97471,0.95222,0.17095,0.16617,0.75551,0.00709138,0.00709138,0.00709138
2940,4480.41,0.31849,0.26123,0.80902,0.91695,0.95933,0.97382,0.95353,0.16946,0.16558,0.75548,0.00709039,0.00709039,0.00709039
2941,4481.91,0.30814,0.25236,0.80795,0.92096,0.95995,0.97706,0.95506,0.16904,0.16511,0.7554,0.0070894,0.0070894,0.0070894
2942,4483.35,0.29368,0.25049,0.80053,0.92515,0.9567,0.97928,0.95621,0.16917,0.16529,0.75534,0.00708841,0.00708841,0.00708841
2943,4484.81,0.29883,0.25194,0.7994,0.9292,0.95875,0.98043,0.95611,0.16836,0.16462,0.75528,0.00708742,0.00708742,0.00708742
2944,4486.3,0.30069,0.25044,0.80351,0.93333,0.95563,0.98001,0.95746,0.16842,0.16405,0.75525,0.00708643,0.00708643,0.00708643
2945,4487.78,0.27852,0.2442,0.79956,0.93302,0.95408,0.97921,0.95617,0.17099,0.16464,0.75538,0.00708544,0.00708544,0.00708544
2946,4489.36,0.29867,0.26095,0.80065,0.93303,0.95301,0.97733,0.95533,0.1694,0.1645,0.75533,0.00708445,0.00708445,0.00708445
2947,4490.85,0.30889,0.26215,0.80414,0.92625,0.95664,0.97928,0.95409,0.16728,0.16319,0.75522,0.00708346,0.00708346,0.00708346
2948,4492.3,0.29035,0.25574,0.8118,0.92273,0.95821,0.97996,0.95962,0.16865,0.16387,0.75513,0.00708247,0.00708247,0.00708247
2949,4493.82,0.30039,0.25162,0.80779,0.9307,0.95831,0.97985,0.95722,0.16707,0.16278,0.75501,0.00708148,0.00708148,0.00708148
2950,4495.32,0.32729,0.26549,0.81649,0.93096,0.95948,0.9798,0.95435,0.16765,0.16253,0.75505,0.00708049,0.00708049,0.00708049
2951,4496.89,0.27502,0.24782,0.80163,0.92323,0.95772,0.98016,0.95716,0.16713,0.16182,0.75497,0.0070795,0.0070795,0.0070795
2952,4498.35,0.28765,0.25562,0.80604,0.92449,0.95944,0.97809,0.95221,0.1689,0.16259,0.75514,0.00707851,0.00707851,0.00707851
2953,4499.86,0.2948,0.25662,0.79743,0.91232,0.95621,0.97652,0.95346,0.16935,0.1624,0.75529,0.00707752,0.00707752,0.00707752
2954,4501.37,0.30508,0.25847,0.79897,0.91035,0.95863,0.97567,0.95292,0.16771,0.16227,0.75521,0.00707653,0.00707653,0.00707653
2955,4502.88,0.30723,0.25865,0.80234,0.91914,0.9604,0.97909,0.95641,0.16947,0.16323,0.75523,0.00707554,0.00707554,0.00707554
2956,4504.45,0.31511,0.26547,0.80258,0.92047,0.96178,0.97829,0.95521,0.17039,0.16441,0.75529,0.00707455,0.00707455,0.00707455
2957,4505.91,0.29882,0.25948,0.79982,0.91722,0.95798,0.98003,0.95828,0.16971,0.16452,0.75538,0.00707356,0.00707356,0.00707356
2958,4507.39,0.27471,0.24543,0.80084,0.91545,0.95291,0.98006,0.95474,0.1721,0.16577,0.75563,0.00707257,0.00707257,0.00707257
2959,4508.89,0.30246,0.26649,0.79542,0.92104,0.95471,0.98176,0.9585,0.17309,0.16572,0.75589,0.00707158,0.00707158,0.00707158
2960,4510.41,0.27305,0.24796,0.79977,0.92854,0.95345,0.9808,0.95832,0.17162,0.16536,0.75582,0.00707059,0.00707059,0.00707059
2961,4511.85,0.29273,0.26262,0.79305,0.91917,0.95174,0.97884,0.9555,0.17258,0.16529,0.75594,0.0070696,0.0070696,0.0070696
2962,4513.33,0.30482,0.26363,0.80392,0.92677,0.95286,0.97892,0.95748,0.17207,0.16521,0.7559,0.00706861,0.00706861,0.00706861
2963,4514.82,0.29982,0.26054,0.80679,0.91973,0.95936,0.97829,0.95648,0.17044,0.16434,0.75586,0.00706762,0.00706762,0.00706762
2964,4516.31,0.30403,0.26033,0.80698,0.92206,0.95747,0.9792,0.9555,0.17096,0.16446,0.75566,0.00706663,0.00706663,0.00706663
2965,4517.87,0.29184,0.2505,0.80231,0.91588,0.9583,0.97873,0.95519,0.16864,0.16439,0.75543,0.00706564,0.00706564,0.00706564
2966,4519.44,0.30162,0.2541,0.8043,0.92429,0.95678,0.97896,0.95425,0.16792,0.16372,0.75549,0.00706465,0.00706465,0.00706465
2967,4520.9,0.29743,0.25316,0.79942,0.91676,0.95672,0.97856,0.95759,0.16776,0.16451,0.75523,0.00706366,0.00706366,0.00706366
2968,4522.41,0.28242,0.24002,0.80012,0.91875,0.95214,0.97909,0.95627,0.16703,0.16437,0.75521,0.00706267,0.00706267,0.00706267
2969,4523.84,0.29275,0.25015,0.80856,0.92351,0.9525,0.98103,0.95934,0.16649,0.16444,0.75527,0.00706168,0.00706168,0.00706168
2970,4525.34,0.28944,0.24493,0.80337,0.91736,0.95411,0.97996,0.95851,0.16681,0.16432,0.7552,0.00706069,0.00706069,0.00706069
2971,4526.85,0.29463,0.24652,0.8069,0.92363,0.95664,0.98187,0.95969,0.1675,0.1649,0.75529,0.0070597,0.0070597,0.0070597
2972,4528.3,0.2895,0.25014,0.80148,0.91671,0.95319,0.97958,0.95812,0.16757,0.16462,0.75538,0.00705871,0.00705871,0.00705871
2973,4529.77,0.28742,0.24781,0.80123,0.91716,0.95507,0.98016,0.9594,0.16767,0.1646,0.75535,0.00705772,0.00705772,0.00705772
2974,4531.25,0.32594,0.25697,0.80957,0.91609,0.95061,0.97825,0.95729,0.16844,0.16454,0.75539,0.00705673,0.00705673,0.00705673
2975,4532.72,0.29272,0.25555,0.79748,0.91618,0.95238,0.97765,0.95772,0.16848,0.16398,0.75552,0.00705574,0.00705574,0.00705574
2976,4534.24,0.28993,0.25018,0.79477,0.92176,0.95597,0.97899,0.95675,0.1676,0.16368,0.75536,0.00705475,0.00705475,0.00705475
2977,4535.83,0.32447,0.26527,0.80591,0.91698,0.95321,0.97718,0.95584,0.16773,0.16336,0.75534,0.00705376,0.00705376,0.00705376
2978,4537.32,0.3034,0.26197,0.80243,0.91724,0.95451,0.97756,0.95671,0.16802,0.16355,0.75547,0.00705277,0.00705277,0.00705277
2979,4538.81,0.27735,0.24393,0.79527,0.91711,0.95542,0.97673,0.95442,0.16766,0.16344,0.7556,0.00705178,0.00705178,0.00705178
2980,4540.29,0.27424,0.24454,0.80117,0.9128,0.9628,0.9761,0.95427,0.16752,0.16312,0.75561,0.00705079,0.00705079,0.00705079
2981,4541.78,0.30063,0.25481,0.80135,0.90807,0.96287,0.9768,0.95526,0.16706,0.16307,0.7556,0.0070498,0.0070498,0.0070498
2982,4543.23,0.31292,0.26194,0.80363,0.91542,0.96274,0.97579,0.95383,0.16761,0.16358,0.75553,0.00704881,0.00704881,0.00704881
2983,4544.7,0.29755,0.2574,0.80776,0.91216,0.96073,0.97495,0.95273,0.16818,0.16337,0.75549,0.00704782,0.00704782,0.00704782
2984,4546.2,0.32576,0.26653,0.80186,0.91423,0.95715,0.97454,0.95128,0.16701,0.16246,0.75548,0.00704683,0.00704683,0.00704683
2985,4547.65,0.30895,0.26193,0.79395,0.91403,0.95376,0.97361,0.95005,0.1687,0.16309,0.75556,0.00704584,0.00704584,0.00704584
2986,4549.29,0.29042,0.24439,0.79965,0.91654,0.95576,0.9737,0.95001,0.16958,0.16259,0.7556,0.00704485,0.00704485,0.00704485
2987,4550.73,0.30353,0.25233,0.80161,0.92559,0.95736,0.97457,0.95105,0.16771,0.16195,0.75554,0.00704386,0.00704386,0.00704386
2988,4552.23,0.29501,0.2568,0.79426,0.92701,0.95735,0.97612,0.95318,0.16885,0.16253,0.75556,0.00704287,0.00704287,0.00704287
2989,4553.75,0.29748,0.25574,0.80157,0.92344,0.95771,0.97463,0.95348,0.16804,0.16276,0.75547,0.00704188,0.00704188,0.00704188
2990,4555.17,0.28525,0.25084,0.79707,0.9255,0.95811,0.9742,0.95331,0.16541,0.16205,0.75541,0.00704089,0.00704089,0.00704089
2991,4556.66,0.29323,0.2535,0.79892,0.92195,0.9565,0.97294,0.95259,0.16629,0.16257,0.75552,0.0070399,0.0070399,0.0070399
2992,4558.23,0.30449,0.26046,0.80103,0.91816,0.95825,0.97125,0.94933,0.16512,0.16192,0.75563,0.00703891,0.00703891,0.00703891
2993,4559.71,0.29238,0.25271,0.79629,0.91998,0.95601,0.97503,0.95096,0.16414,0.16134,0.75546,0.00703792,0.00703792,0.00703792
2994,4561.19,0.28607,0.24663,0.79843,0.90561,0.95595,0.97393,0.95137,0.16416,0.1613,0.75546,0.00703693,0.00703693,0.00703693
2995,4562.73,0.27065,0.23801,0.80432,0.92831,0.95571,0.97582,0.95587,0.163,0.15985,0.75513,0.00703594,0.00703594,0.00703594
2996,4564.31,0.28544,0.24831,0.80019,0.92592,0.95722,0.97581,0.95626,0.16228,0.15943,0.75487,0.00703495,0.00703495,0.00703495
2997,4565.79,0.2832,0.24719,0.80363,0.91591,0.95345,0.97791,0.95526,0.16284,0.15934,0.75483,0.00703396,0.00703396,0.00703396
2998,4567.36,0.30071,0.25207,0.79679,0.92671,0.95224,0.97803,0.95614,0.16233,0.15944,0.7547,0.00703297,0.00703297,0.00703297
2999,4568.85,0.26769,0.23556,0.80571,0.92207,0.95419,0.97807,0.95607,0.16354,0.15931,0.75483,0.00703198,0.00703198,0.00703198
3000,4570.34,0.293,0.24881,0.80192,0.91719,0.95596,0.97876,0.95874,0.16359,0.15926,0.75479,0.00703099,0.00703099,0.00703099
3001,4571.87,0.29827,0.25195,0.80162,0.93471,0.95491,0.97999,0.96076,0.16612,0.15978,0.755,0.00703,0.00703,0.00703
3002,4573.32,0.27808,0.246,0.80678,0.91866,0.95362,0.9785,0.95603,0.16947,0.16136,0.75512,0.00702901,0.00702901,0.00702901
3003,4574.79,0.28688,0.25813,0.79833,0.92612,0.95222,0.97823,0.95594,0.16833,0.16165,0.75513,0.00702802,0.00702802,0.00702802
3004,4576.27,0.28427,0.25336,0.79928,0.93259,0.95573,0.98028,0.95792,0.16906,0.16261,0.7552,0.00702703,0.00702703,0.00702703
3005,4577.72,0.29036,0.26431,0.79754,0.92804,0.95138,0.97843,0.95363,0.16988,0.1626,0.75528,0.00702604,0.00702604,0.00702604
3006,4579.25,0.30037,0.26185,0.80106,0.92343,0.95483,0.97598,0.95266,0.16888,0.16242,0.7552,0.00702505,0.00702505,0.00702505
3007,4580.89,0.31176,0.27635,0.80528,0.91935,0.95642,0.97569,0.95439,0.1676,0.16148,0.75522,0.00702406,0.00702406,0.00702406
3008,4582.39,0.30478,0.27136,0.80539,0.91548,0.95626,0.97548,0.95294,0.16847,0.16234,0.75523,0.00702307,0.00702307,0.00702307
3009,4583.88,0.29645,0.25871,0.7942,0.91819,0.95559,0.97655,0.955,0.16727,0.16114,0.75536,0.00702208,0.00702208,0.00702208
3010,4585.38,0.29333,0.25969,0.80855,0.92858,0.95558,0.97748,0.95536,0.16618,0.16174,0.75543,0.00702109,0.00702109,0.00702109
3011,4586.87,0.27786,0.24993,0.8053,0.9284,0.9535,0.97758,0.95593,0.16645,0.16163,0.75555,0.0070201,0.0070201,0.0070201
3012,4588.4,0.30827,0.26601,0.80292,0.92825,0.95213,0.97745,0.95785,0.16634,0.16176,0.7554,0.00701911,0.00701911,0.00701911
3013,4589.88,0.2924,0.25419,0.7993,0.9287,0.9549,0.97909,0.95811,0.16753,0.16201,0.75516,0.00701812,0.00701812,0.00701812
3014,4591.4,0.29858,0.25408,0.80167,0.92968,0.95852,0.97776,0.9567,0.16624,0.16102,0.75507,0.00701713,0.00701713,0.00701713
3015,4592.85,0.28333,0.2457,0.80099,0.92208,0.95877,0.97664,0.95545,0.16759,0.16194,0.7549,0.00701614,0.00701614,0.00701614
3016,4594.44,0.28745,0.24706,0.8033,0.92134,0.96006,0.97722,0.95542,0.16689,0.16182,0.755,0.00701515,0.00701515,0.00701515
3017,4595.99,0.27882,0.24955,0.79896,0.92228,0.95787,0.97633,0.95299,0.16774,0.16274,0.75522,0.00701416,0.00701416,0.00701416
3018,4597.45,0.29818,0.2581,0.80355,0.92405,0.95707,0.97517,0.95398,0.16776,0.16268,0.75525,0.00701317,0.00701317,0.00701317
3019,4599,0.29745,0.25398,0.80167,0.9285,0.95572,0.97591,0.95395,0.16824,0.16347,0.75544,0.00701218,0.00701218,0.00701218
3020,4600.53,0.3174,0.26549,0.8103,0.92345,0.9559,0.97324,0.94887,0.16854,0.16355,0.75561,0.00701119,0.00701119,0.00701119
3021,4602.01,0.3066,0.25736,0.80145,0.92132,0.95345,0.97487,0.95326,0.16799,0.16347,0.75548,0.0070102,0.0070102,0.0070102
3022,4603.52,0.30441,0.25257,0.80428,0.93199,0.95433,0.97856,0.95406,0.16806,0.16369,0.75558,0.00700921,0.00700921,0.00700921
3023,4604.96,0.28833,0.24593,0.80317,0.92942,0.9519,0.97625,0.95309,0.16818,0.16328,0.75583,0.00700822,0.00700822,0.00700822
3024,4606.46,0.29212,0.24957,0.8075,0.92958,0.95134,0.97728,0.95535,0.16735,0.16316,0.75574,0.00700723,0.00700723,0.00700723
3025,4607.92,0.31096,0.26146,0.80824,0.919,0.94941,0.97553,0.95256,0.1666,0.16261,0.75564,0.00700624,0.00700624,0.00700624
3026,4609.48,0.28033,0.24607,0.79912,0.92074,0.95675,0.97666,0.95313,0.1674,0.16312,0.7558,0.00700525,0.00700525,0.00700525
3027,4611.04,0.30171,0.25365,0.80911,0.91877,0.95012,0.97692,0.95515,0.16656,0.16202,0.75573,0.00700426,0.00700426,0.00700426
3028,4612.53,0.29155,0.25335,0.80388,0.9242,0.95622,0.97828,0.95529,0.1669,0.16247,0.75574,0.00700327,0.00700327,0.00700327
3029,4613.96,0.27874,0.24551,0.7996,0.92479,0.95892,0.97887,0.95653,0.1672,0.16238,0.75582,0.00700228,0.00700228,0.00700228
3030,4615.45,0.28545,0.24742,0.79957,0.92295,0.95438,0.97732,0.95418,0.16729,0.16232,0.75568,0.00700129,0.00700129,0.00700129
3031,4616.95,0.26593,0.23509,0.80041,0.92241,0.95623,0.97816,0.95688,0.16715,0.16242,0.75566,0.0070003,0.0070003,0.0070003
3032,4618.52,0.32245,0.26412,0.80932,0.92321,0.95648,0.97909,0.95753,0.16686,0.16243,0.75567,0.00699931,0.00699931,0.00699931
3033,4620.07,0.27568,0.25037,0.80262,0.92054,0.9554,0.97917,0.95926,0.16716,0.16307,0.7556,0.00699832,0.00699832,0.00699832
3034,4621.52,0.29621,0.25083,0.80412,0.92633,0.95688,0.98032,0.95858,0.16815,0.16323,0.7556,0.00699733,0.00699733,0.00699733
3035,4623.04,0.30486,0.26347,0.79713,0.92091,0.95154,0.98023,0.9571,0.16821,0.16317,0.75554,0.00699634,0.00699634,0.00699634
3036,4624.62,0.29827,0.25285,0.80576,0.91858,0.95343,0.97753,0.95492,0.16905,0.16381,0.7555,0.00699535,0.00699535,0.00699535
3037,4626.12,0.30162,0.25338,0.80863,0.92153,0.95139,0.97719,0.95566,0.16856,0.16252,0.75552,0.00699436,0.00699436,0.00699436
3038,4627.61,0.28707,0.24943,0.79595,0.92328,0.94779,0.97662,0.95405,0.16939,0.16269,0.75557,0.00699337,0.00699337,0.00699337
3039,4629,0.27992,0.24266,0.80652,0.92529,0.95075,0.97735,0.95269,0.17022,0.16236,0.75566,0.00699238,0.00699238,0.00699238
3040,4630.45,0.27874,0.24599,0.79953,0.92987,0.94654,0.97823,0.95617,0.1712,0.16215,0.75556,0.00699139,0.00699139,0.00699139
3041,4631.9,0.29907,0.2532,0.80118,0.92602,0.9468,0.97595,0.95164,0.16979,0.16128,0.75541,0.0069904,0.0069904,0.0069904
3042,4633.38,0.29772,0.2542,0.80753,0.92269,0.94993,0.97837,0.95545,0.16951,0.16132,0.75543,0.00698941,0.00698941,0.00698941
3043,4634.89,0.30563,0.24972,0.80149,0.92476,0.94736,0.97652,0.95341,0.16814,0.16052,0.75521,0.00698842,0.00698842,0.00698842
3044,4636.41,0.31151,0.25614,0.80499,0.91896,0.9529,0.97754,0.95314,0.16846,0.16055,0.75509,0.00698743,0.00698743,0.00698743
3045,4637.87,0.2908,0.2444,0.79994,0.91774,0.95008,0.97793,0.95609,0.16823,0.16024,0.75511,0.00698644,0.00698644,0.00698644
3046,4639.44,0.28493,0.24341,0.80598,0.91552,0.95142,0.97642,0.95363,0.16859,0.1613,0.75498,0.00698545,0.00698545,0.00698545
3047,4640.97,0.28067,0.24296,0.80145,0.91306,0.9489,0.97567,0.95204,0.17034,0.16185,0.75504,0.00698446,0.00698446,0.00698446
3048,4642.4,0.29773,0.25424,0.79812,0.93392,0.95009,0.97812,0.95753,0.16998,0.16197,0.75511,0.00698347,0.00698347,0.00698347
3049,4643.88,0.29002,0.24988,0.81006,0.92452,0.94845,0.97801,0.95573,0.16994,0.16235,0.75518,0.00698248,0.00698248,0.00698248
3050,4645.38,0.28713,0.25084,0.80306,0.92023,0.94931,0.97871,0.95813,0.17171,0.16354,0.75533,0.00698149,0.00698149,0.00698149
3051,4646.86,0.28983,0.24985,0.79943,0.91375,0.94714,0.97272,0.94908,0.17045,0.16264,0.75522,0.0069805,0.0069805,0.0069805
3052,4648.38,0.31062,0.2553,0.8104,0.91686,0.95628,0.97669,0.95326,0.17108,0.16289,0.75514,0.00697951,0.00697951,0.00697951
3053,4649.91,0.29099,0.25093,0.796,0.91568,0.95535,0.97518,0.95317,0.17235,0.16361,0.7553,0.00697852,0.00697852,0.00697852
3054,4651.34,0.29424,0.25081,0.80156,0.91709,0.9554,0.97815,0.95318,0.17144,0.16386,0.75528,0.00697753,0.00697753,0.00697753
3055,4652.82,0.30914,0.26748,0.80577,0.91824,0.94542,0.97574,0.95162,0.17242,0.16395,0.75531,0.00697654,0.00697654,0.00697654
3056,4654.35,0.29279,0.26291,0.79886,0.92758,0.94605,0.97587,0.95144,0.17276,0.16447,0.75531,0.00697555,0.00697555,0.00697555
3057,4655.95,0.30474,0.25862,0.80469,0.91655,0.94298,0.97434,0.95252,0.17226,0.16432,0.75541,0.00697456,0.00697456,0.00697456
3058,4657.42,0.29837,0.25706,0.80194,0.93014,0.94686,0.97691,0.95132,0.1719,0.16408,0.75564,0.00697357,0.00697357,0.00697357
3059,4658.85,0.28858,0.24819,0.79858,0.92607,0.94259,0.97595,0.95073,0.17216,0.16388,0.75572,0.00697258,0.00697258,0.00697258
3060,4660.37,0.30059,0.25108,0.79894,0.92637,0.94344,0.97959,0.95581,0.172,0.16412,0.75584,0.00697159,0.00697159,0.00697159
3061,4661.84,0.26294,0.23817,0.80122,0.92262,0.95059,0.97564,0.95044,0.17307,0.16483,0.75614,0.0069706,0.0069706,0.0069706
3062,4663.28,0.32017,0.26786,0.81392,0.92536,0.95071,0.97596,0.95026,0.17205,0.16443,0.75613,0.00696961,0.00696961,0.00696961
3063,4664.78,0.30608,0.25695,0.80928,0.92948,0.94877,0.97838,0.95454,0.17255,0.16484,0.75625,0.00696862,0.00696862,0.00696862
3064,4666.3,0.30598,0.26234,0.80474,0.92865,0.94957,0.97772,0.95195,0.17224,0.16557,0.75628,0.00696763,0.00696763,0.00696763
3065,4667.78,0.28218,0.25048,0.79532,0.92232,0.94832,0.97933,0.95594,0.17103,0.16464,0.75621,0.00696664,0.00696664,0.00696664
3066,4669.25,0.29223,0.25518,0.79643,0.92349,0.94734,0.9778,0.95258,0.17161,0.16432,0.75624,0.00696565,0.00696565,0.00696565
3067,4670.82,0.29277,0.25229,0.79529,0.92478,0.95572,0.97817,0.95527,0.17079,0.16304,0.75618,0.00696466,0.00696466,0.00696466
3068,4672.24,0.29334,0.25248,0.8061,0.91211,0.95373,0.97873,0.95601,0.16959,0.16215,0.75601,0.00696367,0.00696367,0.00696367
3069,4673.75,0.2926,0.2554,0.80199,0.91676,0.95193,0.9781,0.95361,0.16925,0.16236,0.75606,0.00696268,0.00696268,0.00696268
3070,4675.29,0.28162,0.24938,0.78963,0.91309,0.95467,0.97589,0.95187,0.16835,0.16155,0.75589,0.00696169,0.00696169,0.00696169
3071,4676.7,0.2978,0.25004,0.79614,0.92159,0.95545,0.97815,0.9544,0.16823,0.16208,0.75577,0.0069607,0.0069607,0.0069607
3072,4678.24,0.30914,0.26312,0.80146,0.9284,0.94869,0.97708,0.95171,0.16728,0.1618,0.75578,0.00695971,0.00695971,0.00695971
3073,4679.73,0.31764,0.2638,0.81726,0.93169,0.95239,0.97763,0.95263,0.16624,0.16196,0.75574,0.00695872,0.00695872,0.00695872
3074,4681.21,0.29593,0.25578,0.8049,0.92904,0.95309,0.97693,0.95107,0.16623,0.16159,0.75564,0.00695773,0.00695773,0.00695773
3075,4682.65,0.30537,0.25545,0.80283,0.92902,0.95204,0.97907,0.95446,0.16555,0.16159,0.75574,0.00695674,0.00695674,0.00695674
3076,4684.13,0.27875,0.24793,0.80359,0.92847,0.95334,0.97946,0.95395,0.16489,0.16088,0.75577,0.00695575,0.00695575,0.00695575
3077,4685.65,0.29652,0.25904,0.80212,0.92456,0.95463,0.98113,0.95664,0.16499,0.16062,0.75571,0.00695476,0.00695476,0.00695476
3078,4687.09,0.28256,0.25359,0.80527,0.93841,0.95253,0.97889,0.95266,0.16473,0.16066,0.75579,0.00695377,0.00695377,0.00695377
3079,4688.6,0.28537,0.25772,0.79775,0.93322,0.95169,0.9774,0.95515,0.16473,0.16141,0.75585,0.00695278,0.00695278,0.00695278
3080,4690.13,0.27856,0.24809,0.79942,0.93935,0.94981,0.9763,0.95541,0.16591,0.162,0.75578,0.00695179,0.00695179,0.00695179
3081,4691.63,0.30017,0.25055,0.79962,0.93664,0.95312,0.97988,0.95783,0.16493,0.16193,0.75588,0.0069508,0.0069508,0.0069508
3082,4693.07,0.28915,0.24512,0.81207,0.93727,0.95651,0.97969,0.95616,0.16455,0.16231,0.75591,0.00694981,0.00694981,0.00694981
3083,4694.56,0.2847,0.24965,0.8109,0.92946,0.95177,0.9781,0.95482,0.16538,0.16246,0.75589,0.00694882,0.00694882,0.00694882
3084,4696.08,0.28645,0.24815,0.80493,0.92882,0.95425,0.97677,0.95691,0.16481,0.16233,0.75603,0.00694783,0.00694783,0.00694783
3085,4697.54,0.29508,0.24763,0.80997,0.9312,0.95467,0.97855,0.95756,0.16505,0.16166,0.75612,0.00694684,0.00694684,0.00694684
3086,4699.08,0.30078,0.25248,0.80468,0.93134,0.95642,0.98001,0.958,0.1642,0.16127,0.756,0.00694585,0.00694585,0.00694585
3087,4700.62,0.27751,0.2494,0.80058,0.93738,0.95599,0.98084,0.95807,0.16525,0.16233,0.75616,0.00694486,0.00694486,0.00694486
3088,4702.11,0.31869,0.25721,0.80843,0.91609,0.95745,0.97931,0.95808,0.16504,0.16162,0.75622,0.00694387,0.00694387,0.00694387
3089,4703.54,0.29562,0.24417,0.80599,0.92701,0.95453,0.98027,0.95691,0.16402,0.16209,0.75611,0.00694288,0.00694288,0.00694288
3090,4704.98,0.27866,0.24541,0.79595,0.92397,0.95271,0.98081,0.95758,0.16458,0.16255,0.75612,0.00694189,0.00694189,0.00694189
3091,4706.46,0.29512,0.24912,0.80348,0.92377,0.95665,0.98046,0.95767,0.16596,0.16301,0.75604,0.0069409,0.0069409,0.0069409
3092,4707.9,0.2762,0.24409,0.79172,0.91057,0.95975,0.97917,0.9584,0.16507,0.1627,0.75587,0.00693991,0.00693991,0.00693991
3093,4709.4,0.29359,0.2523,0.79592,0.91706,0.9608,0.98243,0.95953,0.16521,0.16312,0.75589,0.00693892,0.00693892,0.00693892
3094,4710.89,0.28414,0.24108,0.80042,0.92724,0.95564,0.97842,0.95683,0.16548,0.16308,0.75586,0.00693793,0.00693793,0.00693793
3095,4712.33,0.30641,0.25681,0.80865,0.92881,0.95582,0.97881,0.95742,0.16455,0.16279,0.75577,0.00693694,0.00693694,0.00693694
3096,4713.89,0.28019,0.24276,0.79591,0.92698,0.95895,0.97852,0.9566,0.16519,0.16221,0.75572,0.00693595,0.00693595,0.00693595
3097,4715.53,0.28041,0.24363,0.7981,0.91975,0.95813,0.97764,0.95643,0.1645,0.16158,0.75551,0.00693496,0.00693496,0.00693496
3098,4717.03,0.30296,0.25125,0.79896,0.92463,0.95999,0.97941,0.95646,0.16323,0.16132,0.75538,0.00693397,0.00693397,0.00693397
3099,4718.51,0.29929,0.25625,0.79698,0.92283,0.95896,0.97905,0.95964,0.16398,0.16115,0.7553,0.00693298,0.00693298,0.00693298
3100,4719.97,0.3023,0.25228,0.79935,0.91989,0.95667,0.97662,0.95634,0.16356,0.1613,0.75494,0.00693199,0.00693199,0.00693199
3101,4721.42,0.29022,0.25119,0.7969,0.9175,0.96075,0.97633,0.95641,0.16378,0.16211,0.75474,0.006931,0.006931,0.006931
3102,4722.84,0.29737,0.25332,0.79634,0.92216,0.95906,0.9798,0.96132,0.16417,0.16207,0.75481,0.00693001,0.00693001,0.00693001
3103,4724.37,0.28049,0.24549,0.79608,0.92558,0.96041,0.98091,0.96035,0.16491,0.16239,0.75481,0.00692902,0.00692902,0.00692902
3104,4725.82,0.29613,0.25302,0.79968,0.92027,0.95912,0.98062,0.96017,0.16437,0.16218,0.75469,0.00692803,0.00692803,0.00692803
3105,4727.28,0.31997,0.2609,0.80282,0.91963,0.9572,0.97915,0.95859,0.1649,0.16265,0.75477,0.00692704,0.00692704,0.00692704
3106,4728.85,0.28853,0.2525,0.79679,0.91958,0.95724,0.97976,0.95936,0.16378,0.16135,0.75452,0.00692605,0.00692605,0.00692605
3107,4730.47,0.29924,0.24874,0.80578,0.92495,0.95854,0.98075,0.96087,0.16294,0.16089,0.75433,0.00692506,0.00692506,0.00692506
3108,4732,0.28973,0.23966,0.80488,0.9254,0.95985,0.98214,0.96116,0.16327,0.16027,0.75449,0.00692407,0.00692407,0.00692407
3109,4733.49,0.27919,0.24003,0.80406,0.92105,0.95601,0.97898,0.9577,0.16355,0.15983,0.75448,0.00692308,0.00692308,0.00692308
3110,4735.01,0.28839,0.2444,0.79817,0.92586,0.95696,0.9805,0.95976,0.16236,0.15904,0.75434,0.00692209,0.00692209,0.00692209
3111,4736.49,0.2765,0.23938,0.80356,0.92769,0.95527,0.98034,0.95872,0.16406,0.15963,0.75442,0.0069211,0.0069211,0.0069211
3112,4738.01,0.30503,0.2513,0.8034,0.91802,0.95488,0.98025,0.95956,0.16422,0.15878,0.75441,0.00692011,0.00692011,0.00692011
3113,4739.49,0.28064,0.24854,0.79765,0.92523,0.95421,0.98084,0.96117,0.16359,0.15846,0.75445,0.00691912,0.00691912,0.00691912
3114,4740.96,0.28907,0.25199,0.79913,0.92163,0.95183,0.97871,0.95721,0.1647,0.1585,0.75455,0.00691813,0.00691813,0.00691813
3115,4742.42,0.27699,0.24237,0.8039,0.92265,0.95564,0.97974,0.95699,0.16466,0.15841,0.75477,0.00691714,0.00691714,0.00691714
3116,4743.99,0.2821,0.24479,0.79671,0.9231,0.95172,0.9773,0.95627,0.16404,0.15853,0.75479,0.00691615,0.00691615,0.00691615
3117,4745.5,0.28427,0.24528,0.8033,0.92229,0.95056,0.97961,0.95473,0.16411,0.15856,0.75491,0.00691516,0.00691516,0.00691516
3118,4747.04,0.28234,0.24592,0.8037,0.92522,0.95475,0.98152,0.96016,0.16386,0.15855,0.75497,0.00691417,0.00691417,0.00691417
3119,4748.56,0.28123,0.24439,0.79625,0.92946,0.95356,0.98035,0.95734,0.16341,0.15861,0.75496,0.00691318,0.00691318,0.00691318
3120,4750,0.28589,0.24795,0.80562,0.92122,0.95324,0.98106,0.95657,0.16394,0.15939,0.75503,0.00691219,0.00691219,0.00691219
3121,4751.53,0.27825,0.25368,0.79756,0.92563,0.9551,0.98058,0.95695,0.16446,0.15922,0.75517,0.0069112,0.0069112,0.0069112
3122,4752.98,0.26303,0.23989,0.80206,0.93051,0.95622,0.98251,0.95921,0.1639,0.15933,0.75508,0.00691021,0.00691021,0.00691021
3123,4754.48,0.28664,0.24694,0.80195,0.93485,0.95515,0.98258,0.96197,0.16426,0.15949,0.75516,0.00690922,0.00690922,0.00690922
3124,4755.99,0.29582,0.24764,0.80735,0.92625,0.95124,0.97908,0.95842,0.16491,0.16016,0.75524,0.00690823,0.00690823,0.00690823
3125,4757.5,0.29141,0.24303,0.79962,0.92333,0.95322,0.97996,0.95904,0.16329,0.15975,0.75501,0.00690724,0.00690724,0.00690724
3126,4759.07,0.28672,0.24761,0.79444,0.92792,0.95216,0.9777,0.95761,0.16534,0.16069,0.75532,0.00690625,0.00690625,0.00690625
3127,4760.64,0.26622,0.24371,0.80074,0.91994,0.95486,0.97914,0.95768,0.16637,0.16162,0.75525,0.00690526,0.00690526,0.00690526
3128,4762.1,0.29944,0.2473,0.80565,0.92379,0.9555,0.97887,0.95738,0.1647,0.16168,0.75506,0.00690427,0.00690427,0.00690427
3129,4763.61,0.27234,0.23429,0.79631,0.93764,0.9567,0.97995,0.95593,0.16795,0.16238,0.75529,0.00690328,0.00690328,0.00690328
3130,4765.16,0.2983,0.24795,0.80289,0.93106,0.96207,0.97786,0.95422,0.16865,0.16225,0.75523,0.00690229,0.00690229,0.00690229
3131,4766.6,0.27919,0.24345,0.80197,0.93106,0.95968,0.97734,0.95762,0.16545,0.16072,0.75493,0.0069013,0.0069013,0.0069013
3132,4768.06,0.29747,0.25058,0.80082,0.93283,0.95993,0.97736,0.95576,0.16641,0.16094,0.75495,0.00690031,0.00690031,0.00690031
3133,4769.52,0.29004,0.24762,0.79144,0.9345,0.9597,0.97804,0.95726,0.16517,0.15998,0.75466,0.00689932,0.00689932,0.00689932
3134,4771.03,0.2798,0.25009,0.80481,0.92598,0.95952,0.97804,0.95645,0.16344,0.16001,0.75443,0.00689833,0.00689833,0.00689833
3135,4772.44,0.29608,0.26121,0.80694,0.93075,0.96326,0.97902,0.95771,0.1645,0.16018,0.75443,0.00689734,0.00689734,0.00689734
3136,4773.96,0.28909,0.25128,0.79887,0.91827,0.96633,0.97814,0.95621,0.1649,0.16077,0.75418,0.00689635,0.00689635,0.00689635
3137,4775.49,0.27792,0.25433,0.79765,0.91437,0.96612,0.9783,0.95781,0.16357,0.1605,0.75402,0.00689536,0.00689536,0.00689536
3138,4776.94,0.30032,0.26496,0.80613,0.92447,0.96592,0.9787,0.95705,0.16409,0.16101,0.75404,0.00689437,0.00689437,0.00689437
3139,4778.48,0.27294,0.24939,0.80085,0.92588,0.96174,0.97784,0.9575,0.1627,0.16082,0.75414,0.00689338,0.00689338,0.00689338
3140,4779.96,0.28999,0.24881,0.80786,0.9217,0.96286,0.97997,0.96035,0.16213,0.16079,0.75405,0.00689239,0.00689239,0.00689239
3141,4781.41,0.27139,0.24763,0.79698,0.92268,0.95917,0.97845,0.95827,0.16131,0.15998,0.75424,0.0068914,0.0068914,0.0068914
3142,4782.88,0.31315,0.27341,0.80333,0.92637,0.96074,0.98079,0.95652,0.16109,0.15978,0.75435,0.00689041,0.00689041,0.00689041
3143,4784.34,0.26669,0.24448,0.79891,0.92613,0.95944,0.97992,0.95893,0.16257,0.15971,0.75442,0.00688942,0.00688942,0.00688942
3144,4785.84,0.28113,0.25174,0.79939,0.9265,0.9608,0.97979,0.9579,0.16138,0.15923,0.75444,0.00688843,0.00688843,0.00688843
3145,4787.36,0.27423,0.24228,0.80012,0.93265,0.96035,0.98134,0.95787,0.16124,0.15934,0.75439,0.00688744,0.00688744,0.00688744
3146,4788.82,0.28411,0.24817,0.80025,0.93138,0.9595,0.97761,0.95432,0.16142,0.15902,0.75447,0.00688645,0.00688645,0.00688645
3147,4790.5,0.29959,0.26019,0.79963,0.93647,0.96113,0.97894,0.95464,0.16117,0.15893,0.75459,0.00688546,0.00688546,0.00688546
3148,4792.03,0.27645,0.24907,0.80039,0.9233,0.9608,0.97748,0.95216,0.16132,0.15884,0.7547,0.00688447,0.00688447,0.00688447
3149,4793.54,0.27506,0.25159,0.79654,0.92738,0.96134,0.97537,0.95372,0.16058,0.1585,0.75469,0.00688348,0.00688348,0.00688348
3150,4795.05,0.28434,0.25084,0.79851,0.92725,0.96139,0.98034,0.95727,0.16129,0.15923,0.75476,0.00688249,0.00688249,0.00688249
3151,4796.51,0.26304,0.23803,0.79655,0.93461,0.95887,0.98206,0.95792,0.16107,0.15807,0.75483,0.0068815,0.0068815,0.0068815
3152,4798.02,0.30558,0.25978,0.79732,0.93476,0.95789,0.98019,0.95752,0.15938,0.15745,0.75481,0.00688051,0.00688051,0.00688051
3153,4799.54,0.28559,0.25382,0.80024,0.93259,0.9557,0.98026,0.95755,0.16113,0.15794,0.75489,0.00687952,0.00687952,0.00687952
3154,4801.05,0.2803,0.24789,0.79991,0.93222,0.95531,0.98031,0.96147,0.16184,0.15808,0.75496,0.00687853,0.00687853,0.00687853
3155,4802.46,0.27801,0.24658,0.80469,0.93009,0.95185,0.97812,0.95393,0.15921,0.15648,0.75482,0.00687754,0.00687754,0.00687754
3156,4804.02,0.28695,0.2513,0.7927,0.93356,0.9525,0.98046,0.95773,0.16015,0.15684,0.75493,0.00687655,0.00687655,0.00687655
3157,4805.62,0.30877,0.26825,0.79559,0.93699,0.95548,0.98171,0.95692,0.16026,0.15621,0.75502,0.00687556,0.00687556,0.00687556
3158,4807.06,0.2631,0.24013,0.7946,0.93011,0.94892,0.97858,0.9536,0.16041,0.15642,0.75496,0.00687457,0.00687457,0.00687457
3159,4808.59,0.27705,0.24459,0.7982,0.93038,0.94837,0.98134,0.95873,0.16068,0.15674,0.75493,0.00687358,0.00687358,0.00687358
3160,4810.12,0.28477,0.25417,0.80174,0.93017,0.95579,0.98125,0.95585,0.16105,0.157,0.75511,0.00687259,0.00687259,0.00687259
3161,4811.64,0.30776,0.2653,0.80322,0.92722,0.95054,0.97908,0.95388,0.16139,0.15825,0.75515,0.0068716,0.0068716,0.0068716
3162,4813.07,0.29967,0.25239,0.80938,0.93505,0.94941,0.98063,0.95811,0.1612,0.15804,0.75511,0.00687061,0.00687061,0.00687061
3163,4814.64,0.29879,0.25885,0.8029,0.93646,0.95355,0.98409,0.95924,0.16101,0.15849,0.75494,0.00686962,0.00686962,0.00686962
3164,4816.12,0.27649,0.25069,0.80019,0.92706,0.95753,0.9815,0.95671,0.16207,0.16011,0.75489,0.00686863,0.00686863,0.00686863
3165,4817.56,0.30096,0.25485,0.80083,0.93338,0.95423,0.98158,0.95805,0.16133,0.15872,0.75487,0.00686764,0.00686764,0.00686764
3166,4819.09,0.28959,0.25011,0.79687,0.92959,0.96007,0.98078,0.95942,0.16109,0.1585,0.75474,0.00686665,0.00686665,0.00686665
3167,4820.58,0.27001,0.24298,0.79551,0.93164,0.95896,0.9809,0.96115,0.16142,0.15914,0.75465,0.00686566,0.00686566,0.00686566
3168,4822.04,0.26465,0.24097,0.79686,0.93612,0.96083,0.98234,0.9617,0.16098,0.15852,0.75464,0.00686467,0.00686467,0.00686467
3169,4823.5,0.28253,0.24843,0.7952,0.92734,0.95552,0.98007,0.9567,0.16102,0.15841,0.75471,0.00686368,0.00686368,0.00686368
3170,4825.02,0.31763,0.26177,0.81219,0.92125,0.95636,0.97975,0.95751,0.16103,0.15811,0.75465,0.00686269,0.00686269,0.00686269
3171,4826.46,0.30491,0.25923,0.80681,0.93232,0.96076,0.98218,0.95959,0.16109,0.15744,0.75481,0.0068617,0.0068617,0.0068617
3172,4828.01,0.30421,0.26178,0.80614,0.92716,0.96359,0.98175,0.95875,0.16023,0.15653,0.75469,0.00686071,0.00686071,0.00686071
3173,4829.48,0.28338,0.24745,0.80451,0.92736,0.96293,0.98245,0.96017,0.15959,0.15591,0.75453,0.00685972,0.00685972,0.00685972
3174,4830.94,0.2716,0.24025,0.79828,0.92286,0.96323,0.98219,0.95903,0.15947,0.15609,0.75455,0.00685873,0.00685873,0.00685873
3175,4832.42,0.29548,0.25412,0.80018,0.93081,0.96029,0.98167,0.96141,0.1588,0.15582,0.75437,0.00685774,0.00685774,0.00685774
3176,4833.93,0.26893,0.2387,0.79057,0.93434,0.95827,0.98231,0.95946,0.15905,0.1563,0.7543,0.00685675,0.00685675,0.00685675
3177,4835.48,0.28595,0.24134,0.79975,0.93502,0.95737,0.98256,0.96008,0.15822,0.15521,0.75439,0.00685576,0.00685576,0.00685576
3178,4837.02,0.29547,0.24752,0.80666,0.93814,0.95485,0.98123,0.95968,0.15833,0.15586,0.75447,0.00685477,0.00685477,0.00685477
3179,4838.46,0.27033,0.23974,0.7996,0.93748,0.95255,0.98154,0.95907,0.16014,0.15682,0.75463,0.00685378,0.00685378,0.00685378
3180,4839.96,0.29408,0.24804,0.80685,0.93566,0.95632,0.98171,0.95977,0.15858,0.15578,0.7546,0.00685279,0.00685279,0.00685279
3181,4841.43,0.28755,0.23993,0.80074,0.93575,0.95831,0.98207,0.96085,0.15902,0.15599,0.75459,0.0068518,0.0068518,0.0068518
3182,4842.91,0.30844,0.25003,0.80375,0.93676,0.95763,0.98269,0.96037,0.15992,0.1564,0.75467,0.00685081,0.00685081,0.00685081
3183,4844.35,0.29848,0.25752,0.79905,0.93855,0.96114,0.98289,0.96101,0.15948,0.15598,0.75456,0.00684982,0.00684982,0.00684982
3184,4845.86,0.29365,0.25256,0.79738,0.93453,0.95683,0.98382,0.96399,0.15854,0.15579,0.7543,0.00684883,0.00684883,0.00684883
3185,4847.32,0.2916,0.24261,0.79652,0.93716,0.95358,0.98339,0.96273,0.15872,0.15645,0.75436,0.00684784,0.00684784,0.00684784
3186,4848.83,0.28163,0.24228,0.7998,0.93652,0.95462,0.98366,0.96421,0.15888,0.15681,0.75414,0.00684685,0.00684685,0.00684685
3187,4850.38,0.27901,0.23972,0.79754,0.93818,0.95746,0.98271,0.96001,0.15958,0.15756,0.75403,0.00684586,0.00684586,0.00684586
3188,4851.9,0.27805,0.2395,0.80513,0.93171,0.9598,0.97998,0.95959,0.15823,0.15735,0.75397,0.00684487,0.00684487,0.00684487
3189,4853.39,0.26871,0.24079,0.79347,0.93527,0.95216,0.98289,0.96217,0.15866,0.15796,0.75384,0.00684388,0.00684388,0.00684388
3190,4854.91,0.28227,0.24344,0.80032,0.93224,0.96241,0.98163,0.96086,0.15857,0.15788,0.75378,0.00684289,0.00684289,0.00684289
3191,4856.43,0.30787,0.25694,0.8015,0.93615,0.95115,0.98241,0.96202,0.15795,0.15788,0.75382,0.0068419,0.0068419,0.0068419
3192,4857.95,0.27204,0.24325,0.79574,0.93288,0.95208,0.98065,0.96104,0.15848,0.15833,0.75377,0.00684091,0.00684091,0.00684091
3193,4859.51,0.29596,0.25408,0.8025,0.93779,0.95526,0.98272,0.9621,0.1589,0.15897,0.75395,0.00683992,0.00683992,0.00683992
3194,4860.95,0.30407,0.2537,0.80426,0.93283,0.95501,0.98093,0.95973,0.15875,0.15877,0.75399,0.00683893,0.00683893,0.00683893
3195,4862.4,0.2995,0.25571,0.79771,0.92761,0.95746,0.98242,0.9613,0.15897,0.15902,0.75396,0.00683794,0.00683794,0.00683794
3196,4863.94,0.2993,0.25149,0.79412,0.93181,0.95718,0.98272,0.96125,0.1596,0.15854,0.75393,0.00683695,0.00683695,0.00683695
3197,4865.66,0.292,0.24704,0.80265,0.93107,0.95589,0.9822,0.96071,0.16,0.15861,0.75384,0.00683596,0.00683596,0.00683596
3198,4867.2,0.28852,0.25143,0.80578,0.93858,0.95668,0.98364,0.96397,0.16032,0.15884,0.75385,0.00683497,0.00683497,0.00683497
3199,4868.69,0.28342,0.24483,0.79292,0.94183,0.95272,0.98384,0.96367,0.15997,0.15836,0.75379,0.00683398,0.00683398,0.00683398
3200,4870.2,0.28603,0.24233,0.79678,0.94,0.95322,0.98249,0.9627,0.16047,0.15849,0.7538,0.00683299,0.00683299,0.00683299
3201,4871.67,0.28022,0.23745,0.80623,0.94321,0.95325,0.98298,0.96219,0.16045,0.15848,0.7538,0.006832,0.006832,0.006832
3202,4873.13,0.28337,0.2469,0.79927,0.941,0.95337,0.98232,0.96165,0.16082,0.15878,0.7539,0.00683101,0.00683101,0.00683101
3203,4874.55,0.28666,0.24169,0.79829,0.93239,0.95418,0.98057,0.96124,0.16068,0.15912,0.75383,0.00683002,0.00683002,0.00683002
3204,4876.04,0.29217,0.25283,0.79689,0.93429,0.95593,0.98187,0.96048,0.16124,0.15895,0.75391,0.00682903,0.00682903,0.00682903
3205,4877.58,0.29191,0.24879,0.7949,0.92423,0.95335,0.98125,0.96184,0.16227,0.15951,0.75404,0.00682804,0.00682804,0.00682804
3206,4879.03,0.27063,0.2345,0.79601,0.92779,0.95187,0.98006,0.95799,0.16231,0.15946,0.75407,0.00682705,0.00682705,0.00682705
3207,4880.61,0.27865,0.24793,0.79615,0.92134,0.95256,0.97878,0.95722,0.16273,0.15995,0.75411,0.00682606,0.00682606,0.00682606
3208,4882.15,0.28841,0.24957,0.79852,0.91995,0.9523,0.97741,0.95452,0.16286,0.15972,0.75413,0.00682507,0.00682507,0.00682507
3209,4883.6,0.27494,0.23785,0.79531,0.92156,0.95375,0.97806,0.95761,0.16342,0.15949,0.75412,0.00682408,0.00682408,0.00682408
3210,4885.07,0.30727,0.25318,0.79391,0.91993,0.95233,0.97822,0.95523,0.16351,0.15933,0.75417,0.00682309,0.00682309,0.00682309
3211,4886.57,0.2941,0.25212,0.79427,0.91817,0.95349,0.97698,0.95485,0.16439,0.16034,0.75419,0.0068221,0.0068221,0.0068221
3212,4888.09,0.27619,0.24676,0.79616,0.92124,0.95312,0.97701,0.95597,0.16439,0.16024,0.75419,0.00682111,0.00682111,0.00682111
3213,4889.55,0.295,0.24494,0.808,0.92121,0.95535,0.97576,0.95499,0.16456,0.16034,0.7542,0.00682012,0.00682012,0.00682012
3214,4891.03,0.2702,0.24294,0.79846,0.93065,0.95194,0.97945,0.95739,0.16627,0.16147,0.7541,0.00681913,0.00681913,0.00681913
3215,4892.5,0.29962,0.25451,0.79468,0.92567,0.95052,0.97675,0.95605,0.16605,0.16138,0.75401,0.00681814,0.00681814,0.00681814
3216,4894,0.28029,0.24094,0.80341,0.92329,0.94851,0.97848,0.9549,0.16674,0.16117,0.7541,0.00681715,0.00681715,0.00681715
3217,4895.58,0.27655,0.24554,0.79619,0.92965,0.94783,0.97852,0.9561,0.16605,0.16196,0.75394,0.00681616,0.00681616,0.00681616
3218,4897.22,0.29253,0.25022,0.80007,0.93326,0.94676,0.97948,0.95668,0.16447,0.16092,0.75386,0.00681517,0.00681517,0.00681517
3219,4898.66,0.2738,0.23728,0.79833,0.93241,0.94988,0.9787,0.95865,0.16475,0.16114,0.75391,0.00681418,0.00681418,0.00681418
3220,4900.18,0.27504,0.23616,0.79921,0.93573,0.94996,0.98068,0.9604,0.16367,0.16078,0.75406,0.00681319,0.00681319,0.00681319
3221,4901.7,0.28729,0.24546,0.80137,0.93214,0.94845,0.97934,0.95792,0.16309,0.15991,0.75406,0.0068122,0.0068122,0.0068122
3222,4903.19,0.30875,0.25677,0.79813,0.93457,0.94949,0.98021,0.95996,0.1636,0.16039,0.75401,0.00681121,0.00681121,0.00681121
3223,4904.66,0.27054,0.23961,0.80014,0.93226,0.9475,0.97972,0.96117,0.16434,0.1609,0.75399,0.00681022,0.00681022,0.00681022
3224,4906.1,0.29347,0.24934,0.79732,0.93482,0.94778,0.97978,0.95979,0.1635,0.16028,0.75404,0.00680923,0.00680923,0.00680923
3225,4907.58,0.29306,0.25736,0.80319,0.92849,0.94729,0.9801,0.95732,0.16453,0.16027,0.75411,0.00680824,0.00680824,0.00680824
3226,4909.15,0.30169,0.25345,0.8033,0.93457,0.95348,0.98211,0.96055,0.16384,0.1603,0.75425,0.00680725,0.00680725,0.00680725
3227,4910.63,0.28417,0.25392,0.79542,0.93238,0.95683,0.97994,0.96084,0.16358,0.16004,0.75424,0.00680626,0.00680626,0.00680626
3228,4912.09,0.29644,0.24713,0.80472,0.93181,0.95983,0.98331,0.96239,0.163,0.16002,0.75424,0.00680527,0.00680527,0.00680527
3229,4913.57,0.2869,0.25016,0.80348,0.92823,0.96382,0.98286,0.96266,0.16181,0.15951,0.75417,0.00680428,0.00680428,0.00680428
3230,4914.98,0.2707,0.24487,0.79832,0.92022,0.96501,0.98012,0.95806,0.16289,0.16024,0.75407,0.00680329,0.00680329,0.00680329
3231,4916.36,0.28079,0.25459,0.79943,0.91739,0.96482,0.98136,0.95966,0.16185,0.1597,0.75401,0.0068023,0.0068023,0.0068023
3232,4917.77,0.29794,0.25446,0.80152,0.91515,0.96627,0.98321,0.96102,0.16141,0.15911,0.75403,0.00680131,0.00680131,0.00680131
3233,4919.17,0.26196,0.23615,0.79874,0.91267,0.96748,0.98176,0.95978,0.16107,0.15899,0.75404,0.00680032,0.00680032,0.00680032
3234,4920.59,0.28937,0.25169,0.80591,0.91108,0.9677,0.9828,0.96134,0.15983,0.15814,0.75409,0.00679933,0.00679933,0.00679933
3235,4922.03,0.28376,0.24902,0.80889,0.90798,0.96704,0.98264,0.96275,0.15826,0.15738,0.75412,0.00679834,0.00679834,0.00679834
3236,4923.42,0.27073,0.23295,0.81033,0.91811,0.96922,0.98403,0.96255,0.15804,0.15709,0.7542,0.00679735,0.00679735,0.00679735
3237,4924.87,0.28136,0.23658,0.80289,0.91302,0.96634,0.9816,0.96087,0.15755,0.15672,0.75418,0.00679636,0.00679636,0.00679636
3238,4926.34,0.28834,0.249,0.80586,0.90883,0.96421,0.98162,0.96089,0.15761,0.15649,0.75423,0.00679537,0.00679537,0.00679537
3239,4927.77,0.27374,0.24955,0.7919,0.91627,0.96373,0.9827,0.96168,0.15762,0.15624,0.75421,0.00679438,0.00679438,0.00679438
3240,4929.19,0.29068,0.25145,0.80882,0.91777,0.96127,0.98134,0.96068,0.15771,0.15628,0.75419,0.00679339,0.00679339,0.00679339
3241,4930.59,0.28639,0.25177,0.8031,0.92593,0.96027,0.98239,0.96062,0.1591,0.15713,0.75414,0.0067924,0.0067924,0.0067924
3242,4932,0.28085,0.25014,0.80073,0.92737,0.95895,0.98203,0.96159,0.1602,0.15783,0.75417,0.00679141,0.00679141,0.00679141
3243,4933.48,0.28105,0.24186,0.7961,0.93351,0.95888,0.98103,0.95955,0.16039,0.15786,0.75419,0.00679042,0.00679042,0.00679042
3244,4934.98,0.26734,0.23916,0.79792,0.93517,0.9572,0.98163,0.95884,0.16082,0.15741,0.75422,0.00678943,0.00678943,0.00678943
3245,4936.42,0.26903,0.24212,0.80011,0.93381,0.955,0.97891,0.95807,0.16152,0.15809,0.75428,0.00678844,0.00678844,0.00678844
3246,4937.9,0.28292,0.2467,0.79647,0.92519,0.95384,0.97826,0.95609,0.16101,0.15754,0.75427,0.00678745,0.00678745,0.00678745
3247,4939.43,0.26612,0.24163,0.79841,0.92938,0.95344,0.97949,0.95795,0.16169,0.15811,0.75425,0.00678646,0.00678646,0.00678646
3248,4940.99,0.28243,0.24528,0.79527,0.93287,0.9535,0.97868,0.9561,0.16244,0.15881,0.7542,0.00678547,0.00678547,0.00678547
3249,4942.47,0.27829,0.24824,0.79102,0.93575,0.95736,0.98022,0.95877,0.16164,0.15802,0.75417,0.00678448,0.00678448,0.00678448
3250,4944.02,0.28796,0.25303,0.79483,0.93158,0.95739,0.9796,0.95794,0.16135,0.158,0.75417,0.00678349,0.00678349,0.00678349
3251,4945.49,0.27679,0.24798,0.79591,0.93365,0.95827,0.98158,0.95904,0.16158,0.15779,0.75433,0.0067825,0.0067825,0.0067825
3252,4946.94,0.25409,0.23216,0.79626,0.92992,0.95847,0.98144,0.95763,0.16073,0.15751,0.75425,0.00678151,0.00678151,0.00678151
3253,4948.46,0.26702,0.24231,0.79489,0.93268,0.9602,0.98194,0.95857,0.16092,0.1572,0.75433,0.00678052,0.00678052,0.00678052
3254,4949.97,0.29543,0.25915,0.80188,0.93874,0.96086,0.98288,0.95971,0.16135,0.15717,0.75447,0.00677953,0.00677953,0.00677953
3255,4951.41,0.27988,0.24901,0.80131,0.93232,0.95801,0.98028,0.95805,0.16126,0.15682,0.75439,0.00677854,0.00677854,0.00677854
3256,4952.91,0.30192,0.2527,0.80526,0.92679,0.95796,0.98051,0.95876,0.16204,0.15729,0.75453,0.00677755,0.00677755,0.00677755
3257,4954.38,0.27233,0.23826,0.80384,0.92387,0.95779,0.98059,0.96012,0.16175,0.15749,0.75461,0.00677656,0.00677656,0.00677656
3258,4955.89,0.2875,0.24989,0.7953,0.93045,0.96007,0.98111,0.95786,0.16205,0.15761,0.75461,0.00677557,0.00677557,0.00677557
3259,4957.43,0.28568,0.24333,0.8094,0.93472,0.95845,0.98299,0.95891,0.16203,0.15827,0.7547,0.00677458,0.00677458,0.00677458
3260,4958.92,0.28025,0.24923,0.80087,0.93369,0.95989,0.98354,0.96,0.16148,0.15791,0.75474,0.00677359,0.00677359,0.00677359
3261,4960.42,0.28958,0.25042,0.79857,0.93253,0.95931,0.98163,0.95863,0.16095,0.15785,0.7547,0.0067726,0.0067726,0.0067726
3262,4961.95,0.26906,0.2401,0.79543,0.92873,0.96265,0.98029,0.95753,0.16111,0.15757,0.75481,0.00677161,0.00677161,0.00677161
3263,4963.43,0.30006,0.2536,0.80126,0.93375,0.95838,0.98167,0.95882,0.16046,0.15668,0.75492,0.00677062,0.00677062,0.00677062
3264,4964.87,0.3077,0.25884,0.81082,0.92953,0.95857,0.97964,0.95705,0.16165,0.15747,0.75493,0.00676963,0.00676963,0.00676963
3265,4966.39,0.28633,0.25119,0.80227,0.92769,0.95676,0.97698,0.95396,0.16107,0.15737,0.75488,0.00676864,0.00676864,0.00676864
3266,4967.86,0.28857,0.25313,0.80794,0.9272,0.95456,0.97786,0.95258,0.15983,0.15652,0.75492,0.00676765,0.00676765,0.00676765
3267,4969.28,0.28558,0.2386,0.80443,0.92765,0.95463,0.97809,0.95542,0.16103,0.15724,0.75495,0.00676666,0.00676666,0.00676666
3268,4970.88,0.30419,0.25526,0.80238,0.9309,0.95288,0.98246,0.95657,0.16068,0.15704,0.75491,0.00676567,0.00676567,0.00676567
3269,4972.36,0.27539,0.24009,0.79774,0.93418,0.94946,0.98074,0.95867,0.1609,0.15712,0.75501,0.00676468,0.00676468,0.00676468
3270,4973.9,0.28474,0.24516,0.79459,0.93473,0.9535,0.98335,0.9611,0.16011,0.15704,0.75489,0.00676369,0.00676369,0.00676369
3271,4975.38,0.30014,0.25518,0.79484,0.93538,0.95398,0.98141,0.96012,0.15913,0.15592,0.75484,0.0067627,0.0067627,0.0067627
3272,4976.87,0.27926,0.24438,0.79903,0.93458,0.95236,0.98051,0.95607,0.15942,0.15604,0.75499,0.00676171,0.00676171,0.00676171
3273,4978.35,0.29413,0.24552,0.79645,0.93702,0.95253,0.9806,0.9618,0.15826,0.15567,0.75482,0.00676072,0.00676072,0.00676072
3274,4979.91,0.27513,0.23855,0.79883,0.93902,0.95313,0.98085,0.96096,0.15733,0.1549,0.75468,0.00675973,0.00675973,0.00675973
3275,4981.4,0.29118,0.2533,0.801,0.93948,0.95524,0.9815,0.96,0.15796,0.15488,0.75473,0.00675874,0.00675874,0.00675874
3276,4982.85,0.27568,0.23763,0.80114,0.93588,0.95358,0.98079,0.95857,0.15669,0.15497,0.7545,0.00675775,0.00675775,0.00675775
3277,4984.36,0.29237,0.25622,0.8014,0.93922,0.95352,0.98232,0.96178,0.15704,0.15537,0.75433,0.00675676,0.00675676,0.00675676
3278,4985.95,0.28644,0.25041,0.79441,0.93322,0.95334,0.98232,0.96205,0.15624,0.15491,0.75415,0.00675577,0.00675577,0.00675577
3279,4987.45,0.28161,0.24237,0.79856,0.93236,0.95256,0.98215,0.96073,0.15684,0.15532,0.75408,0.00675478,0.00675478,0.00675478
3280,4988.95,0.27836,0.25071,0.79193,0.93339,0.95454,0.98143,0.95864,0.15686,0.15556,0.75387,0.00675379,0.00675379,0.00675379
3281,4990.48,0.28715,0.24987,0.79404,0.93561,0.95669,0.98173,0.95848,0.15579,0.15478,0.75377,0.0067528,0.0067528,0.0067528
3282,4991.97,0.29903,0.25714,0.80052,0.93481,0.95839,0.98164,0.95873,0.15635,0.15517,0.75377,0.00675181,0.00675181,0.00675181
3283,4993.47,0.27824,0.2416,0.79402,0.92643,0.95863,0.98111,0.95955,0.15557,0.1549,0.75375,0.00675082,0.00675082,0.00675082
3284,4994.94,0.26717,0.23656,0.80143,0.93062,0.95929,0.98212,0.95957,0.15411,0.15401,0.75373,0.00674983,0.00674983,0.00674983
3285,4996.41,0.26242,0.23779,0.79382,0.92605,0.95806,0.98077,0.95934,0.15456,0.15403,0.7537,0.00674884,0.00674884,0.00674884
3286,4997.91,0.28737,0.2453,0.79546,0.92976,0.95772,0.98009,0.95915,0.15446,0.15404,0.75363,0.00674785,0.00674785,0.00674785
3287,4999.37,0.28374,0.24458,0.80137,0.93477,0.96143,0.97956,0.96021,0.15345,0.15416,0.75362,0.00674686,0.00674686,0.00674686
3288,5000.95,0.27562,0.243,0.79803,0.93269,0.96006,0.97928,0.959,0.15419,0.15407,0.75363,0.00674587,0.00674587,0.00674587
3289,5002.52,0.2699,0.23216,0.80311,0.9323,0.95678,0.97822,0.95628,0.15534,0.15446,0.75372,0.00674488,0.00674488,0.00674488
3290,5003.96,0.29756,0.25659,0.80209,0.94146,0.95848,0.9818,0.9596,0.15503,0.15422,0.75375,0.00674389,0.00674389,0.00674389
3291,5005.43,0.27652,0.24625,0.80072,0.9378,0.95597,0.98135,0.95911,0.15598,0.15484,0.75374,0.0067429,0.0067429,0.0067429
3292,5006.95,0.28313,0.24633,0.79754,0.93733,0.95757,0.98134,0.96116,0.15565,0.15479,0.75371,0.00674191,0.00674191,0.00674191
3293,5008.41,0.29243,0.24911,0.80207,0.9337,0.95471,0.98045,0.96221,0.15541,0.15438,0.75368,0.00674092,0.00674092,0.00674092
3294,5009.89,0.26951,0.23961,0.79747,0.94006,0.95609,0.98085,0.9609,0.15604,0.15477,0.75369,0.00673993,0.00673993,0.00673993
3295,5011.43,0.27305,0.23772,0.8036,0.93853,0.9585,0.98293,0.9633,0.15669,0.15575,0.75369,0.00673894,0.00673894,0.00673894
3296,5012.93,0.29709,0.2411,0.80734,0.93683,0.95468,0.98064,0.96235,0.15579,0.15578,0.75379,0.00673795,0.00673795,0.00673795
3297,5014.4,0.27433,0.23631,0.79448,0.94245,0.95631,0.97999,0.96004,0.15652,0.15577,0.75379,0.00673696,0.00673696,0.00673696
3298,5016.03,0.28003,0.23595,0.80025,0.93869,0.95497,0.97875,0.96051,0.15518,0.15496,0.75376,0.00673597,0.00673597,0.00673597
3299,5017.46,0.27075,0.2348,0.79682,0.93531,0.9564,0.97951,0.96264,0.15409,0.15495,0.7538,0.00673498,0.00673498,0.00673498
3300,5018.97,0.27755,0.23854,0.79113,0.9355,0.9522,0.97959,0.95896,0.15426,0.15436,0.75374,0.00673399,0.00673399,0.00673399
3301,5020.46,0.28659,0.24673,0.79987,0.93489,0.96219,0.9784,0.95849,0.15407,0.15601,0.75369,0.006733,0.006733,0.006733
3302,5021.95,0.26454,0.23821,0.7939,0.93259,0.95899,0.97887,0.95844,0.1535,0.15534,0.75384,0.00673201,0.00673201,0.00673201
3303,5023.4,0.28068,0.24271,0.79465,0.93614,0.96326,0.98077,0.95921,0.15366,0.15566,0.75376,0.00673102,0.00673102,0.00673102
3304,5024.92,0.30366,0.2522,0.818,0.92409,0.96148,0.97893,0.95767,0.1541,0.15629,0.75365,0.00673003,0.00673003,0.00673003
3305,5026.39,0.28406,0.24464,0.80241,0.92654,0.9611,0.97963,0.95862,0.15454,0.15583,0.75371,0.00672904,0.00672904,0.00672904
3306,5027.93,0.2793,0.24291,0.80191,0.92485,0.95974,0.97966,0.95523,0.15479,0.15629,0.7536,0.00672805,0.00672805,0.00672805
3307,5029.46,0.28594,0.24803,0.79647,0.93166,0.95813,0.97813,0.95561,0.15527,0.15645,0.7536,0.00672706,0.00672706,0.00672706
3308,5031.08,0.27801,0.2511,0.79811,0.93372,0.95884,0.98005,0.96116,0.15625,0.15638,0.75371,0.00672607,0.00672607,0.00672607
3309,5032.57,0.28207,0.2476,0.79722,0.93246,0.95694,0.97805,0.9563,0.15652,0.15655,0.75357,0.00672508,0.00672508,0.00672508
3310,5034.1,0.27191,0.24418,0.7897,0.92769,0.95488,0.97673,0.95918,0.15733,0.15697,0.75361,0.00672409,0.00672409,0.00672409
3311,5035.61,0.28625,0.24864,0.8022,0.93511,0.95712,0.97883,0.96095,0.15812,0.15656,0.75371,0.0067231,0.0067231,0.0067231
3312,5037.07,0.28396,0.24463,0.80272,0.93245,0.9532,0.97816,0.95682,0.15864,0.15695,0.7536,0.00672211,0.00672211,0.00672211
3313,5038.56,0.26056,0.23974,0.79203,0.93436,0.95466,0.97951,0.96034,0.15936,0.15685,0.75368,0.00672112,0.00672112,0.00672112
3314,5040.08,0.27671,0.24459,0.80086,0.9351,0.95505,0.9809,0.95984,0.15923,0.15625,0.75388,0.00672013,0.00672013,0.00672013
3315,5041.55,0.26182,0.23737,0.79231,0.93846,0.958,0.98172,0.95973,0.15992,0.15704,0.75378,0.00671914,0.00671914,0.00671914
3316,5043.07,0.29778,0.2532,0.79933,0.93075,0.95504,0.97921,0.95774,0.16006,0.1577,0.75386,0.00671815,0.00671815,0.00671815
3317,5044.56,0.28886,0.25224,0.80034,0.93609,0.95877,0.98011,0.95879,0.15971,0.15695,0.75396,0.00671716,0.00671716,0.00671716
3318,5046.44,0.29153,0.25213,0.804,0.93709,0.95578,0.97997,0.95714,0.15993,0.15759,0.75397,0.00671617,0.00671617,0.00671617
3319,5048,0.26641,0.24438,0.79554,0.93442,0.95154,0.98049,0.96179,0.15969,0.15782,0.75401,0.00671518,0.00671518,0.00671518
3320,5049.57,0.28826,0.24987,0.79872,0.9402,0.95494,0.98156,0.96259,0.16035,0.15794,0.7541,0.00671419,0.00671419,0.00671419
3321,5051.08,0.28249,0.24354,0.80682,0.93725,0.95418,0.98087,0.95797,0.15989,0.15822,0.75401,0.0067132,0.0067132,0.0067132
3322,5052.59,0.28423,0.24773,0.79568,0.93728,0.95051,0.98213,0.96276,0.16084,0.15842,0.75408,0.00671221,0.00671221,0.00671221
3323,5054.04,0.29252,0.24848,0.81502,0.9248,0.95161,0.98307,0.95937,0.16243,0.15913,0.75422,0.00671122,0.00671122,0.00671122
3324,5055.55,0.28276,0.24383,0.80501,0.92383,0.94968,0.98125,0.95907,0.16097,0.15848,0.75404,0.00671023,0.00671023,0.00671023
3325,5057.09,0.28847,0.24012,0.80278,0.92596,0.95206,0.98214,0.95769,0.16035,0.15853,0.75408,0.00670924,0.00670924,0.00670924
3326,5058.62,0.2847,0.23952,0.8007,0.92453,0.94941,0.98212,0.96153,0.16156,0.15928,0.7542,0.00670825,0.00670825,0.00670825
3327,5060.14,0.28025,0.24346,0.79643,0.92533,0.95031,0.98248,0.96084,0.16024,0.15842,0.75411,0.00670726,0.00670726,0.00670726
3328,5061.68,0.2589,0.23571,0.79231,0.93529,0.95357,0.9803,0.95968,0.16027,0.1586,0.75418,0.00670627,0.00670627,0.00670627
3329,5063.13,0.29236,0.2472,0.79668,0.93584,0.95017,0.98231,0.96246,0.1605,0.15819,0.75422,0.00670528,0.00670528,0.00670528
3330,5064.59,0.2701,0.23974,0.79524,0.93031,0.94769,0.98036,0.9584,0.15999,0.15866,0.75412,0.00670429,0.00670429,0.00670429
3331,5066.13,0.28723,0.24847,0.79882,0.93502,0.95201,0.97951,0.95798,0.15962,0.15849,0.75415,0.0067033,0.0067033,0.0067033
3332,5067.63,0.28541,0.24953,0.80326,0.93113,0.95484,0.97993,0.95897,0.16041,0.15843,0.75419,0.00670231,0.00670231,0.00670231
3333,5069.09,0.31249,0.26207,0.81046,0.92814,0.95371,0.98027,0.95801,0.15925,0.15789,0.75411,0.00670132,0.00670132,0.00670132
3334,5070.65,0.26309,0.23685,0.79132,0.92376,0.9564,0.97873,0.95733,0.15843,0.15673,0.7542,0.00670033,0.00670033,0.00670033
3335,5072.08,0.26635,0.23347,0.80169,0.92508,0.95546,0.97764,0.9573,0.15864,0.1569,0.75418,0.00669934,0.00669934,0.00669934
3336,5073.59,0.27477,0.24354,0.79448,0.92513,0.95795,0.97737,0.95725,0.15744,0.15671,0.75409,0.00669835,0.00669835,0.00669835
3337,5075.11,0.28001,0.24721,0.80105,0.92908,0.9582,0.97908,0.95722,0.15694,0.15625,0.75398,0.00669736,0.00669736,0.00669736
3338,5076.65,0.27469,0.24049,0.79752,0.92576,0.95613,0.97793,0.95746,0.15728,0.15639,0.75393,0.00669637,0.00669637,0.00669637
3339,5078.08,0.28715,0.24436,0.80498,0.92672,0.96088,0.9793,0.95784,0.15631,0.15618,0.75383,0.00669538,0.00669538,0.00669538
3340,5079.62,0.28498,0.24349,0.80128,0.9323,0.95736,0.97943,0.96184,0.15594,0.15583,0.75381,0.00669439,0.00669439,0.00669439
3341,5081.1,0.27357,0.24113,0.79928,0.93281,0.95581,0.97908,0.96062,0.15697,0.15576,0.75387,0.0066934,0.0066934,0.0066934
3342,5082.6,0.27957,0.24421,0.80615,0.93423,0.95572,0.97844,0.95981,0.15556,0.15504,0.75368,0.00669241,0.00669241,0.00669241
3343,5084.16,0.28768,0.23653,0.7991,0.9343,0.95791,0.98127,0.96006,0.15518,0.15473,0.75359,0.00669142,0.00669142,0.00669142
3344,5085.64,0.27269,0.2329,0.80074,0.92861,0.95629,0.98006,0.95961,0.15675,0.15496,0.75381,0.00669043,0.00669043,0.00669043
3345,5087.11,0.28462,0.23958,0.80682,0.93068,0.95562,0.97982,0.95988,0.15531,0.1544,0.75362,0.00668944,0.00668944,0.00668944
3346,5088.59,0.28355,0.24355,0.79956,0.93389,0.95397,0.98025,0.96024,0.15533,0.15384,0.75363,0.00668845,0.00668845,0.00668845
3347,5090.13,0.29146,0.24773,0.79449,0.92688,0.95415,0.97895,0.95945,0.15639,0.15438,0.75373,0.00668746,0.00668746,0.00668746
3348,5091.64,0.28488,0.24859,0.79244,0.92857,0.95619,0.98078,0.96047,0.15497,0.15398,0.75357,0.00668647,0.00668647,0.00668647
3349,5093.18,0.2675,0.23678,0.79252,0.92922,0.95881,0.97977,0.96136,0.15448,0.15413,0.75352,0.00668548,0.00668548,0.00668548
3350,5094.66,0.28605,0.24445,0.80448,0.9279,0.9552,0.97964,0.96125,0.15559,0.1542,0.75349,0.00668449,0.00668449,0.00668449
3351,5096.18,0.26844,0.23502,0.79836,0.92064,0.95807,0.97914,0.95972,0.15451,0.15387,0.75344,0.0066835,0.0066835,0.0066835
3352,5097.68,0.29655,0.24942,0.80361,0.92604,0.95912,0.97799,0.95784,0.15504,0.15346,0.75346,0.00668251,0.00668251,0.00668251
3353,5099.16,0.29017,0.25147,0.79926,0.92857,0.95731,0.97686,0.95765,0.15608,0.15376,0.75353,0.00668152,0.00668152,0.00668152
3354,5100.6,0.27271,0.23698,0.79491,0.92822,0.95634,0.97703,0.95742,0.15472,0.15295,0.75346,0.00668053,0.00668053,0.00668053
3355,5102.12,0.27215,0.23564,0.7988,0.92484,0.96065,0.97471,0.95258,0.15432,0.15228,0.75343,0.00667954,0.00667954,0.00667954
3356,5103.63,0.28419,0.24058,0.79643,0.91997,0.96116,0.97408,0.95506,0.15577,0.15306,0.75345,0.00667855,0.00667855,0.00667855
3357,5105.14,0.28307,0.24135,0.79795,0.92416,0.95896,0.97398,0.95317,0.15512,0.15264,0.75344,0.00667756,0.00667756,0.00667756
3358,5106.75,0.28763,0.24229,0.80378,0.92408,0.95914,0.97516,0.95294,0.15491,0.15207,0.75346,0.00667657,0.00667657,0.00667657
3359,5108.27,0.26371,0.23745,0.79883,0.92764,0.96025,0.97782,0.95669,0.15604,0.15243,0.75352,0.00667558,0.00667558,0.00667558
3360,5109.66,0.27513,0.24176,0.79365,0.93087,0.95758,0.97769,0.95334,0.15506,0.15271,0.75336,0.00667459,0.00667459,0.00667459
3361,5111.15,0.26138,0.22548,0.7965,0.92518,0.95721,0.97573,0.9512,0.15468,0.15314,0.75325,0.0066736,0.0066736,0.0066736
3362,5112.58,0.27234,0.23986,0.79786,0.92978,0.95856,0.97801,0.95446,0.1551,0.15326,0.75334,0.00667261,0.00667261,0.00667261
3363,5114.07,0.2742,0.23699,0.79921,0.91865,0.95781,0.97604,0.95285,0.15505,0.15334,0.75315,0.00667162,0.00667162,0.00667162
3364,5115.54,0.27902,0.24552,0.7969,0.92757,0.95761,0.97872,0.95539,0.15561,0.15346,0.753,0.00667063,0.00667063,0.00667063
3365,5117.04,0.28516,0.24078,0.79284,0.93049,0.95947,0.9794,0.95623,0.15531,0.15345,0.75298,0.00666964,0.00666964,0.00666964
3366,5118.58,0.28568,0.24416,0.79707,0.93133,0.95961,0.97982,0.95586,0.15609,0.15377,0.75285,0.00666865,0.00666865,0.00666865
3367,5120.12,0.28233,0.24769,0.79525,0.93271,0.95907,0.98057,0.95901,0.15597,0.15334,0.75271,0.00666766,0.00666766,0.00666766
3368,5121.67,0.26262,0.24043,0.79625,0.93549,0.95962,0.97941,0.95559,0.15556,0.15341,0.75272,0.00666667,0.00666667,0.00666667
3369,5123.17,0.28679,0.24849,0.80712,0.93317,0.959,0.97922,0.95622,0.15523,0.15249,0.75262,0.00666568,0.00666568,0.00666568
3370,5124.72,0.27422,0.24532,0.79155,0.93129,0.95631,0.97808,0.95381,0.15452,0.15253,0.75257,0.00666469,0.00666469,0.00666469
3371,5126.14,0.27627,0.24077,0.79725,0.93069,0.95769,0.9787,0.95451,0.15534,0.153,0.75272,0.0066637,0.0066637,0.0066637
3372,5127.58,0.27676,0.25097,0.80018,0.93861,0.9602,0.98149,0.95739,0.15482,0.15263,0.75269,0.00666271,0.00666271,0.00666271
3373,5129.05,0.28135,0.25163,0.80202,0.93529,0.95838,0.97868,0.95786,0.15514,0.15302,0.75263,0.00666172,0.00666172,0.00666172
3374,5130.5,0.29109,0.24901,0.79694,0.93166,0.95652,0.97922,0.95818,0.15584,0.15341,0.75279,0.00666073,0.00666073,0.00666073
3375,5131.96,0.26958,0.24505,0.80461,0.93066,0.9561,0.97864,0.95538,0.1552,0.15306,0.7527,0.00665974,0.00665974,0.00665974
3376,5133.46,0.3077,0.24795,0.82092,0.93295,0.95884,0.98062,0.96017,0.15531,0.15406,0.75272,0.00665875,0.00665875,0.00665875
3377,5134.93,0.27932,0.24057,0.80073,0.92842,0.95909,0.98009,0.95611,0.15721,0.15471,0.75286,0.00665776,0.00665776,0.00665776
3378,5136.5,0.28312,0.24091,0.80206,0.92688,0.95847,0.97868,0.95411,0.15573,0.1543,0.75283,0.00665677,0.00665677,0.00665677
3379,5138.07,0.27475,0.23638,0.80375,0.92848,0.96036,0.98169,0.9586,0.15716,0.15539,0.75296,0.00665578,0.00665578,0.00665578
3380,5139.56,0.27869,0.24644,0.80557,0.92479,0.96079,0.97969,0.95747,0.15903,0.15584,0.75315,0.00665479,0.00665479,0.00665479
3381,5141.08,0.27483,0.23914,0.79848,0.92344,0.95976,0.98156,0.95866,0.15713,0.15486,0.75305,0.0066538,0.0066538,0.0066538
3382,5142.64,0.2834,0.24793,0.80299,0.92821,0.96047,0.97891,0.95721,0.15628,0.15454,0.7531,0.00665281,0.00665281,0.00665281
3383,5144.12,0.28025,0.24425,0.79577,0.92915,0.95763,0.97793,0.9559,0.15771,0.15532,0.75327,0.00665182,0.00665182,0.00665182
3384,5145.68,0.26824,0.24278,0.79593,0.93657,0.96004,0.98006,0.96096,0.15636,0.15488,0.75318,0.00665083,0.00665083,0.00665083
3385,5147.14,0.27614,0.23902,0.79858,0.93501,0.9583,0.98023,0.96128,0.15715,0.1557,0.75334,0.00664984,0.00664984,0.00664984
3386,5148.65,0.26606,0.23845,0.78989,0.9346,0.95858,0.98091,0.9607,0.1586,0.15645,0.75356,0.00664885,0.00664885,0.00664885
3387,5150.14,0.2747,0.24096,0.79288,0.93469,0.95641,0.98148,0.96137,0.15809,0.15611,0.75353,0.00664786,0.00664786,0.00664786
3388,5151.82,0.26996,0.2391,0.79759,0.94013,0.95734,0.98077,0.96383,0.15798,0.15602,0.75337,0.00664687,0.00664687,0.00664687
3389,5153.36,0.29466,0.25278,0.80006,0.93786,0.95644,0.98283,0.96305,0.1586,0.15616,0.75341,0.00664588,0.00664588,0.00664588
3390,5154.8,0.27423,0.24007,0.79871,0.94264,0.95838,0.98346,0.96303,0.15749,0.15521,0.7533,0.00664489,0.00664489,0.00664489
3391,5156.29,0.28117,0.24923,0.79307,0.93615,0.95441,0.98138,0.9621,0.15793,0.15506,0.75333,0.0066439,0.0066439,0.0066439
3392,5157.79,0.27496,0.23914,0.794,0.9362,0.95773,0.98295,0.96554,0.15787,0.15426,0.75329,0.00664291,0.00664291,0.00664291
3393,5159.31,0.27261,0.24236,0.79156,0.93462,0.95654,0.98189,0.96294,0.15795,0.15408,0.75323,0.00664192,0.00664192,0.00664192
3394,5160.8,0.28274,0.23645,0.80445,0.93323,0.95727,0.98357,0.96288,0.15872,0.15427,0.7532,0.00664093,0.00664093,0.00664093
3395,5162.28,0.28292,0.23855,0.80036,0.94181,0.95507,0.98321,0.96377,0.15894,0.15444,0.75325,0.00663994,0.00663994,0.00663994
3396,5163.73,0.29525,0.24146,0.80616,0.93857,0.95563,0.98363,0.96232,0.15909,0.15461,0.75323,0.00663895,0.00663895,0.00663895
3397,5165.32,0.3075,0.25383,0.80983,0.93932,0.95458,0.98372,0.96133,0.15915,0.15538,0.75316,0.00663796,0.00663796,0.00663796
3398,5166.96,0.28214,0.23614,0.80245,0.93491,0.95101,0.98298,0.95967,0.15952,0.15497,0.75313,0.00663697,0.00663697,0.00663697
3399,5168.47,0.29973,0.24477,0.81337,0.93949,0.95412,0.98525,0.96145,0.15957,0.15573,0.75319,0.00663598,0.00663598,0.00663598
3400,5169.94,0.26795,0.23371,0.79803,0.93492,0.95656,0.98417,0.96402,0.15998,0.15625,0.75324,0.00663499,0.00663499,0.00663499
3401,5171.44,0.27149,0.2323,0.79796,0.94252,0.95532,0.98396,0.96226,0.15987,0.15652,0.75324,0.006634,0.006634,0.006634
3402,5172.94,0.2887,0.24447,0.79823,0.94138,0.95712,0.98399,0.96372,0.16012,0.15682,0.75319,0.00663301,0.00663301,0.00663301
3403,5174.41,0.29094,0.24018,0.80126,0.93812,0.95515,0.98113,0.96029,0.15914,0.15689,0.75308,0.00663202,0.00663202,0.00663202
3404,5175.87,0.28554,0.24262,0.80159,0.9288,0.9569,0.97804,0.96018,0.15913,0.15622,0.7532,0.00663103,0.00663103,0.00663103
3405,5177.41,0.26827,0.22832,0.79807,0.92854,0.95591,0.97805,0.96098,0.15828,0.15573,0.75315,0.00663004,0.00663004,0.00663004
3406,5178.91,0.29233,0.24531,0.80915,0.9303,0.95716,0.98229,0.96392,0.15787,0.15565,0.75328,0.00662905,0.00662905,0.00662905
3407,5180.46,0.28754,0.24456,0.80221,0.936,0.95609,0.98201,0.96412,0.15828,0.15615,0.75328,0.00662806,0.00662806,0.00662806
3408,5182.04,0.27012,0.22875,0.79659,0.93708,0.95481,0.98226,0.96032,0.1576,0.15616,0.75329,0.00662707,0.00662707,0.00662707
3409,5183.51,0.28692,0.23809,0.80226,0.94316,0.95623,0.98202,0.96224,0.1574,0.15615,0.75335,0.00662608,0.00662608,0.00662608
3410,5185.03,0.26053,0.22755,0.79312,0.93706,0.94995,0.98181,0.96205,0.15792,0.15568,0.75344,0.00662509,0.00662509,0.00662509
3411,5186.47,0.26933,0.23644,0.79231,0.93739,0.95313,0.98078,0.9602,0.15757,0.15592,0.75344,0.0066241,0.0066241,0.0066241
3412,5187.93,0.28026,0.2442,0.80373,0.936,0.94794,0.98005,0.96158,0.15702,0.15528,0.75335,0.00662311,0.00662311,0.00662311
3413,5189.44,0.28992,0.24664,0.80401,0.93492,0.94701,0.97956,0.95906,0.15686,0.15532,0.7534,0.00662212,0.00662212,0.00662212
3414,5190.95,0.33455,0.2692,0.823,0.93059,0.94919,0.97854,0.95815,0.15689,0.15535,0.75333,0.00662113,0.00662113,0.00662113
3415,5192.44,0.28949,0.2421,0.80742,0.9371,0.9498,0.97969,0.95926,0.15677,0.15589,0.75336,0.00662014,0.00662014,0.00662014
3416,5193.98,0.26998,0.24661,0.79903,0.94107,0.95123,0.9812,0.9598,0.15619,0.15566,0.75334,0.00661915,0.00661915,0.00661915
3417,5195.48,0.2668,0.23915,0.79823,0.93859,0.95061,0.98047,0.96044,0.1566,0.15541,0.75331,0.00661816,0.00661816,0.00661816
3418,5197.04,0.27545,0.23923,0.7966,0.94019,0.95116,0.98136,0.96216,0.15602,0.1552,0.75334,0.00661717,0.00661717,0.00661717
3419,5198.56,0.29885,0.25183,0.80771,0.93967,0.9528,0.9798,0.95988,0.1558,0.15514,0.7533,0.00661618,0.00661618,0.00661618
3420,5200.06,0.29633,0.25708,0.79986,0.93862,0.95471,0.97989,0.96113,0.15561,0.15481,0.75337,0.00661519,0.00661519,0.00661519
3421,5201.58,0.26314,0.2311,0.79697,0.93652,0.95196,0.98074,0.95991,0.15516,0.1547,0.7534,0.0066142,0.0066142,0.0066142
3422,5203.05,0.29772,0.25977,0.79808,0.93698,0.9556,0.98169,0.96099,0.1553,0.15474,0.75345,0.00661321,0.00661321,0.00661321
3423,5204.52,0.28545,0.24754,0.80717,0.93212,0.95445,0.98132,0.96057,0.15587,0.15463,0.75351,0.00661222,0.00661222,0.00661222
3424,5205.98,0.27424,0.24344,0.80059,0.93156,0.95103,0.97901,0.95547,0.15797,0.15547,0.75358,0.00661123,0.00661123,0.00661123
3425,5207.47,0.28884,0.24401,0.79906,0.93097,0.95261,0.97945,0.95738,0.15829,0.15566,0.75364,0.00661024,0.00661024,0.00661024
3426,5208.93,0.2785,0.24636,0.79807,0.93622,0.95336,0.9812,0.96011,0.15991,0.1562,0.75372,0.00660925,0.00660925,0.00660925
3427,5210.52,0.27195,0.23874,0.79756,0.93648,0.94986,0.98095,0.9615,0.16024,0.15607,0.75377,0.00660826,0.00660826,0.00660826
3428,5212.16,0.28687,0.24501,0.79922,0.93347,0.95303,0.98045,0.96062,0.16074,0.15602,0.75384,0.00660727,0.00660727,0.00660727
3429,5213.73,0.29767,0.24974,0.80604,0.93494,0.94988,0.98223,0.95965,0.16044,0.15619,0.75374,0.00660628,0.00660628,0.00660628
3430,5215.23,0.28306,0.24695,0.79952,0.93525,0.9533,0.98166,0.95952,0.16026,0.15583,0.75371,0.00660529,0.00660529,0.00660529
3431,5216.72,0.25831,0.22821,0.79491,0.93443,0.95622,0.98323,0.96154,0.16023,0.15638,0.75361,0.0066043,0.0066043,0.0066043
3432,5218.19,0.30592,0.25727,0.80252,0.93074,0.95491,0.98186,0.95878,0.15983,0.1562,0.75355,0.00660331,0.00660331,0.00660331
3433,5219.77,0.28924,0.25034,0.80045,0.93751,0.9573,0.98328,0.96257,0.15918,0.1566,0.75351,0.00660232,0.00660232,0.00660232
3434,5221.21,0.268,0.23588,0.80133,0.93276,0.95704,0.9815,0.96167,0.15978,0.15642,0.75365,0.00660133,0.00660133,0.00660133
3435,5222.7,0.28515,0.24442,0.80155,0.9363,0.95839,0.98283,0.96242,0.1585,0.15587,0.75358,0.00660034,0.00660034,0.00660034
3436,5224.23,0.29253,0.24492,0.80183,0.92905,0.95654,0.98172,0.96147,0.15834,0.15561,0.75354,0.00659935,0.00659935,0.00659935
3437,5225.73,0.28127,0.2375,0.80427,0.92937,0.95696,0.97937,0.95889,0.15853,0.15568,0.75363,0.00659836,0.00659836,0.00659836
3438,5227.37,0.2815,0.23962,0.79821,0.9308,0.9612,0.98196,0.96233,0.15796,0.15494,0.75359,0.00659737,0.00659737,0.00659737
3439,5228.9,0.29091,0.24487,0.80155,0.90994,0.95967,0.9784,0.95752,0.1579,0.15458,0.75354,0.00659638,0.00659638,0.00659638
3440,5230.34,0.26013,0.23151,0.79308,0.92319,0.95841,0.97878,0.96046,0.15743,0.15447,0.75354,0.00659539,0.00659539,0.00659539
3441,5231.82,0.28514,0.24225,0.79421,0.92711,0.95827,0.97837,0.95964,0.1579,0.15418,0.75353,0.0065944,0.0065944,0.0065944
3442,5233.31,0.26911,0.23324,0.79087,0.92895,0.95808,0.98121,0.96054,0.15863,0.1543,0.75347,0.00659341,0.00659341,0.00659341
3443,5234.79,0.27691,0.23387,0.79827,0.91331,0.95783,0.9796,0.96207,0.15786,0.15432,0.75352,0.00659242,0.00659242,0.00659242
3444,5236.25,0.2733,0.23923,0.80066,0.92854,0.95986,0.98039,0.95898,0.15849,0.15436,0.75356,0.00659143,0.00659143,0.00659143
3445,5237.77,0.29312,0.24219,0.80471,0.93102,0.95706,0.98075,0.96059,0.15899,0.15496,0.75352,0.00659044,0.00659044,0.00659044
3446,5239.22,0.28639,0.24255,0.80144,0.92703,0.95833,0.97947,0.95879,0.15943,0.15486,0.75356,0.00658945,0.00658945,0.00658945
3447,5240.76,0.28269,0.23713,0.80122,0.914,0.95064,0.98008,0.95789,0.16001,0.15549,0.75354,0.00658846,0.00658846,0.00658846
3448,5242.34,0.2918,0.24455,0.80089,0.92451,0.95809,0.97768,0.95611,0.16031,0.15573,0.75346,0.00658747,0.00658747,0.00658747
3449,5243.78,0.2952,0.24494,0.80299,0.92917,0.95851,0.9793,0.9589,0.15953,0.15529,0.75343,0.00658648,0.00658648,0.00658648
3450,5245.3,0.31785,0.25548,0.81478,0.92828,0.95104,0.97656,0.95386,0.16044,0.15611,0.75339,0.00658549,0.00658549,0.00658549
3451,5246.82,0.27016,0.23055,0.79918,0.92964,0.95229,0.97863,0.9577,0.16109,0.15664,0.75344,0.0065845,0.0065845,0.0065845
3452,5248.25,0.29761,0.24483,0.79653,0.93245,0.94991,0.97895,0.95628,0.16063,0.15638,0.75348,0.00658351,0.00658351,0.00658351
3453,5249.79,0.27787,0.2429,0.80547,0.93311,0.95661,0.97965,0.95988,0.16218,0.15705,0.75348,0.00658252,0.00658252,0.00658252
3454,5251.32,0.26779,0.23677,0.79334,0.93224,0.95178,0.98118,0.95929,0.16266,0.15696,0.75347,0.00658153,0.00658153,0.00658153
3455,5252.8,0.28851,0.24541,0.79568,0.92922,0.94806,0.97835,0.9567,0.16042,0.15587,0.75333,0.00658054,0.00658054,0.00658054
3456,5254.28,0.27261,0.2374,0.79489,0.93155,0.94605,0.97914,0.9593,0.16196,0.1564,0.75338,0.00657955,0.00657955,0.00657955
3457,5255.82,0.26981,0.24319,0.79831,0.92795,0.94832,0.97848,0.95501,0.16232,0.15718,0.75326,0.00657856,0.00657856,0.00657856
3458,5257.33,0.27074,0.23727,0.79393,0.92046,0.95891,0.97989,0.95641,0.16076,0.15639,0.75326,0.00657757,0.00657757,0.00657757
3459,5258.85,0.30404,0.24462,0.80654,0.93027,0.94825,0.97986,0.95799,0.16289,0.15736,0.75328,0.00657658,0.00657658,0.00657658
3460,5260.32,0.27593,0.24137,0.79719,0.92896,0.95968,0.9812,0.95946,0.16228,0.15668,0.75336,0.00657559,0.00657559,0.00657559
3461,5261.83,0.27163,0.22915,0.79672,0.93829,0.94686,0.98108,0.95841,0.15973,0.15521,0.75335,0.0065746,0.0065746,0.0065746
3462,5263.29,0.27469,0.23054,0.80228,0.92828,0.95508,0.97922,0.95897,0.16068,0.15567,0.75337,0.00657361,0.00657361,0.00657361
3463,5264.78,0.27336,0.23641,0.80111,0.92928,0.9565,0.97983,0.9582,0.15895,0.15493,0.75346,0.00657262,0.00657262,0.00657262
3464,5266.21,0.25816,0.22527,0.79596,0.93411,0.95029,0.98035,0.95973,0.15746,0.15462,0.75329,0.00657163,0.00657163,0.00657163
3465,5267.67,0.27279,0.23679,0.79797,0.9351,0.95845,0.98139,0.96156,0.15834,0.15454,0.75341,0.00657064,0.00657064,0.00657064
3466,5269.22,0.27918,0.24246,0.79636,0.93594,0.94999,0.97936,0.95796,0.15754,0.1539,0.7534,0.00656965,0.00656965,0.00656965
3467,5270.74,0.26046,0.23011,0.80668,0.93749,0.95062,0.98158,0.95979,0.15683,0.15331,0.75329,0.00656866,0.00656866,0.00656866
3468,5272.24,0.26993,0.23513,0.79845,0.94112,0.95404,0.98135,0.96225,0.15729,0.15262,0.75335,0.00656767,0.00656767,0.00656767
3469,5273.72,0.26206,0.22991,0.79459,0.93159,0.9537,0.9798,0.95493,0.15777,0.15265,0.75339,0.00656668,0.00656668,0.00656668
3470,5275.2,0.27407,0.24603,0.79466,0.93001,0.95862,0.98139,0.95636,0.15699,0.15245,0.75324,0.00656569,0.00656569,0.00656569
3471,5276.7,0.27184,0.23754,0.79682,0.9316,0.95627,0.98075,0.95784,0.15776,0.15246,0.7533,0.0065647,0.0065647,0.0065647
3472,5278.25,0.26509,0.23487,0.79848,0.92472,0.94705,0.97969,0.95885,0.15737,0.15292,0.75318,0.00656371,0.00656371,0.00656371
3473,5279.7,0.28008,0.23812,0.80058,0.9331,0.95411,0.98189,0.96137,0.15603,0.15252,0.75304,0.00656272,0.00656272,0.00656272
3474,5281.17,0.28584,0.2517,0.80178,0.93896,0.95436,0.98313,0.96283,0.15642,0.15276,0.75312,0.00656173,0.00656173,0.00656173
3475,5282.63,0.27167,0.23963,0.79744,0.94269,0.95124,0.98316,0.96125,0.15556,0.152,0.75312,0.00656074,0.00656074,0.00656074
3476,5284.07,0.27772,0.23588,0.80416,0.94,0.9564,0.9838,0.96037,0.15536,0.15261,0.7529,0.00655975,0.00655975,0.00655975
3477,5285.6,0.28669,0.24653,0.80432,0.93775,0.95721,0.98262,0.96251,0.15512,0.15193,0.75303,0.00655876,0.00655876,0.00655876
3478,5287.16,0.28681,0.24526,0.80743,0.93429,0.95567,0.98157,0.9618,0.15497,0.15189,0.75306,0.00655777,0.00655777,0.00655777
3479,5288.66,0.28104,0.24373,0.80278,0.93836,0.95728,0.98244,0.96077,0.15545,0.15247,0.75302,0.00655678,0.00655678,0.00655678
3480,5290.14,0.27581,0.23278,0.80495,0.93446,0.95404,0.98296,0.96213,0.15468,0.15158,0.75309,0.00655579,0.00655579,0.00655579
3481,5291.69,0.27368,0.24035,0.79494,0.92256,0.94896,0.98284,0.9622,0.15428,0.15116,0.7531,0.0065548,0.0065548,0.0065548
3482,5293.15,0.28175,0.24527,0.8113,0.92001,0.94776,0.98292,0.96195,0.15524,0.15151,0.7531,0.00655381,0.00655381,0.00655381
3483,5294.69,0.27213,0.23621,0.80048,0.92743,0.95006,0.98161,0.9615,0.15428,0.1508,0.75312,0.00655282,0.00655282,0.00655282
3484,5296.12,0.26298,0.24091,0.80004,0.93252,0.95309,0.9813,0.96229,0.15392,0.15044,0.75313,0.00655183,0.00655183,0.00655183
3485,5297.58,0.27776,0.24472,0.797,0.92701,0.95016,0.98148,0.95786,0.15453,0.15081,0.75315,0.00655084,0.00655084,0.00655084
3486,5299.02,0.2754,0.24349,0.80028,0.93332,0.94979,0.98078,0.9574,0.1544,0.15079,0.75317,0.00654985,0.00654985,0.00654985
3487,5300.6,0.27264,0.24155,0.79828,0.9286,0.95233,0.98221,0.96183,0.15478,0.15169,0.75333,0.00654886,0.00654886,0.00654886
3488,5302.14,0.28525,0.25473,0.79618,0.92364,0.95372,0.98396,0.96379,0.15526,0.15243,0.75335,0.00654787,0.00654787,0.00654787
3489,5303.66,0.27148,0.24113,0.79075,0.93918,0.94747,0.98329,0.9627,0.15512,0.15233,0.75343,0.00654688,0.00654688,0.00654688
3490,5305.19,0.28116,0.24376,0.79843,0.9301,0.94868,0.983,0.96368,0.15488,0.15231,0.75346,0.00654589,0.00654589,0.00654589
3491,5306.63,0.27801,0.23309,0.80169,0.92856,0.94878,0.98176,0.96355,0.15574,0.153,0.7535,0.0065449,0.0065449,0.0065449
3492,5308.16,0.29917,0.25269,0.79908,0.93019,0.94847,0.98186,0.96252,0.15497,0.15307,0.75354,0.00654391,0.00654391,0.00654391
3493,5309.67,0.27086,0.23938,0.8004,0.92665,0.94847,0.98003,0.96092,0.15464,0.15351,0.75353,0.00654292,0.00654292,0.00654292
3494,5311.09,0.25761,0.23573,0.79947,0.92049,0.95104,0.97876,0.95824,0.15459,0.15351,0.75362,0.00654193,0.00654193,0.00654193
3495,5312.58,0.27925,0.24431,0.80377,0.92685,0.95224,0.97917,0.96109,0.15428,0.15357,0.75358,0.00654094,0.00654094,0.00654094
3496,5314.06,0.27627,0.2359,0.79718,0.90945,0.95429,0.97958,0.96153,0.15391,0.15318,0.75371,0.00653995,0.00653995,0.00653995
3497,5315.6,0.29711,0.2464,0.80064,0.90951,0.95434,0.97932,0.96103,0.15378,0.15327,0.75369,0.00653896,0.00653896,0.00653896
3498,5317.16,0.29412,0.2467,0.80127,0.91373,0.95616,0.98105,0.9613,0.15386,0.1526,0.75377,0.00653797,0.00653797,0.00653797
3499,5318.76,0.29318,0.24791,0.80937,0.90951,0.96192,0.98125,0.96254,0.15392,0.15277,0.75377,0.00653698,0.00653698,0.00653698
3500,5320.31,0.26711,0.24102,0.80042,0.90176,0.96101,0.98177,0.9604,0.15347,0.15261,0.7537,0.00653599,0.00653599,0.00653599
3501,5321.8,0.26356,0.24026,0.79578,0.90468,0.96433,0.98142,0.96019,0.15353,0.15259,0.75368,0.006535,0.006535,0.006535
3502,5323.26,0.27905,0.24518,0.80805,0.91119,0.96353,0.98132,0.96142,0.15322,0.15246,0.75356,0.00653401,0.00653401,0.00653401
3503,5324.73,0.25421,0.23252,0.7946,0.91139,0.95997,0.98063,0.96098,0.15396,0.15238,0.75359,0.00653302,0.00653302,0.00653302
3504,5326.29,0.26944,0.23903,0.79451,0.9108,0.95734,0.98092,0.96204,0.15334,0.15217,0.75356,0.00653203,0.00653203,0.00653203
3505,5327.72,0.27068,0.24081,0.79325,0.92266,0.951,0.98051,0.95914,0.1536,0.15192,0.75349,0.00653104,0.00653104,0.00653104
3506,5329.19,0.26158,0.23642,0.79761,0.93002,0.95148,0.98117,0.96295,0.15461,0.15238,0.75358,0.00653005,0.00653005,0.00653005
3507,5330.78,0.28686,0.24735,0.79318,0.92795,0.95181,0.98027,0.96086,0.15408,0.15212,0.75349,0.00652906,0.00652906,0.00652906
3508,5332.38,0.28387,0.25054,0.79309,0.92981,0.95127,0.98044,0.95912,0.15565,0.15286,0.75358,0.00652807,0.00652807,0.00652807
3509,5333.86,0.26373,0.23645,0.79979,0.92756,0.95384,0.98166,0.96108,0.15717,0.15356,0.75355,0.00652708,0.00652708,0.00652708
3510,5335.35,0.2641,0.23731,0.79515,0.93129,0.95577,0.98285,0.96181,0.15657,0.15343,0.75356,0.00652609,0.00652609,0.00652609
3511,5336.89,0.28937,0.24268,0.80232,0.92639,0.95414,0.98146,0.96153,0.15651,0.15328,0.75349,0.0065251,0.0065251,0.0065251
3512,5338.37,0.27005,0.23735,0.79491,0.92997,0.9547,0.98016,0.96156,0.15716,0.15367,0.75336,0.00652411,0.00652411,0.00652411
3513,5339.87,0.29345,0.25164,0.80183,0.93285,0.958,0.98279,0.96097,0.15696,0.15397,0.75333,0.00652312,0.00652312,0.00652312
3514,5341.36,0.27661,0.2391,0.79976,0.93076,0.95389,0.98088,0.96082,0.15695,0.15284,0.75336,0.00652213,0.00652213,0.00652213
3515,5342.84,0.28577,0.24184,0.79828,0.92647,0.95505,0.98145,0.96344,0.15679,0.15263,0.75326,0.00652114,0.00652114,0.00652114
3516,5344.35,0.27835,0.24299,0.79479,0.9305,0.95523,0.98125,0.96281,0.15681,0.15244,0.75326,0.00652015,0.00652015,0.00652015
3517,5345.92,0.26681,0.23238,0.79524,0.92976,0.95434,0.98061,0.96232,0.15628,0.15199,0.75324,0.00651916,0.00651916,0.00651916
3518,5347.44,0.29305,0.24873,0.79921,0.9297,0.955,0.97977,0.9584,0.15629,0.1517,0.75326,0.00651817,0.00651817,0.00651817
3519,5348.95,0.27773,0.24287,0.80158,0.92756,0.95428,0.97854,0.95885,0.15659,0.15188,0.75323,0.00651718,0.00651718,0.00651718
3520,5350.45,0.24893,0.22773,0.79155,0.92042,0.9536,0.97697,0.95705,0.15711,0.15243,0.7532,0.00651619,0.00651619,0.00651619
3521,5351.96,0.29701,0.24781,0.79945,0.92644,0.95616,0.97821,0.95704,0.15668,0.15262,0.75313,0.0065152,0.0065152,0.0065152
3522,5353.44,0.26581,0.23751,0.79414,0.92958,0.95448,0.97623,0.9533,0.15694,0.15305,0.75319,0.00651421,0.00651421,0.00651421
3523,5354.98,0.2796,0.24348,0.801,0.93412,0.95662,0.97848,0.95744,0.15663,0.15316,0.75314,0.00651322,0.00651322,0.00651322
3524,5356.48,0.28643,0.24282,0.7942,0.93908,0.95662,0.98032,0.95815,0.15644,0.15278,0.75309,0.00651223,0.00651223,0.00651223
3525,5357.96,0.27904,0.24052,0.7944,0.93405,0.95819,0.98251,0.96118,0.1561,0.15304,0.75315,0.00651124,0.00651124,0.00651124
3526,5359.49,0.29642,0.25135,0.80375,0.93565,0.95554,0.98198,0.95979,0.15658,0.15295,0.75311,0.00651025,0.00651025,0.00651025
3527,5360.96,0.2699,0.23551,0.79732,0.94019,0.95593,0.98213,0.96088,0.15678,0.15311,0.75309,0.00650926,0.00650926,0.00650926
3528,5362.54,0.26154,0.23345,0.79704,0.93526,0.95506,0.98177,0.95943,0.15596,0.15234,0.75315,0.00650827,0.00650827,0.00650827
3529,5364.07,0.27832,0.23769,0.79897,0.93806,0.95512,0.98227,0.96158,0.15619,0.1524,0.75312,0.00650728,0.00650728,0.00650728
3530,5365.48,0.28618,0.24113,0.80183,0.93671,0.95556,0.98285,0.96042,0.15726,0.15299,0.75302,0.00650629,0.00650629,0.00650629
3531,5366.98,0.27466,0.23894,0.80194,0.93734,0.95613,0.98186,0.9617,0.15659,0.15244,0.75307,0.0065053,0.0065053,0.0065053
3532,5368.51,0.28055,0.23858,0.79111,0.93597,0.95427,0.9813,0.96178,0.15709,0.15215,0.7531,0.00650431,0.00650431,0.00650431
3533,5369.94,0.27603,0.23979,0.78935,0.93421,0.94894,0.98108,0.95919,0.15738,0.15207,0.75309,0.00650332,0.00650332,0.00650332
3534,5371.44,0.26807,0.23267,0.79421,0.93073,0.95046,0.98008,0.96137,0.15602,0.15141,0.75321,0.00650233,0.00650233,0.00650233
3535,5372.98,0.25416,0.23264,0.78915,0.93316,0.95084,0.97834,0.95707,0.15557,0.15164,0.75316,0.00650134,0.00650134,0.00650134
3536,5374.48,0.30015,0.25182,0.79823,0.93155,0.95321,0.98019,0.95984,0.15538,0.1515,0.75307,0.00650035,0.00650035,0.00650035
3537,5375.97,0.2852,0.24776,0.79863,0.93817,0.95148,0.98103,0.96119,0.15585,0.15203,0.75308,0.00649936,0.00649936,0.00649936
3538,5377.51,0.25237,0.22728,0.79554,0.93547,0.95345,0.98005,0.95874,0.15543,0.15142,0.75319,0.00649837,0.00649837,0.00649837
3539,5379.06,0.26774,0.24001,0.7969,0.93705,0.95357,0.98102,0.96007,0.15489,0.15048,0.75304,0.00649738,0.00649738,0.00649738
3540,5380.52,0.29433,0.24721,0.80604,0.9313,0.95402,0.97989,0.96164,0.15507,0.15082,0.75312,0.00649639,0.00649639,0.00649639
3541,5381.98,0.27622,0.23677,0.80192,0.93707,0.95654,0.98181,0.96314,0.15448,0.15006,0.75297,0.0064954,0.0064954,0.0064954
3542,5383.42,0.28581,0.23909,0.80342,0.93339,0.95654,0.98094,0.96023,0.15393,0.14962,0.75285,0.00649441,0.00649441,0.00649441
3543,5384.89,0.27098,0.23408,0.79574,0.93006,0.95654,0.9811,0.95989,0.15407,0.14991,0.75284,0.00649342,0.00649342,0.00649342
3544,5386.39,0.27707,0.23954,0.79695,0.92618,0.95693,0.98172,0.95982,0.15355,0.14955,0.75277,0.00649243,0.00649243,0.00649243
3545,5387.91,0.28587,0.23373,0.80403,0.92742,0.95863,0.98183,0.96191,0.15326,0.14967,0.75274,0.00649144,0.00649144,0.00649144
3546,5389.33,0.27929,0.24621,0.79303,0.92944,0.95729,0.98092,0.96066,0.15392,0.14938,0.75285,0.00649045,0.00649045,0.00649045
3547,5390.88,0.28709,0.24017,0.80089,0.92592,0.95782,0.97876,0.95781,0.15411,0.15039,0.75288,0.00648946,0.00648946,0.00648946
3548,5392.55,0.29509,0.25061,0.7964,0.91914,0.95485,0.97755,0.95609,0.15402,0.15103,0.75291,0.00648847,0.00648847,0.00648847
3549,5394.06,0.26629,0.23009,0.79777,0.92116,0.9578,0.97731,0.95644,0.15453,0.15164,0.753,0.00648748,0.00648748,0.00648748
3550,5395.59,0.27069,0.2363,0.79495,0.91765,0.95851,0.98053,0.95854,0.15404,0.15243,0.75299,0.00648649,0.00648649,0.00648649
3551,5397.08,0.27914,0.23798,0.80255,0.90539,0.95617,0.97844,0.9572,0.15416,0.1529,0.75306,0.0064855,0.0064855,0.0064855
3552,5398.53,0.29088,0.24578,0.80022,0.90357,0.95549,0.98084,0.95975,0.15357,0.15314,0.75313,0.00648451,0.00648451,0.00648451
3553,5400.06,0.2727,0.23724,0.79662,0.90914,0.95413,0.98127,0.95919,0.15381,0.1527,0.75331,0.00648352,0.00648352,0.00648352
3554,5401.56,0.29649,0.24908,0.79874,0.90695,0.9556,0.98073,0.96039,0.15353,0.15304,0.75332,0.00648253,0.00648253,0.00648253
3555,5403.01,0.29313,0.24644,0.80915,0.91144,0.9534,0.98098,0.95899,0.15363,0.15274,0.75342,0.00648154,0.00648154,0.00648154
3556,5404.5,0.26411,0.22732,0.80127,0.91513,0.95331,0.98303,0.96294,0.15316,0.15235,0.75347,0.00648055,0.00648055,0.00648055
3557,5406.01,0.27154,0.24145,0.79274,0.91706,0.95469,0.98131,0.9601,0.15233,0.15187,0.75337,0.00647956,0.00647956,0.00647956
3558,5407.58,0.27903,0.2385,0.80409,0.9246,0.95429,0.98403,0.96463,0.15311,0.15228,0.75344,0.00647857,0.00647857,0.00647857
3559,5409.15,0.25539,0.22839,0.80058,0.92545,0.95438,0.98351,0.96235,0.15233,0.15166,0.75341,0.00647758,0.00647758,0.00647758
3560,5410.62,0.28208,0.24198,0.79752,0.92238,0.95313,0.98336,0.96329,0.15193,0.15112,0.75331,0.00647659,0.00647659,0.00647659
3561,5412.11,0.27965,0.24593,0.8024,0.9252,0.95485,0.98321,0.96248,0.15288,0.15124,0.75344,0.0064756,0.0064756,0.0064756
3562,5413.59,0.29296,0.24738,0.79805,0.92071,0.95565,0.98347,0.96142,0.15296,0.15105,0.75351,0.00647461,0.00647461,0.00647461
3563,5415.04,0.27634,0.23333,0.79844,0.92224,0.95183,0.98179,0.95954,0.1522,0.15066,0.7535,0.00647362,0.00647362,0.00647362
3564,5416.58,0.28198,0.24366,0.79439,0.9245,0.95177,0.98157,0.96169,0.15284,0.15058,0.75365,0.00647263,0.00647263,0.00647263
3565,5418.1,0.28258,0.24584,0.80273,0.92451,0.94578,0.98308,0.96272,0.15323,0.15102,0.75366,0.00647164,0.00647164,0.00647164
3566,5419.53,0.26056,0.23725,0.7953,0.92637,0.94658,0.98265,0.96035,0.15294,0.1513,0.75353,0.00647065,0.00647065,0.00647065
3567,5421.07,0.2611,0.22585,0.79556,0.92803,0.94585,0.98157,0.96061,0.15276,0.15155,0.75361,0.00646966,0.00646966,0.00646966
3568,5422.68,0.27402,0.23489,0.80244,0.92177,0.94357,0.98229,0.96036,0.15252,0.15232,0.75343,0.00646867,0.00646867,0.00646867
3569,5424.14,0.27923,0.23442,0.80315,0.91993,0.94543,0.98244,0.96126,0.15202,0.15244,0.75329,0.00646768,0.00646768,0.00646768
3570,5425.63,0.27572,0.23469,0.80626,0.91657,0.94526,0.98211,0.96022,0.15238,0.15262,0.75328,0.00646669,0.00646669,0.00646669
3571,5427.12,0.27451,0.23924,0.79257,0.91692,0.94728,0.98237,0.95857,0.15237,0.15298,0.75318,0.0064657,0.0064657,0.0064657
3572,5428.59,0.27938,0.2374,0.8011,0.92052,0.95261,0.98395,0.9613,0.15248,0.15292,0.75306,0.00646471,0.00646471,0.00646471
3573,5430.04,0.28909,0.2452,0.79921,0.9238,0.95212,0.98283,0.96031,0.15267,0.15279,0.75299,0.00646372,0.00646372,0.00646372
3574,5431.52,0.26897,0.23692,0.80136,0.93702,0.96198,0.98179,0.96203,0.15247,0.15261,0.75282,0.00646273,0.00646273,0.00646273
3575,5432.97,0.26834,0.23874,0.79963,0.92994,0.96087,0.98251,0.96265,0.15205,0.15231,0.75266,0.00646174,0.00646174,0.00646174
3576,5434.42,0.28112,0.23831,0.80256,0.93704,0.95662,0.98154,0.96273,0.15228,0.15239,0.7527,0.00646075,0.00646075,0.00646075
3577,5435.92,0.28675,0.23857,0.79713,0.93895,0.9576,0.98216,0.96133,0.15226,0.15238,0.75268,0.00645976,0.00645976,0.00645976
3578,5437.49,0.27132,0.24082,0.79708,0.94135,0.95864,0.98258,0.9604,0.15221,0.15202,0.75265,0.00645877,0.00645877,0.00645877
3579,5438.96,0.26821,0.23749,0.80133,0.93324,0.95617,0.98021,0.95974,0.15317,0.15265,0.75272,0.00645778,0.00645778,0.00645778
3580,5440.45,0.27215,0.23267,0.80334,0.92667,0.9564,0.97954,0.95604,0.15425,0.15282,0.75276,0.00645679,0.00645679,0.00645679
3581,5441.87,0.27508,0.23347,0.80295,0.92298,0.95673,0.9818,0.95802,0.15411,0.15232,0.75265,0.0064558,0.0064558,0.0064558
3582,5443.43,0.26313,0.22522,0.79208,0.9278,0.95518,0.9824,0.9592,0.15427,0.15232,0.75275,0.00645481,0.00645481,0.00645481
3583,5444.95,0.29307,0.23718,0.80606,0.9253,0.95529,0.97989,0.9575,0.15535,0.15243,0.7528,0.00645382,0.00645382,0.00645382
3584,5446.4,0.26526,0.2302,0.79334,0.91989,0.95182,0.97922,0.95996,0.15492,0.15186,0.75283,0.00645283,0.00645283,0.00645283
3585,5447.9,0.26023,0.22805,0.80006,0.90596,0.952,0.9809,0.96129,0.15523,0.15238,0.7529,0.00645184,0.00645184,0.00645184
3586,5449.45,0.28596,0.24288,0.80484,0.9234,0.95411,0.98154,0.96001,0.15518,0.15286,0.75289,0.00645085,0.00645085,0.00645085
3587,5450.9,0.26511,0.23686,0.79362,0.92137,0.95381,0.97957,0.95892,0.1547,0.15253,0.75292,0.00644986,0.00644986,0.00644986
3588,5452.45,0.26912,0.23458,0.79278,0.91898,0.95264,0.97903,0.95847,0.1548,0.1527,0.75301,0.00644887,0.00644887,0.00644887
3589,5454.01,0.28635,0.24518,0.80369,0.93375,0.95526,0.9807,0.95725,0.15483,0.15278,0.75306,0.00644788,0.00644788,0.00644788
3590,5455.5,0.26435,0.23156,0.795,0.93481,0.95357,0.98177,0.95913,0.15527,0.15325,0.75307,0.00644689,0.00644689,0.00644689
3591,5456.98,0.28299,0.24408,0.79283,0.93256,0.95308,0.98121,0.9575,0.15527,0.15298,0.75307,0.0064459,0.0064459,0.0064459
3592,5458.48,0.26978,0.24064,0.79065,0.9298,0.94984,0.97983,0.95858,0.15521,0.15347,0.75304,0.00644491,0.00644491,0.00644491
3593,5459.99,0.26078,0.23121,0.79573,0.93263,0.94944,0.98225,0.95999,0.15566,0.15331,0.75311,0.00644392,0.00644392,0.00644392
3594,5461.46,0.27494,0.24427,0.80209,0.92067,0.95006,0.98336,0.96009,0.15526,0.15375,0.75297,0.00644293,0.00644293,0.00644293
3595,5462.96,0.29662,0.24467,0.81401,0.91207,0.94765,0.98258,0.96256,0.15526,0.1536,0.75301,0.00644194,0.00644194,0.00644194
3596,5464.45,0.2772,0.24454,0.80336,0.92248,0.94802,0.98237,0.9617,0.15566,0.15349,0.75307,0.00644095,0.00644095,0.00644095
3597,5465.88,0.27115,0.23611,0.79832,0.92396,0.94739,0.98182,0.95711,0.15447,0.15311,0.75298,0.00643996,0.00643996,0.00643996
3598,5467.48,0.27529,0.24094,0.80047,0.917,0.94921,0.97954,0.95718,0.15372,0.15345,0.75295,0.00643897,0.00643897,0.00643897
3599,5468.98,0.27494,0.23883,0.80382,0.91599,0.94936,0.98044,0.95559,0.15439,0.15375,0.75313,0.00643798,0.00643798,0.00643798
3600,5470.45,0.28817,0.24717,0.81078,0.92036,0.94784,0.9795,0.9547,0.15377,0.15394,0.75305,0.00643699,0.00643699,0.00643699
3601,5471.97,0.27527,0.23393,0.80546,0.91517,0.94474,0.98111,0.9579,0.15381,0.15365,0.75314,0.006436,0.006436,0.006436
3602,5473.45,0.26864,0.23124,0.79727,0.92019,0.94825,0.98075,0.95665,0.15488,0.15393,0.7532,0.00643501,0.00643501,0.00643501
3603,5474.98,0.29301,0.24724,0.80222,0.93145,0.94613,0.9802,0.95729,0.15413,0.15331,0.75322,0.00643402,0.00643402,0.00643402
3604,5476.5,0.27893,0.24448,0.79651,0.93357,0.94938,0.98027,0.95607,0.15452,0.15322,0.75321,0.00643303,0.00643303,0.00643303
3605,5477.96,0.28776,0.24341,0.80337,0.93583,0.94963,0.97993,0.95836,0.15481,0.15351,0.75318,0.00643204,0.00643204,0.00643204
3606,5479.45,0.28964,0.23798,0.80426,0.93569,0.95158,0.98185,0.95952,0.15425,0.15264,0.75324,0.00643105,0.00643105,0.00643105
3607,5480.94,0.26138,0.23496,0.79687,0.93857,0.9526,0.97967,0.95941,0.15429,0.15198,0.75318,0.00643006,0.00643006,0.00643006
3608,5482.44,0.29015,0.24652,0.80041,0.9371,0.95735,0.9797,0.95998,0.15547,0.1527,0.75311,0.00642907,0.00642907,0.00642907
3609,5484.02,0.2565,0.23205,0.79329,0.93597,0.9589,0.97967,0.96084,0.15459,0.15205,0.75308,0.00642808,0.00642808,0.00642808
3610,5485.59,0.27654,0.24271,0.80529,0.93017,0.96047,0.97892,0.95873,0.15436,0.15204,0.75296,0.00642709,0.00642709,0.00642709
3611,5487.07,0.28699,0.24999,0.79465,0.93211,0.95973,0.98004,0.95971,0.15516,0.15195,0.75296,0.0064261,0.0064261,0.0064261
3612,5488.53,0.26616,0.23743,0.79171,0.9249,0.96338,0.98038,0.95972,0.15441,0.15193,0.75288,0.00642511,0.00642511,0.00642511
3613,5489.98,0.26888,0.23784,0.79707,0.93075,0.96506,0.98157,0.96071,0.15411,0.15246,0.75286,0.00642412,0.00642412,0.00642412
3614,5491.5,0.26395,0.2353,0.79898,0.92716,0.96243,0.97813,0.95946,0.15448,0.15258,0.75289,0.00642313,0.00642313,0.00642313
3615,5492.97,0.27465,0.23403,0.80166,0.92663,0.96343,0.97878,0.95722,0.15337,0.15203,0.75279,0.00642214,0.00642214,0.00642214
3616,5494.48,0.28324,0.236,0.8035,0.92358,0.9613,0.97822,0.95757,0.15327,0.15184,0.75269,0.00642115,0.00642115,0.00642115
3617,5496.04,0.2653,0.23519,0.79353,0.9247,0.96129,0.9773,0.95668,0.15389,0.15178,0.75279,0.00642016,0.00642016,0.00642016
3618,5497.67,0.26194,0.23659,0.80104,0.92896,0.96363,0.97851,0.96017,0.15311,0.15169,0.75261,0.00641917,0.00641917,0.00641917
3619,5499.36,0.27256,0.23899,0.79642,0.93009,0.95863,0.97908,0.95884,0.15285,0.15137,0.75257,0.00641818,0.00641818,0.00641818
3620,5500.87,0.2504,0.22338,0.79627,0.92481,0.9567,0.97642,0.9572,0.15355,0.15119,0.75264,0.00641719,0.00641719,0.00641719
3621,5502.31,0.27338,0.23809,0.80626,0.93062,0.95832,0.97728,0.96139,0.15275,0.15065,0.75261,0.0064162,0.0064162,0.0064162
3622,5503.82,0.26485,0.23544,0.7964,0.93627,0.958,0.98087,0.96248,0.15306,0.15043,0.75267,0.00641521,0.00641521,0.00641521
3623,5505.28,0.27668,0.24492,0.79696,0.93356,0.95773,0.9804,0.96084,0.15418,0.15106,0.75278,0.00641422,0.00641422,0.00641422
3624,5506.79,0.2628,0.2442,0.79092,0.93545,0.95702,0.98139,0.96309,0.15374,0.1508,0.75276,0.00641323,0.00641323,0.00641323
3625,5508.28,0.28259,0.24438,0.80054,0.93905,0.95774,0.98161,0.96375,0.15331,0.15076,0.75277,0.00641224,0.00641224,0.00641224
3626,5509.81,0.26112,0.23579,0.7917,0.93616,0.95493,0.97976,0.96021,0.15371,0.15079,0.7528,0.00641125,0.00641125,0.00641125
3627,5511.35,0.26178,0.2341,0.79854,0.9394,0.95788,0.98322,0.96358,0.15263,0.15029,0.75278,0.00641026,0.00641026,0.00641026
3628,5513,0.25513,0.22832,0.79239,0.93781,0.95833,0.98124,0.96281,0.15274,0.15033,0.75275,0.00640927,0.00640927,0.00640927
3629,5514.46,0.27205,0.23258,0.80029,0.92911,0.95515,0.97966,0.96174,0.15319,0.15018,0.75283,0.00640828,0.00640828,0.00640828
3630,5515.92,0.27008,0.2353,0.79886,0.93443,0.95719,0.9799,0.96163,0.15258,0.14989,0.75276,0.00640729,0.00640729,0.00640729
3631,5517.42,0.27615,0.23317,0.79931,0.93092,0.95833,0.97983,0.95904,0.15251,0.15072,0.75268,0.0064063,0.0064063,0.0064063
3632,5518.87,0.28516,0.2435,0.80253,0.93062,0.9561,0.97967,0.95854,0.15265,0.15075,0.75279,0.00640531,0.00640531,0.00640531
3633,5520.32,0.28311,0.23472,0.80729,0.92759,0.95631,0.97969,0.95661,0.15319,0.15127,0.75273,0.00640432,0.00640432,0.00640432
3634,5521.87,0.25676,0.23,0.79777,0.92323,0.95807,0.9804,0.95808,0.15375,0.15104,0.75273,0.00640333,0.00640333,0.00640333
3635,5523.29,0.28649,0.24465,0.79761,0.92872,0.96202,0.98113,0.96082,0.15344,0.15077,0.75269,0.00640234,0.00640234,0.00640234
3636,5524.78,0.2952,0.24133,0.80513,0.92265,0.96119,0.98115,0.95955,0.1536,0.15075,0.75268,0.00640135,0.00640135,0.00640135
3637,5526.28,0.2836,0.24411,0.80255,0.92186,0.95568,0.98052,0.96187,0.15369,0.15031,0.75267,0.00640036,0.00640036,0.00640036
3638,5527.9,0.27554,0.24404,0.80146,0.92476,0.95518,0.98144,0.96283,0.15318,0.15097,0.75271,0.00639937,0.00639937,0.00639937
3639,5529.45,0.27642,0.2443,0.80214,0.91792,0.95268,0.9794,0.962,0.15381,0.15103,0.75275,0.00639838,0.00639838,0.00639838
3640,5530.93,0.29351,0.25826,0.79949,0.92237,0.9523,0.98073,0.96138,0.15374,0.15078,0.75277,0.00639739,0.00639739,0.00639739
3641,5532.31,0.27491,0.24384,0.79401,0.92543,0.95267,0.97767,0.95925,0.15399,0.15082,0.75281,0.0063964,0.0063964,0.0063964
3642,5533.74,0.25873,0.23909,0.79348,0.92257,0.9573,0.97853,0.96012,0.15396,0.15082,0.75281,0.00639541,0.00639541,0.00639541
3643,5535.16,0.26334,0.23978,0.79691,0.93052,0.95642,0.98131,0.96267,0.15454,0.15068,0.75301,0.00639442,0.00639442,0.00639442
3644,5536.57,0.2753,0.24308,0.79547,0.92951,0.95921,0.98042,0.96275,0.15457,0.15044,0.75308,0.00639343,0.00639343,0.00639343
3645,5537.99,0.27731,0.24609,0.79879,0.9287,0.95577,0.98093,0.96283,0.15478,0.15057,0.75313,0.00639244,0.00639244,0.00639244
3646,5539.41,0.27169,0.24164,0.79452,0.93188,0.94984,0.97973,0.96069,0.15535,0.15077,0.75314,0.00639145,0.00639145,0.00639145
3647,5540.81,0.28025,0.24505,0.80439,0.91129,0.95444,0.97998,0.96202,0.15585,0.15049,0.75327,0.00639046,0.00639046,0.00639046
3648,5542.28,0.2989,0.24706,0.80455,0.91736,0.95444,0.98087,0.96329,0.15596,0.15089,0.75331,0.00638947,0.00638947,0.00638947
3649,5543.94,0.26066,0.23484,0.79549,0.9151,0.9531,0.97932,0.95999,0.15583,0.15039,0.75321,0.00638848,0.00638848,0.00638848
3650,5545.41,0.27397,0.24231,0.79217,0.91573,0.9526,0.97896,0.95865,0.15536,0.15058,0.75314,0.00638749,0.00638749,0.00638749
3651,5546.81,0.27342,0.24782,0.80127,0.93285,0.95203,0.98138,0.96295,0.15667,0.15099,0.75317,0.0063865,0.0063865,0.0063865
3652,5548.25,0.28906,0.24761,0.80862,0.93055,0.95378,0.9803,0.96053,0.15646,0.15125,0.75313,0.00638551,0.00638551,0.00638551
3653,5549.64,0.25398,0.23131,0.79596,0.93459,0.95474,0.98217,0.96407,0.15594,0.15164,0.75312,0.00638452,0.00638452,0.00638452
3654,5551.05,0.29141,0.25504,0.8044,0.93231,0.94796,0.98127,0.96137,0.15572,0.15173,0.75311,0.00638353,0.00638353,0.00638353
3655,5552.45,0.26671,0.23609,0.80136,0.93807,0.95375,0.98443,0.96352,0.15578,0.1518,0.7531,0.00638254,0.00638254,0.00638254
3656,5553.84,0.27765,0.2355,0.80541,0.93222,0.95431,0.9828,0.96206,0.15616,0.15179,0.75321,0.00638155,0.00638155,0.00638155
3657,5555.27,0.26615,0.23895,0.80235,0.93282,0.9553,0.98264,0.96191,0.15635,0.15215,0.75322,0.00638056,0.00638056,0.00638056
3658,5556.83,0.27782,0.23948,0.79464,0.92368,0.95817,0.98011,0.96027,0.15649,0.15241,0.75324,0.00637957,0.00637957,0.00637957
3659,5558.34,0.29627,0.25347,0.80219,0.92733,0.95757,0.98162,0.96351,0.15679,0.15262,0.75337,0.00637858,0.00637858,0.00637858
3660,5559.81,0.27711,0.24298,0.80142,0.93016,0.95619,0.98036,0.962,0.15685,0.15198,0.75339,0.00637759,0.00637759,0.00637759
3661,5561.26,0.26483,0.23368,0.79656,0.92885,0.95864,0.97964,0.96095,0.15655,0.15142,0.75341,0.0063766,0.0063766,0.0063766
3662,5562.75,0.29043,0.2552,0.79701,0.92309,0.95751,0.97912,0.96242,0.15661,0.15135,0.75343,0.00637561,0.00637561,0.00637561
3663,5564.25,0.28315,0.25085,0.79709,0.92841,0.95682,0.97802,0.95926,0.15566,0.15116,0.75342,0.00637462,0.00637462,0.00637462
3664,5565.71,0.27432,0.24198,0.7995,0.9266,0.95666,0.98013,0.96083,0.15594,0.15107,0.75333,0.00637363,0.00637363,0.00637363
3665,5567.13,0.27802,0.24274,0.79862,0.9332,0.95959,0.98114,0.96139,0.15622,0.1512,0.75333,0.00637264,0.00637264,0.00637264
3666,5568.6,0.27513,0.24807,0.79822,0.92737,0.95726,0.98004,0.96216,0.15562,0.15118,0.75327,0.00637165,0.00637165,0.00637165
3667,5570.1,0.28125,0.24342,0.79996,0.92424,0.95893,0.97959,0.95853,0.15546,0.15127,0.75325,0.00637066,0.00637066,0.00637066
3668,5571.63,0.28173,0.24114,0.79607,0.91911,0.95865,0.97833,0.9573,0.15563,0.15171,0.75323,0.00636967,0.00636967,0.00636967
3669,5573.14,0.25943,0.23175,0.79868,0.92116,0.96122,0.9793,0.96048,0.15571,0.15126,0.75327,0.00636868,0.00636868,0.00636868
3670,5574.68,0.25428,0.23154,0.79433,0.92161,0.96635,0.98037,0.96125,0.15576,0.1509,0.75323,0.00636769,0.00636769,0.00636769
3671,5576.15,0.2664,0.2268,0.80225,0.92464,0.96487,0.98186,0.96258,0.15387,0.14975,0.75311,0.0063667,0.0063667,0.0063667
3672,5577.65,0.27879,0.23999,0.79883,0.92438,0.96696,0.98188,0.9611,0.15472,0.14989,0.75313,0.00636571,0.00636571,0.00636571
3673,5579.15,0.28153,0.23712,0.79898,0.91663,0.96339,0.97818,0.95784,0.15358,0.14983,0.75308,0.00636472,0.00636472,0.00636472
3674,5580.69,0.26087,0.22738,0.79602,0.91998,0.96305,0.97906,0.95915,0.15243,0.14974,0.75295,0.00636373,0.00636373,0.00636373
3675,5582.13,0.25123,0.23001,0.79355,0.91908,0.96007,0.97716,0.95527,0.1533,0.14973,0.75303,0.00636274,0.00636274,0.00636274
3676,5583.67,0.27586,0.24248,0.79072,0.92619,0.96182,0.97716,0.95327,0.15306,0.14944,0.75305,0.00636175,0.00636175,0.00636175
3677,5585.14,0.27422,0.24143,0.80238,0.90881,0.96055,0.97592,0.9536,0.15232,0.14971,0.75295,0.00636076,0.00636076,0.00636076
3678,5586.6,0.27149,0.23592,0.80131,0.92888,0.95992,0.97969,0.95746,0.15285,0.14941,0.75305,0.00635977,0.00635977,0.00635977
3679,5588.21,0.29072,0.24353,0.80042,0.9287,0.964,0.97914,0.95494,0.15392,0.15029,0.75312,0.00635878,0.00635878,0.00635878
3680,5589.73,0.27757,0.24206,0.80284,0.93122,0.95906,0.97938,0.95244,0.15407,0.15074,0.75304,0.00635779,0.00635779,0.00635779
3681,5591.23,0.28522,0.24137,0.79427,0.92974,0.9592,0.97994,0.9536,0.15524,0.15138,0.75319,0.0063568,0.0063568,0.0063568
3682,5592.71,0.26545,0.233,0.79323,0.93038,0.95747,0.97781,0.95411,0.15513,0.15208,0.75323,0.00635581,0.00635581,0.00635581
3683,5594.21,0.28435,0.24092,0.80874,0.92196,0.95826,0.97761,0.95771,0.15438,0.15214,0.7532,0.00635482,0.00635482,0.00635482
3684,5595.68,0.27842,0.24557,0.80057,0.9223,0.95678,0.97754,0.95269,0.15506,0.15233,0.75323,0.00635383,0.00635383,0.00635383
3685,5597.22,0.26909,0.23242,0.80172,0.92745,0.95512,0.979,0.95812,0.15549,0.1522,0.7533,0.00635284,0.00635284,0.00635284
3686,5598.7,0.2828,0.24388,0.80201,0.92401,0.9562,0.97997,0.95812,0.1549,0.1521,0.75326,0.00635185,0.00635185,0.00635185
3687,5600.17,0.26143,0.23089,0.79742,0.9309,0.96277,0.98013,0.95691,0.15507,0.15172,0.75321,0.00635086,0.00635086,0.00635086
3688,5601.74,0.27297,0.23025,0.80147,0.92888,0.95585,0.98109,0.95923,0.15496,0.15167,0.75314,0.00634987,0.00634987,0.00634987
3689,5603.29,0.27722,0.23738,0.80698,0.92864,0.9553,0.98177,0.95825,0.15415,0.15112,0.75309,0.00634888,0.00634888,0.00634888
3690,5604.79,0.30205,0.24729,0.81019,0.92403,0.95767,0.97864,0.9573,0.15467,0.15128,0.75309,0.00634789,0.00634789,0.00634789
3691,5606.33,0.27618,0.23734,0.79701,0.92375,0.95953,0.97881,0.95611,0.15402,0.15103,0.7531,0.0063469,0.0063469,0.0063469
3692,5607.84,0.26905,0.23346,0.79804,0.92695,0.95577,0.98179,0.95738,0.15387,0.15133,0.75309,0.00634591,0.00634591,0.00634591
3693,5609.3,0.26698,0.23167,0.7978,0.93215,0.9575,0.98167,0.95911,0.15438,0.15135,0.75308,0.00634492,0.00634492,0.00634492
3694,5610.78,0.27981,0.2323,0.79539,0.9293,0.95384,0.98048,0.96166,0.15387,0.15125,0.75294,0.00634393,0.00634393,0.00634393
3695,5612.24,0.2909,0.23098,0.80847,0.91722,0.9509,0.98041,0.96061,0.15363,0.15134,0.75283,0.00634294,0.00634294,0.00634294
3696,5613.7,0.28755,0.24574,0.80491,0.91641,0.95274,0.9798,0.96033,0.15391,0.15136,0.75278,0.00634195,0.00634195,0.00634195
3697,5615.18,0.31315,0.24799,0.80355,0.91975,0.95397,0.98006,0.95886,0.15387,0.1512,0.75267,0.00634096,0.00634096,0.00634096
3698,5616.75,0.27602,0.24398,0.79313,0.92038,0.95208,0.9777,0.9566,0.15343,0.1513,0.75273,0.00633997,0.00633997,0.00633997
3699,5618.39,0.29338,0.24909,0.80287,0.91948,0.95197,0.98227,0.9632,0.15377,0.15151,0.75268,0.00633898,0.00633898,0.00633898
3700,5619.91,0.2714,0.23286,0.79771,0.91851,0.94924,0.98002,0.95888,0.15413,0.1516,0.75267,0.00633799,0.00633799,0.00633799
3701,5621.45,0.27139,0.23856,0.79717,0.93041,0.95237,0.98045,0.96186,0.15323,0.151,0.75265,0.006337,0.006337,0.006337
3702,5622.89,0.27918,0.24247,0.79633,0.92588,0.95319,0.97668,0.95645,0.15362,0.15118,0.75266,0.00633601,0.00633601,0.00633601
3703,5624.41,0.27171,0.23516,0.79443,0.92456,0.95354,0.97577,0.9553,0.15308,0.15078,0.75266,0.00633502,0.00633502,0.00633502
3704,5625.85,0.28257,0.23677,0.80933,0.93186,0.95432,0.98106,0.95987,0.15227,0.1501,0.7526,0.00633403,0.00633403,0.00633403
3705,5627.32,0.27944,0.23589,0.80266,0.9281,0.95179,0.97866,0.9582,0.15218,0.14977,0.75256,0.00633304,0.00633304,0.00633304
3706,5628.8,0.30012,0.24485,0.80502,0.92769,0.95277,0.97884,0.95691,0.15227,0.14982,0.75256,0.00633205,0.00633205,0.00633205
3707,5630.31,0.26062,0.23093,0.79967,0.93316,0.95325,0.97912,0.95769,0.15235,0.14975,0.75263,0.00633106,0.00633106,0.00633106
3708,5631.9,0.26736,0.23425,0.79729,0.93135,0.9547,0.97944,0.95916,0.15235,0.1494,0.75261,0.00633007,0.00633007,0.00633007
3709,5633.5,0.27901,0.23225,0.8027,0.93,0.95718,0.98168,0.96354,0.1529,0.14957,0.75266,0.00632908,0.00632908,0.00632908
3710,5634.96,0.27629,0.23493,0.79966,0.92524,0.95534,0.98031,0.96374,0.15279,0.14946,0.75273,0.00632809,0.00632809,0.00632809
3711,5636.53,0.25116,0.22704,0.79003,0.92726,0.9569,0.9809,0.96187,0.15371,0.14995,0.75263,0.0063271,0.0063271,0.0063271
3712,5638.05,0.27237,0.23506,0.79286,0.92672,0.95412,0.97978,0.9607,0.15368,0.14952,0.75263,0.00632611,0.00632611,0.00632611
3713,5639.46,0.28093,0.2414,0.79084,0.93014,0.95452,0.97929,0.95917,0.15417,0.15014,0.75262,0.00632512,0.00632512,0.00632512
3714,5640.91,0.26596,0.23819,0.79643,0.93221,0.95715,0.97934,0.96152,0.15416,0.14995,0.75256,0.00632413,0.00632413,0.00632413
3715,5642.51,0.27324,0.23383,0.80431,0.92325,0.9551,0.98064,0.96223,0.15409,0.15002,0.75255,0.00632314,0.00632314,0.00632314
3716,5643.92,0.27305,0.23845,0.7979,0.93514,0.95913,0.98109,0.96299,0.15371,0.14987,0.75252,0.00632215,0.00632215,0.00632215
3717,5645.43,0.28877,0.24401,0.7926,0.936,0.95703,0.97867,0.95996,0.15394,0.14966,0.75257,0.00632116,0.00632116,0.00632116
3718,5646.99,0.30544,0.24999,0.81304,0.93342,0.95586,0.98081,0.95984,0.15432,0.1505,0.75258,0.00632017,0.00632017,0.00632017
3719,5648.48,0.2773,0.2356,0.81379,0.93243,0.95494,0.98157,0.9618,0.15333,0.15024,0.75263,0.00631918,0.00631918,0.00631918
3720,5649.98,0.26994,0.23294,0.79531,0.93201,0.95669,0.98314,0.96485,0.15358,0.1508,0.75262,0.00631819,0.00631819,0.00631819
3721,5651.48,0.27243,0.24124,0.79816,0.92713,0.95602,0.9815,0.96205,0.15287,0.15039,0.75255,0.0063172,0.0063172,0.0063172
3722,5652.97,0.27279,0.23895,0.79922,0.92705,0.95555,0.98251,0.96338,0.15245,0.14968,0.75262,0.00631621,0.00631621,0.00631621
3723,5654.43,0.27184,0.22902,0.79736,0.92398,0.95683,0.98065,0.95913,0.15304,0.15056,0.75259,0.00631522,0.00631522,0.00631522
3724,5655.94,0.27118,0.23726,0.80108,0.92183,0.95733,0.98001,0.95865,0.15333,0.15025,0.75262,0.00631423,0.00631423,0.00631423
3725,5657.45,0.26554,0.23526,0.79229,0.92694,0.95568,0.9791,0.9579,0.15267,0.14955,0.75268,0.00631324,0.00631324,0.00631324
3726,5658.91,0.26627,0.23649,0.79517,0.9244,0.95376,0.97971,0.95755,0.15277,0.15023,0.75257,0.00631225,0.00631225,0.00631225
3727,5660.42,0.28568,0.24471,0.8063,0.92106,0.95364,0.9778,0.95623,0.1524,0.15073,0.75248,0.00631126,0.00631126,0.00631126
3728,5661.91,0.27183,0.23352,0.79651,0.9194,0.95599,0.9791,0.95745,0.15205,0.15066,0.75257,0.00631027,0.00631027,0.00631027
3729,5663.54,0.27315,0.24623,0.79862,0.92469,0.96064,0.98076,0.95921,0.15203,0.15056,0.7525,0.00630928,0.00630928,0.00630928
3730,5665,0.29136,0.24626,0.80794,0.91676,0.95701,0.97879,0.95658,0.15155,0.15057,0.75256,0.00630829,0.00630829,0.00630829
3731,5666.53,0.27381,0.23946,0.79668,0.92047,0.95756,0.97976,0.95767,0.15033,0.14963,0.75268,0.0063073,0.0063073,0.0063073
3732,5668.03,0.29767,0.25415,0.79237,0.92142,0.95716,0.98036,0.95965,0.15066,0.15008,0.75255,0.00630631,0.00630631,0.00630631
3733,5669.47,0.27376,0.2383,0.80153,0.92376,0.95673,0.98021,0.95999,0.15103,0.15025,0.75253,0.00630532,0.00630532,0.00630532
3734,5670.96,0.2824,0.25266,0.80827,0.92423,0.95551,0.97763,0.95623,0.15104,0.14986,0.75261,0.00630433,0.00630433,0.00630433
3735,5672.5,0.27027,0.2395,0.79771,0.92238,0.95542,0.98048,0.95788,0.15134,0.15012,0.75262,0.00630334,0.00630334,0.00630334
3736,5673.97,0.26839,0.2417,0.80225,0.92604,0.95462,0.98008,0.95751,0.15153,0.14989,0.75274,0.00630235,0.00630235,0.00630235
3737,5675.44,0.27084,0.24088,0.80336,0.92636,0.95426,0.97777,0.95627,0.15099,0.14907,0.75283,0.00630136,0.00630136,0.00630136
3738,5676.99,0.26975,0.24261,0.79766,0.91073,0.95267,0.97681,0.9548,0.15126,0.14911,0.75287,0.00630037,0.00630037,0.00630037
3739,5678.65,0.26653,0.23394,0.80009,0.93108,0.95343,0.97868,0.95654,0.15135,0.14887,0.75285,0.00629938,0.00629938,0.00629938
3740,5680.15,0.26283,0.23623,0.79731,0.91603,0.95041,0.97704,0.95628,0.15106,0.14876,0.75293,0.00629839,0.00629839,0.00629839
3741,5681.72,0.2577,0.23188,0.79633,0.91709,0.95139,0.97876,0.95917,0.1512,0.14885,0.75293,0.0062974,0.0062974,0.0062974
3742,5683.19,0.26858,0.24371,0.80052,0.93037,0.9505,0.97719,0.95516,0.15059,0.14831,0.75297,0.00629641,0.00629641,0.00629641
3743,5684.7,0.26715,0.24105,0.79683,0.93495,0.95091,0.97954,0.95759,0.15007,0.14791,0.75303,0.00629542,0.00629542,0.00629542
3744,5686.22,0.27712,0.24666,0.79926,0.91585,0.9507,0.97941,0.95648,0.15008,0.14794,0.75304,0.00629443,0.00629443,0.00629443
3745,5687.68,0.27764,0.247,0.80802,0.93144,0.95162,0.97964,0.95843,0.14985,0.14828,0.75306,0.00629344,0.00629344,0.00629344
3746,5689.12,0.26674,0.2334,0.79738,0.9223,0.95669,0.97976,0.95943,0.1497,0.148,0.75321,0.00629245,0.00629245,0.00629245
3747,5690.61,0.27242,0.23702,0.79823,0.93594,0.95125,0.97931,0.957,0.14921,0.14769,0.75318,0.00629146,0.00629146,0.00629146
3748,5692.1,0.25921,0.2338,0.79665,0.9396,0.95283,0.97933,0.95887,0.14964,0.14835,0.75317,0.00629047,0.00629047,0.00629047
3749,5693.75,0.26138,0.23464,0.79826,0.94051,0.95461,0.98031,0.96056,0.14959,0.14839,0.75319,0.00628948,0.00628948,0.00628948
3750,5695.24,0.27249,0.24129,0.79224,0.92615,0.94941,0.97924,0.96019,0.14935,0.14865,0.75322,0.00628849,0.00628849,0.00628849
3751,5696.77,0.28036,0.24687,0.80385,0.93764,0.94991,0.97835,0.95948,0.14908,0.14849,0.75331,0.0062875,0.0062875,0.0062875
3752,5698.26,0.26149,0.24541,0.79891,0.92957,0.9502,0.97875,0.95881,0.14886,0.1484,0.75337,0.00628651,0.00628651,0.00628651
3753,5699.7,0.2614,0.23903,0.80127,0.93874,0.95039,0.98038,0.96055,0.14929,0.14857,0.75342,0.00628552,0.00628552,0.00628552
3754,5701.19,0.2645,0.23905,0.79744,0.92295,0.95111,0.97775,0.95831,0.14945,0.14864,0.75341,0.00628453,0.00628453,0.00628453
3755,5702.72,0.26518,0.23213,0.80048,0.93373,0.9535,0.97802,0.95736,0.14959,0.14883,0.75347,0.00628354,0.00628354,0.00628354
3756,5704.24,0.30281,0.25372,0.81631,0.93727,0.95396,0.98016,0.96007,0.14968,0.149,0.75345,0.00628255,0.00628255,0.00628255
3757,5705.75,0.27702,0.24708,0.80675,0.9415,0.95719,0.98064,0.96015,0.15023,0.14931,0.75344,0.00628156,0.00628156,0.00628156
3758,5707.26,0.27313,0.23488,0.80771,0.93409,0.95603,0.98014,0.95976,0.15034,0.14974,0.75353,0.00628057,0.00628057,0.00628057
3759,5708.82,0.26606,0.23318,0.79484,0.9382,0.95034,0.98137,0.96198,0.15034,0.1492,0.75348,0.00627958,0.00627958,0.00627958
3760,5710.31,0.26837,0.23638,0.79966,0.94255,0.95407,0.98257,0.96197,0.15022,0.14872,0.75351,0.00627859,0.00627859,0.00627859
3761,5711.76,0.2531,0.22618,0.79427,0.93661,0.95415,0.98196,0.96163,0.15011,0.14889,0.75353,0.0062776,0.0062776,0.0062776
3762,5713.25,0.27601,0.23934,0.79849,0.92605,0.95434,0.98129,0.96148,0.14984,0.14854,0.75357,0.00627661,0.00627661,0.00627661
3763,5714.73,0.25,0.22694,0.79594,0.93679,0.95747,0.98035,0.95961,0.1494,0.14839,0.75356,0.00627562,0.00627562,0.00627562
3764,5716.25,0.28342,0.24404,0.79589,0.93631,0.95894,0.98095,0.95926,0.14911,0.14812,0.75361,0.00627463,0.00627463,0.00627463
3765,5717.68,0.29979,0.24825,0.80718,0.93314,0.95729,0.98039,0.95984,0.14916,0.14788,0.7536,0.00627364,0.00627364,0.00627364
3766,5719.19,0.25238,0.22505,0.79808,0.93089,0.95642,0.97845,0.96098,0.14921,0.14738,0.75352,0.00627265,0.00627265,0.00627265
3767,5720.68,0.26586,0.23736,0.79536,0.92949,0.95794,0.97943,0.95832,0.14939,0.14702,0.75352,0.00627166,0.00627166,0.00627166
3768,5722.23,0.26935,0.23711,0.79892,0.92777,0.95878,0.97963,0.95913,0.14887,0.14662,0.75348,0.00627067,0.00627067,0.00627067
3769,5723.98,0.26038,0.22991,0.79397,0.93543,0.96164,0.98156,0.96172,0.14861,0.14568,0.75341,0.00626968,0.00626968,0.00626968
3770,5725.48,0.29938,0.24814,0.80298,0.93354,0.96117,0.98051,0.96089,0.14867,0.14549,0.75348,0.00626869,0.00626869,0.00626869
3771,5727.04,0.27834,0.23891,0.79736,0.93063,0.96404,0.98129,0.96216,0.14866,0.14542,0.75337,0.0062677,0.0062677,0.0062677
3772,5728.51,0.27051,0.24003,0.79168,0.93227,0.9626,0.98051,0.96028,0.14847,0.14507,0.75333,0.00626671,0.00626671,0.00626671
3773,5730.06,0.27773,0.24464,0.80106,0.93047,0.96425,0.98213,0.96303,0.14854,0.14511,0.75336,0.00626572,0.00626572,0.00626572
3774,5731.51,0.26519,0.23014,0.80823,0.93001,0.96422,0.98165,0.96154,0.1483,0.14482,0.75325,0.00626473,0.00626473,0.00626473
3775,5733.03,0.28384,0.23938,0.80602,0.92635,0.96226,0.97962,0.96064,0.14888,0.14533,0.75327,0.00626374,0.00626374,0.00626374
3776,5734.54,0.27501,0.24177,0.79654,0.92632,0.96166,0.97882,0.95929,0.14941,0.14558,0.75334,0.00626275,0.00626275,0.00626275
3777,5735.97,0.27093,0.23563,0.79769,0.92452,0.96128,0.97956,0.95991,0.14921,0.14554,0.7533,0.00626176,0.00626176,0.00626176
3778,5737.51,0.2698,0.23975,0.79323,0.92297,0.96087,0.98138,0.96107,0.14963,0.14608,0.75321,0.00626077,0.00626077,0.00626077
3779,5738.97,0.27521,0.23827,0.79836,0.92632,0.96074,0.97956,0.95906,0.14991,0.14668,0.7532,0.00625978,0.00625978,0.00625978
3780,5740.4,0.2627,0.22693,0.79932,0.92621,0.95906,0.98147,0.96034,0.14987,0.1469,0.75315,0.00625879,0.00625879,0.00625879
3781,5741.88,0.27285,0.2409,0.80141,0.92353,0.95784,0.97956,0.95948,0.14964,0.14721,0.75305,0.0062578,0.0062578,0.0062578
3782,5743.39,0.27952,0.23087,0.80774,0.9269,0.95738,0.9797,0.9597,0.14994,0.14776,0.7531,0.00625681,0.00625681,0.00625681
3783,5744.83,0.27164,0.23056,0.79845,0.92739,0.95851,0.98041,0.95994,0.14988,0.14775,0.75305,0.00625582,0.00625582,0.00625582
3784,5746.37,0.2884,0.23965,0.80372,0.92831,0.95833,0.97863,0.9582,0.15041,0.14819,0.75304,0.00625483,0.00625483,0.00625483
3785,5747.79,0.26202,0.22917,0.78836,0.92755,0.95693,0.9794,0.96015,0.15098,0.14845,0.75312,0.00625384,0.00625384,0.00625384
3786,5749.36,0.2779,0.2365,0.79733,0.92959,0.9555,0.98066,0.96091,0.15068,0.14811,0.75306,0.00625285,0.00625285,0.00625285
3787,5750.87,0.28468,0.24587,0.79312,0.93089,0.95551,0.97976,0.96205,0.15122,0.14806,0.75308,0.00625186,0.00625186,0.00625186
3788,5752.39,0.26713,0.23373,0.80912,0.93206,0.95428,0.97898,0.9612,0.15168,0.14852,0.75317,0.00625087,0.00625087,0.00625087
3789,5753.91,0.28383,0.23808,0.81192,0.93421,0.95525,0.9786,0.96201,0.15105,0.14788,0.75307,0.00624988,0.00624988,0.00624988
3790,5755.44,0.2699,0.23918,0.7991,0.93147,0.95115,0.97883,0.96113,0.15157,0.14806,0.75295,0.00624889,0.00624889,0.00624889
3791,5756.9,0.27788,0.23982,0.80406,0.92775,0.95188,0.98001,0.96177,0.15209,0.1484,0.75292,0.0062479,0.0062479,0.0062479
3792,5758.48,0.28122,0.24193,0.79743,0.9269,0.95361,0.97817,0.95825,0.15224,0.14815,0.75286,0.00624691,0.00624691,0.00624691
3793,5760.03,0.26233,0.23112,0.80331,0.92988,0.95377,0.9792,0.95983,0.15198,0.14857,0.75287,0.00624592,0.00624592,0.00624592
3794,5761.52,0.26593,0.23495,0.80499,0.92998,0.95317,0.97815,0.95618,0.15318,0.14914,0.753,0.00624493,0.00624493,0.00624493
3795,5763.07,0.26418,0.22909,0.80284,0.92954,0.95448,0.97961,0.95976,0.15216,0.14869,0.7529,0.00624394,0.00624394,0.00624394
3796,5764.55,0.29241,0.24748,0.7998,0.93147,0.95151,0.98049,0.95906,0.15269,0.14857,0.75302,0.00624295,0.00624295,0.00624295
3797,5766,0.28503,0.23567,0.80264,0.93004,0.95218,0.97889,0.95624,0.15298,0.14847,0.75307,0.00624196,0.00624196,0.00624196
3798,5767.48,0.26377,0.23395,0.79477,0.92986,0.95332,0.97959,0.95886,0.153,0.14866,0.75296,0.00624097,0.00624097,0.00624097
3799,5769.14,0.2796,0.24141,0.79991,0.93115,0.95475,0.98083,0.95941,0.15376,0.14886,0.75298,0.00623998,0.00623998,0.00623998
3800,5770.65,0.27243,0.23083,0.80551,0.92848,0.95196,0.97922,0.96068,0.15421,0.149,0.7531,0.00623899,0.00623899,0.00623899
3801,5772.1,0.26222,0.23513,0.79243,0.93252,0.95165,0.9793,0.95939,0.15357,0.1482,0.75306,0.006238,0.006238,0.006238
3802,5773.61,0.2633,0.22692,0.79904,0.93798,0.95573,0.9812,0.96059,0.15348,0.14805,0.75308,0.00623701,0.00623701,0.00623701
3803,5775.07,0.26936,0.23695,0.79937,0.93534,0.95112,0.98028,0.96076,0.15343,0.14765,0.75312,0.00623602,0.00623602,0.00623602
3804,5776.59,0.29249,0.24639,0.79839,0.93449,0.95279,0.98183,0.96256,0.15376,0.14788,0.75308,0.00623503,0.00623503,0.00623503
3805,5778.11,0.27063,0.23621,0.79313,0.93191,0.95534,0.98185,0.96359,0.15434,0.14845,0.75308,0.00623404,0.00623404,0.00623404
3806,5779.56,0.25948,0.22658,0.7903,0.92828,0.95239,0.98264,0.96171,0.15426,0.14897,0.75308,0.00623305,0.00623305,0.00623305
3807,5781.02,0.27179,0.2311,0.79839,0.92772,0.9506,0.98069,0.95921,0.15413,0.14833,0.75305,0.00623206,0.00623206,0.00623206
3808,5782.59,0.27219,0.22965,0.79876,0.92778,0.95233,0.98212,0.96148,0.15446,0.14905,0.75299,0.00623107,0.00623107,0.00623107
3809,5784.12,0.28357,0.23361,0.79763,0.9322,0.9531,0.98306,0.96425,0.15407,0.14881,0.75297,0.00623008,0.00623008,0.00623008
3810,5785.61,0.25163,0.22519,0.79314,0.92584,0.95271,0.98141,0.96204,0.15429,0.14886,0.75293,0.00622909,0.00622909,0.00622909
3811,5787.09,0.27498,0.2338,0.79341,0.91476,0.9554,0.98143,0.96039,0.15499,0.14901,0.7529,0.0062281,0.0062281,0.0062281
3812,5788.53,0.25453,0.22721,0.79239,0.90839,0.95298,0.98029,0.9588,0.15406,0.14906,0.75283,0.00622711,0.00622711,0.00622711
3813,5790.03,0.27111,0.23191,0.79803,0.92821,0.95627,0.98234,0.96202,0.15439,0.14922,0.75275,0.00622612,0.00622612,0.00622612
3814,5791.53,0.27208,0.23972,0.80788,0.93622,0.95341,0.98187,0.96045,0.15385,0.14945,0.75262,0.00622513,0.00622513,0.00622513
3815,5793,0.27987,0.23271,0.80358,0.9335,0.94979,0.9814,0.96127,0.15298,0.14903,0.75259,0.00622414,0.00622414,0.00622414
3816,5794.47,0.26224,0.2303,0.79467,0.93414,0.9506,0.98162,0.96138,0.15293,0.14903,0.75252,0.00622315,0.00622315,0.00622315
3817,5796,0.27623,0.23791,0.79889,0.92813,0.95475,0.98069,0.96124,0.15199,0.14891,0.75237,0.00622216,0.00622216,0.00622216
3818,5797.52,0.26989,0.23589,0.79799,0.93501,0.9527,0.9819,0.96178,0.15158,0.14835,0.75243,0.00622117,0.00622117,0.00622117
3819,5799.07,0.28184,0.22945,0.79709,0.93768,0.95061,0.98178,0.96264,0.15138,0.14819,0.75238,0.00622018,0.00622018,0.00622018
3820,5800.66,0.26958,0.23532,0.79156,0.93448,0.95049,0.98136,0.96142,0.15082,0.14824,0.75231,0.00621919,0.00621919,0.00621919
3821,5802.12,0.25891,0.22158,0.80136,0.93301,0.94495,0.98168,0.96166,0.15059,0.14806,0.75229,0.0062182,0.0062182,0.0062182
3822,5803.65,0.26527,0.23252,0.79436,0.93665,0.94993,0.9821,0.96064,0.1504,0.14787,0.75219,0.00621721,0.00621721,0.00621721
3823,5805.12,0.28263,0.23999,0.79367,0.9247,0.95775,0.98279,0.9614,0.14995,0.14774,0.7521,0.00621622,0.00621622,0.00621622
3824,5806.58,0.27182,0.23085,0.80362,0.92598,0.95944,0.98271,0.96312,0.14929,0.14719,0.7521,0.00621523,0.00621523,0.00621523
3825,5808.13,0.25029,0.2207,0.79674,0.92415,0.96097,0.98218,0.96141,0.14924,0.14747,0.75205,0.00621424,0.00621424,0.00621424
3826,5809.66,0.27662,0.23205,0.79698,0.92615,0.95884,0.98323,0.96459,0.14881,0.14758,0.75203,0.00621325,0.00621325,0.00621325
3827,5811.18,0.26751,0.23062,0.79602,0.9302,0.9527,0.98119,0.96195,0.14834,0.1472,0.75209,0.00621226,0.00621226,0.00621226
3828,5812.75,0.26419,0.23134,0.7913,0.9299,0.95349,0.98201,0.96168,0.14861,0.14701,0.752,0.00621127,0.00621127,0.00621127
3829,5814.32,0.25776,0.22613,0.79889,0.93256,0.96126,0.98346,0.96337,0.14828,0.14679,0.75195,0.00621028,0.00621028,0.00621028
3830,5815.8,0.28034,0.23616,0.80985,0.93107,0.95478,0.98121,0.96148,0.14791,0.14658,0.75198,0.00620929,0.00620929,0.00620929
3831,5817.27,0.26334,0.22857,0.79759,0.93521,0.95498,0.98123,0.96257,0.14833,0.147,0.75196,0.0062083,0.0062083,0.0062083
3832,5818.76,0.26665,0.23534,0.79218,0.93681,0.95617,0.98147,0.96526,0.14851,0.14726,0.75187,0.00620731,0.00620731,0.00620731
3833,5820.24,0.2803,0.23244,0.80134,0.93844,0.95454,0.98074,0.96446,0.14809,0.14723,0.75188,0.00620632,0.00620632,0.00620632
3834,5821.72,0.26937,0.22832,0.79645,0.94116,0.95659,0.98392,0.96633,0.14832,0.14721,0.75185,0.00620533,0.00620533,0.00620533
3835,5823.27,0.26609,0.22969,0.79679,0.935,0.95476,0.9829,0.96545,0.14784,0.14671,0.75182,0.00620434,0.00620434,0.00620434
3836,5824.76,0.28956,0.25426,0.80091,0.93666,0.94955,0.98344,0.96558,0.14728,0.14637,0.75189,0.00620335,0.00620335,0.00620335
3837,5826.23,0.27217,0.23408,0.79656,0.9298,0.95426,0.98222,0.96626,0.14761,0.14658,0.75183,0.00620236,0.00620236,0.00620236
3838,5827.84,0.25388,0.22326,0.78626,0.92885,0.95085,0.98072,0.96462,0.14748,0.14637,0.75187,0.00620137,0.00620137,0.00620137
3839,5829.36,0.28002,0.23496,0.79409,0.92916,0.95491,0.98186,0.96359,0.14724,0.14645,0.7519,0.00620038,0.00620038,0.00620038
3840,5830.91,0.25903,0.2262,0.8019,0.92235,0.95349,0.98131,0.9648,0.14747,0.14644,0.75188,0.00619939,0.00619939,0.00619939
3841,5832.38,0.26881,0.23173,0.80076,0.92764,0.9564,0.98098,0.96255,0.14737,0.14605,0.75192,0.0061984,0.0061984,0.0061984
3842,5833.88,0.27676,0.22985,0.80314,0.91684,0.95498,0.98205,0.96425,0.14734,0.14599,0.75199,0.00619741,0.00619741,0.00619741
3843,5835.31,0.25666,0.22156,0.79554,0.92445,0.95884,0.98282,0.96451,0.14777,0.14646,0.75196,0.00619642,0.00619642,0.00619642
3844,5836.75,0.28667,0.23831,0.80637,0.9208,0.96092,0.98298,0.96419,0.14768,0.14667,0.752,0.00619543,0.00619543,0.00619543
3845,5838.22,0.2693,0.23004,0.80275,0.91636,0.95755,0.98219,0.96429,0.14783,0.14663,0.75208,0.00619444,0.00619444,0.00619444
3846,5839.7,0.26026,0.22976,0.79742,0.91454,0.95764,0.98058,0.96204,0.14779,0.14661,0.75204,0.00619345,0.00619345,0.00619345
3847,5841.24,0.27548,0.23826,0.79773,0.9199,0.9587,0.98306,0.96425,0.14764,0.14691,0.75202,0.00619246,0.00619246,0.00619246
3848,5842.78,0.28017,0.23587,0.80229,0.92396,0.95995,0.98258,0.96403,0.1479,0.14668,0.75207,0.00619147,0.00619147,0.00619147
3849,5844.33,0.26428,0.22727,0.79756,0.91948,0.95633,0.97993,0.96099,0.14735,0.14685,0.75207,0.00619048,0.00619048,0.00619048
3850,5845.88,0.2705,0.23985,0.79833,0.91821,0.95743,0.98107,0.9613,0.14768,0.14665,0.75208,0.00618949,0.00618949,0.00618949
3851,5847.34,0.26204,0.22963,0.7996,0.91733,0.95741,0.98132,0.96136,0.14791,0.14682,0.75208,0.0061885,0.0061885,0.0061885
3852,5848.86,0.26914,0.23576,0.795,0.92241,0.95927,0.98156,0.9634,0.14762,0.14647,0.75211,0.00618751,0.00618751,0.00618751
3853,5850.38,0.2659,0.2404,0.79827,0.9184,0.95543,0.97998,0.96095,0.14773,0.14661,0.75207,0.00618652,0.00618652,0.00618652
3854,5851.86,0.28698,0.23827,0.80022,0.92347,0.95629,0.98136,0.96258,0.14799,0.14706,0.75208,0.00618553,0.00618553,0.00618553
3855,5853.33,0.25961,0.23038,0.79308,0.93788,0.95476,0.98086,0.9608,0.14772,0.14704,0.75207,0.00618454,0.00618454,0.00618454
3856,5854.85,0.2715,0.23599,0.79326,0.93463,0.95658,0.98275,0.96224,0.14815,0.14763,0.75198,0.00618355,0.00618355,0.00618355
3857,5856.37,0.26466,0.22343,0.8013,0.93876,0.9561,0.98037,0.96082,0.14888,0.14727,0.75196,0.00618256,0.00618256,0.00618256
3858,5857.88,0.26217,0.22579,0.79754,0.9366,0.95685,0.98217,0.96358,0.14879,0.14747,0.75187,0.00618157,0.00618157,0.00618157
3859,5859.53,0.25298,0.2244,0.79031,0.92823,0.95881,0.97967,0.96014,0.14914,0.14753,0.75185,0.00618058,0.00618058,0.00618058
3860,5860.97,0.266,0.23331,0.79589,0.92838,0.96067,0.98101,0.96345,0.14967,0.14752,0.75182,0.00617959,0.00617959,0.00617959
3861,5862.45,0.28076,0.23041,0.80228,0.92786,0.9607,0.98197,0.96441,0.14927,0.1476,0.75176,0.0061786,0.0061786,0.0061786
3862,5863.96,0.26231,0.23011,0.78954,0.93521,0.9616,0.98228,0.96373,0.14937,0.14683,0.75173,0.00617761,0.00617761,0.00617761
3863,5865.43,0.28332,0.23293,0.79617,0.92858,0.96073,0.9819,0.96227,0.14908,0.14665,0.75176,0.00617662,0.00617662,0.00617662
3864,5866.93,0.26797,0.23521,0.79258,0.92885,0.95789,0.98118,0.96257,0.14928,0.14674,0.75174,0.00617563,0.00617563,0.00617563
3865,5868.42,0.28069,0.23929,0.79296,0.92778,0.95828,0.98185,0.96142,0.14963,0.14705,0.75177,0.00617464,0.00617464,0.00617464
3866,5870.02,0.26139,0.23344,0.79959,0.93131,0.95977,0.98031,0.96059,0.14935,0.14697,0.75186,0.00617365,0.00617365,0.00617365
3867,5871.58,0.29776,0.2501,0.80427,0.93203,0.9591,0.98109,0.9613,0.14922,0.14683,0.75181,0.00617266,0.00617266,0.00617266
3868,5873.09,0.26088,0.22984,0.79435,0.93073,0.95815,0.98086,0.96263,0.14887,0.14703,0.75176,0.00617167,0.00617167,0.00617167
3869,5874.66,0.26287,0.23008,0.79184,0.93704,0.96,0.9825,0.9637,0.14881,0.14682,0.75175,0.00617068,0.00617068,0.00617068
3870,5876.15,0.26662,0.23608,0.7968,0.9361,0.95766,0.98041,0.95885,0.14856,0.14685,0.75169,0.00616969,0.00616969,0.00616969
3871,5877.58,0.27378,0.23381,0.79728,0.93485,0.95788,0.97996,0.96215,0.14786,0.1461,0.75164,0.0061687,0.0061687,0.0061687
3872,5879.08,0.28142,0.2393,0.79411,0.93573,0.95782,0.9811,0.96079,0.14781,0.14592,0.75161,0.00616771,0.00616771,0.00616771
3873,5880.52,0.27564,0.23402,0.79595,0.93749,0.95803,0.97987,0.95877,0.14735,0.14586,0.75152,0.00616672,0.00616672,0.00616672
3874,5882.08,0.2763,0.23502,0.80339,0.93692,0.95742,0.97887,0.96153,0.14684,0.14602,0.7514,0.00616573,0.00616573,0.00616573
3875,5883.56,0.2441,0.22325,0.79118,0.94097,0.95636,0.98175,0.96145,0.14701,0.14573,0.75145,0.00616474,0.00616474,0.00616474
3876,5884.97,0.29673,0.24609,0.80916,0.94088,0.95543,0.98138,0.96163,0.1469,0.14578,0.75137,0.00616375,0.00616375,0.00616375
3877,5886.52,0.26347,0.23241,0.80045,0.93984,0.95977,0.98171,0.96387,0.14734,0.14613,0.75133,0.00616276,0.00616276,0.00616276
3878,5887.98,0.27954,0.23398,0.80387,0.93711,0.95898,0.98031,0.96051,0.14735,0.14596,0.75133,0.00616177,0.00616177,0.00616177
3879,5889.65,0.27345,0.2313,0.79722,0.93781,0.95829,0.97953,0.96252,0.14759,0.14592,0.75126,0.00616078,0.00616078,0.00616078
3880,5891.14,0.2675,0.24059,0.7943,0.93695,0.95711,0.98041,0.95965,0.1479,0.14619,0.75119,0.00615979,0.00615979,0.00615979
3881,5892.65,0.2784,0.23969,0.8052,0.93887,0.96005,0.98122,0.96162,0.1477,0.14609,0.75123,0.0061588,0.0061588,0.0061588
3882,5894.15,0.26219,0.23505,0.79348,0.93928,0.95922,0.97989,0.96133,0.14836,0.14695,0.75124,0.00615781,0.00615781,0.00615781
3883,5895.69,0.27067,0.23789,0.79619,0.94304,0.96048,0.98015,0.9586,0.14941,0.14742,0.75126,0.00615682,0.00615682,0.00615682
3884,5897.16,0.29509,0.2481,0.80612,0.94096,0.95782,0.98028,0.95937,0.14922,0.14709,0.75126,0.00615583,0.00615583,0.00615583
3885,5898.6,0.25709,0.22933,0.79675,0.9408,0.95674,0.98021,0.95915,0.15003,0.14737,0.75123,0.00615484,0.00615484,0.00615484
3886,5900.12,0.26362,0.23906,0.79348,0.94006,0.95348,0.98034,0.96031,0.15019,0.14748,0.75123,0.00615385,0.00615385,0.00615385
3887,5901.62,0.27359,0.24096,0.79923,0.93781,0.95422,0.9794,0.95988,0.14964,0.14717,0.75125,0.00615286,0.00615286,0.00615286
3888,5903.12,0.24782,0.23005,0.79402,0.93793,0.9518,0.97914,0.95875,0.15031,0.14727,0.75129,0.00615187,0.00615187,0.00615187
3889,5904.66,0.26335,0.23967,0.79781,0.9347,0.95265,0.9812,0.96355,0.14996,0.14751,0.75144,0.00615088,0.00615088,0.00615088
3890,5906.19,0.30181,0.25483,0.80595,0.93272,0.95188,0.98059,0.96135,0.14941,0.14771,0.75151,0.00614989,0.00614989,0.00614989
3891,5907.65,0.2646,0.24125,0.7949,0.93459,0.9541,0.98005,0.96084,0.1498,0.14821,0.75149,0.0061489,0.0061489,0.0061489
3892,5909.18,0.26739,0.23525,0.79495,0.93664,0.95702,0.97928,0.9604,0.14946,0.14807,0.75158,0.00614791,0.00614791,0.00614791
3893,5910.64,0.26591,0.23343,0.79921,0.92738,0.95349,0.98075,0.96251,0.1491,0.1482,0.75177,0.00614692,0.00614692,0.00614692
3894,5912.09,0.27525,0.23206,0.80228,0.93277,0.95621,0.98167,0.96152,0.14954,0.14815,0.75181,0.00614593,0.00614593,0.00614593
3895,5913.59,0.27077,0.22877,0.7992,0.93046,0.95863,0.97793,0.95716,0.1495,0.148,0.75187,0.00614494,0.00614494,0.00614494
3896,5915.09,0.27686,0.23686,0.80472,0.92679,0.95718,0.9768,0.95598,0.14943,0.14782,0.75192,0.00614395,0.00614395,0.00614395
3897,5916.51,0.26471,0.22952,0.80372,0.92719,0.95882,0.97628,0.95766,0.14917,0.14762,0.75194,0.00614296,0.00614296,0.00614296
3898,5918.06,0.25805,0.22924,0.79563,0.93542,0.96079,0.97851,0.9612,0.14883,0.14709,0.752,0.00614197,0.00614197,0.00614197
3899,5919.58,0.27128,0.23571,0.79197,0.9374,0.96016,0.98127,0.96373,0.14818,0.14665,0.75196,0.00614098,0.00614098,0.00614098
3900,5921.12,0.25342,0.22192,0.7927,0.93805,0.96033,0.97994,0.96206,0.14797,0.14638,0.75196,0.00613999,0.00613999,0.00613999
3901,5922.55,0.27385,0.23766,0.79893,0.93647,0.95886,0.98119,0.96298,0.14786,0.14667,0.75186,0.006139,0.006139,0.006139
3902,5924.09,0.26403,0.23398,0.79888,0.93475,0.95964,0.98057,0.96138,0.14754,0.14644,0.75176,0.00613801,0.00613801,0.00613801
3903,5925.53,0.27678,0.23578,0.7957,0.93401,0.95544,0.98005,0.96209,0.14748,0.14631,0.75169,0.00613702,0.00613702,0.00613702
3904,5927.03,0.2793,0.23437,0.79587,0.93472,0.95549,0.98044,0.9628,0.14715,0.14602,0.75159,0.00613603,0.00613603,0.00613603
3905,5928.5,0.25733,0.22102,0.79329,0.92803,0.95464,0.98314,0.96541,0.1467,0.14606,0.7515,0.00613504,0.00613504,0.00613504
3906,5929.98,0.25676,0.2299,0.79486,0.93549,0.95357,0.98247,0.96365,0.14626,0.14553,0.75142,0.00613405,0.00613405,0.00613405
3907,5931.5,0.26056,0.23178,0.79735,0.9406,0.95677,0.98219,0.96336,0.1457,0.1454,0.75125,0.00613306,0.00613306,0.00613306
3908,5932.97,0.27046,0.22823,0.80214,0.94197,0.95521,0.98238,0.96283,0.1456,0.14527,0.75119,0.00613207,0.00613207,0.00613207
3909,5934.59,0.26311,0.23788,0.79157,0.93229,0.95505,0.98109,0.96248,0.14538,0.14512,0.75117,0.00613108,0.00613108,0.00613108
3910,5936.05,0.28159,0.23558,0.80424,0.93427,0.95599,0.98326,0.96342,0.14527,0.14532,0.75111,0.00613009,0.00613009,0.00613009
3911,5937.55,0.2834,0.23732,0.80887,0.93438,0.95577,0.98169,0.96459,0.1453,0.14571,0.7511,0.0061291,0.0061291,0.0061291
3912,5938.99,0.26675,0.23808,0.79527,0.9342,0.95585,0.98317,0.9654,0.14537,0.14542,0.75113,0.00612811,0.00612811,0.00612811
3913,5940.5,0.25494,0.2298,0.79561,0.93666,0.95827,0.98388,0.965,0.14623,0.14603,0.75107,0.00612712,0.00612712,0.00612712
3914,5941.97,0.27968,0.24395,0.79732,0.94096,0.95814,0.98298,0.96463,0.14648,0.14648,0.75113,0.00612613,0.00612613,0.00612613
3915,5943.42,0.25332,0.2305,0.80258,0.93955,0.95192,0.98293,0.96334,0.14669,0.14604,0.75115,0.00612514,0.00612514,0.00612514
3916,5944.92,0.26944,0.23554,0.80235,0.94023,0.95812,0.98367,0.96585,0.14694,0.14596,0.75116,0.00612415,0.00612415,0.00612415
3917,5946.4,0.25111,0.22896,0.79045,0.9364,0.95753,0.98306,0.96424,0.14705,0.1462,0.75125,0.00612316,0.00612316,0.00612316
3918,5947.89,0.28644,0.24388,0.8,0.93561,0.95993,0.98293,0.96284,0.14701,0.14613,0.75127,0.00612217,0.00612217,0.00612217
3919,5949.44,0.26352,0.23306,0.79936,0.93715,0.95953,0.98281,0.96467,0.14719,0.14673,0.75141,0.00612118,0.00612118,0.00612118
3920,5950.97,0.26816,0.2295,0.79596,0.9377,0.9615,0.98305,0.96337,0.1475,0.14674,0.7515,0.00612019,0.00612019,0.00612019
3921,5952.45,0.2553,0.23341,0.79015,0.93319,0.95922,0.98132,0.96427,0.14742,0.14633,0.75157,0.0061192,0.0061192,0.0061192
3922,5953.94,0.25691,0.23185,0.78732,0.92902,0.95954,0.98226,0.96556,0.14747,0.14602,0.75168,0.00611821,0.00611821,0.00611821
3923,5955.48,0.27293,0.2353,0.80136,0.93302,0.95951,0.98274,0.96475,0.14813,0.14615,0.75175,0.00611722,0.00611722,0.00611722
3924,5956.91,0.26267,0.22482,0.80278,0.91947,0.95901,0.98364,0.9663,0.14748,0.14605,0.75174,0.00611623,0.00611623,0.00611623
3925,5958.4,0.27153,0.2312,0.79689,0.92212,0.96062,0.98399,0.96656,0.14816,0.1461,0.75189,0.00611524,0.00611524,0.00611524
3926,5959.89,0.26383,0.22725,0.7926,0.92018,0.96195,0.98346,0.96412,0.14907,0.14635,0.75195,0.00611425,0.00611425,0.00611425
3927,5961.4,0.262,0.22696,0.8049,0.916,0.9581,0.98266,0.96451,0.1487,0.14632,0.75195,0.00611326,0.00611326,0.00611326
3928,5962.94,0.29261,0.23833,0.8029,0.92783,0.96131,0.98383,0.96337,0.14908,0.14663,0.75195,0.00611227,0.00611227,0.00611227
3929,5964.63,0.26517,0.23188,0.79399,0.92332,0.95947,0.98205,0.9625,0.14976,0.14723,0.75201,0.00611128,0.00611128,0.00611128
3930,5966.18,0.28099,0.23712,0.80776,0.91985,0.9595,0.98072,0.95995,0.14901,0.14702,0.75207,0.00611029,0.00611029,0.00611029
3931,5967.7,0.27274,0.23399,0.79552,0.91789,0.96109,0.97845,0.95999,0.14899,0.14714,0.75217,0.0061093,0.0061093,0.0061093
3932,5969.14,0.27553,0.23809,0.80765,0.92827,0.96156,0.98192,0.96323,0.14947,0.1473,0.75222,0.00610831,0.00610831,0.00610831
3933,5970.63,0.26994,0.2308,0.80072,0.92369,0.96054,0.9796,0.96108,0.14899,0.14716,0.75226,0.00610732,0.00610732,0.00610732
3934,5972.08,0.25781,0.22433,0.80082,0.92942,0.96024,0.9823,0.96267,0.14886,0.14658,0.75234,0.00610633,0.00610633,0.00610633
3935,5973.59,0.27093,0.23096,0.79692,0.92695,0.96006,0.98052,0.96156,0.14875,0.14655,0.75239,0.00610534,0.00610534,0.00610534
3936,5975.05,0.25666,0.22893,0.80034,0.92517,0.96003,0.98094,0.96139,0.14852,0.14587,0.75244,0.00610435,0.00610435,0.00610435
3937,5976.53,0.24388,0.2154,0.79152,0.92684,0.96172,0.98146,0.96127,0.14855,0.14584,0.75238,0.00610336,0.00610336,0.00610336
3938,5977.99,0.28687,0.24277,0.79673,0.92407,0.96129,0.98162,0.96079,0.14816,0.1457,0.75239,0.00610237,0.00610237,0.00610237
3939,5979.62,0.26947,0.2378,0.7878,0.92972,0.96005,0.98144,0.96219,0.14833,0.14603,0.75236,0.00610138,0.00610138,0.00610138
3940,5981.13,0.27507,0.237,0.80364,0.92367,0.96002,0.98009,0.95939,0.14848,0.14625,0.7523,0.00610039,0.00610039,0.00610039
3941,5982.56,0.26161,0.23117,0.79276,0.92666,0.96113,0.9816,0.96122,0.14828,0.14566,0.75228,0.0060994,0.0060994,0.0060994
3942,5984.08,0.26108,0.23352,0.79862,0.9276,0.96164,0.97983,0.95986,0.14865,0.14599,0.75224,0.00609841,0.00609841,0.00609841
3943,5985.55,0.25531,0.22798,0.79068,0.92712,0.96142,0.97999,0.96031,0.14911,0.14572,0.75213,0.00609742,0.00609742,0.00609742
3944,5987.08,0.26837,0.23617,0.7995,0.93706,0.96206,0.98059,0.96241,0.14919,0.14556,0.75218,0.00609643,0.00609643,0.00609643
3945,5988.59,0.26854,0.22963,0.80207,0.93678,0.96046,0.98118,0.96148,0.14977,0.14592,0.75209,0.00609544,0.00609544,0.00609544
3946,5990.12,0.25072,0.22017,0.79795,0.94081,0.9611,0.98244,0.96105,0.14964,0.14585,0.75201,0.00609445,0.00609445,0.00609445
3947,5991.65,0.2588,0.23098,0.79728,0.94183,0.96358,0.98353,0.96108,0.14906,0.14598,0.752,0.00609346,0.00609346,0.00609346
3948,5993.18,0.2691,0.23446,0.79689,0.93695,0.96164,0.98258,0.96225,0.14888,0.14607,0.75191,0.00609247,0.00609247,0.00609247
3949,5994.78,0.26844,0.23465,0.79599,0.93568,0.96159,0.98291,0.96376,0.14794,0.14575,0.75183,0.00609148,0.00609148,0.00609148
3950,5996.33,0.26927,0.24628,0.79519,0.94135,0.96279,0.98424,0.96588,0.14807,0.14585,0.75184,0.00609049,0.00609049,0.00609049
3951,5997.78,0.26448,0.23172,0.79743,0.9393,0.96284,0.98364,0.96394,0.14771,0.14579,0.75171,0.0060895,0.0060895,0.0060895
3952,5999.29,0.26199,0.23939,0.79569,0.94463,0.96282,0.98362,0.96317,0.1473,0.1453,0.75169,0.00608851,0.00608851,0.00608851
3953,6000.84,0.27582,0.24008,0.79559,0.94186,0.96156,0.98248,0.96173,0.14727,0.1447,0.75171,0.00608752,0.00608752,0.00608752
3954,6002.29,0.26645,0.2281,0.79467,0.93626,0.96245,0.98219,0.96112,0.14683,0.14469,0.75164,0.00608653,0.00608653,0.00608653
3955,6003.78,0.24714,0.22871,0.79672,0.94038,0.96381,0.98227,0.96229,0.14653,0.14461,0.7515,0.00608554,0.00608554,0.00608554
3956,6005.23,0.27314,0.24093,0.79847,0.94091,0.9631,0.98346,0.9655,0.14626,0.14462,0.75146,0.00608455,0.00608455,0.00608455
3957,6006.75,0.24803,0.22312,0.79199,0.93897,0.96226,0.98245,0.96304,0.14658,0.14511,0.75137,0.00608356,0.00608356,0.00608356
3958,6008.25,0.25128,0.22702,0.79654,0.93897,0.96159,0.98066,0.96113,0.14629,0.14443,0.75131,0.00608257,0.00608257,0.00608257
3959,6009.81,0.27063,0.23731,0.79377,0.93425,0.95803,0.97843,0.9592,0.14606,0.14354,0.75134,0.00608158,0.00608158,0.00608158
3960,6011.36,0.25552,0.22878,0.79706,0.9349,0.95726,0.98135,0.96123,0.14592,0.14389,0.75132,0.00608059,0.00608059,0.00608059
3961,6012.9,0.27682,0.2417,0.79817,0.93454,0.95629,0.98137,0.96274,0.14561,0.14401,0.75139,0.0060796,0.0060796,0.0060796
3962,6014.36,0.2517,0.23101,0.79916,0.93391,0.95602,0.98182,0.96285,0.14617,0.14407,0.75149,0.00607861,0.00607861,0.00607861
3963,6015.89,0.26118,0.22813,0.80306,0.93827,0.95558,0.98126,0.96155,0.14589,0.1446,0.75149,0.00607762,0.00607762,0.00607762
3964,6017.39,0.26143,0.23237,0.79682,0.93808,0.95514,0.98194,0.96335,0.14569,0.14496,0.75161,0.00607663,0.00607663,0.00607663
3965,6018.85,0.2734,0.2368,0.80032,0.93427,0.95497,0.98285,0.96196,0.14622,0.1453,0.75174,0.00607564,0.00607564,0.00607564
3966,6020.29,0.27475,0.24541,0.806,0.93522,0.95463,0.98249,0.96222,0.146,0.14561,0.75176,0.00607465,0.00607465,0.00607465
3967,6021.81,0.23283,0.22158,0.78874,0.93144,0.95327,0.98196,0.96391,0.14701,0.14604,0.75196,0.00607366,0.00607366,0.00607366
3968,6023.32,0.27665,0.2376,0.79576,0.92889,0.95163,0.98268,0.96339,0.14693,0.14605,0.75195,0.00607267,0.00607267,0.00607267
3969,6024.9,0.27473,0.23783,0.8005,0.93325,0.95522,0.98226,0.96322,0.14807,0.14651,0.75217,0.00607168,0.00607168,0.00607168
3970,6026.37,0.28864,0.24516,0.79495,0.93297,0.95653,0.98091,0.96199,0.14905,0.14686,0.75225,0.00607069,0.00607069,0.00607069
3971,6027.9,0.26893,0.23209,0.8071,0.94022,0.95821,0.98143,0.9613,0.14905,0.14687,0.75218,0.0060697,0.0060697,0.0060697
3972,6029.34,0.28391,0.23487,0.80079,0.93218,0.95757,0.98054,0.95833,0.14942,0.14672,0.75232,0.00606871,0.00606871,0.00606871
3973,6030.89,0.27447,0.23465,0.80528,0.92759,0.9579,0.98037,0.96084,0.15025,0.14675,0.75237,0.00606772,0.00606772,0.00606772
3974,6032.36,0.26904,0.23189,0.79602,0.92998,0.95762,0.97955,0.95825,0.15011,0.1468,0.75229,0.00606673,0.00606673,0.00606673
3975,6033.91,0.28081,0.22944,0.80357,0.92778,0.95932,0.98006,0.95948,0.14993,0.14633,0.75231,0.00606574,0.00606574,0.00606574
3976,6035.39,0.26632,0.23345,0.79144,0.93131,0.95937,0.9814,0.9633,0.14925,0.14625,0.75217,0.00606475,0.00606475,0.00606475
3977,6036.87,0.26457,0.23502,0.79672,0.93504,0.95877,0.98156,0.96279,0.14906,0.14589,0.75204,0.00606376,0.00606376,0.00606376
3978,6038.43,0.28474,0.24575,0.79652,0.93284,0.96186,0.98017,0.96067,0.14855,0.14583,0.75201,0.00606277,0.00606277,0.00606277
3979,6039.95,0.25871,0.22754,0.79404,0.93172,0.95791,0.98035,0.96076,0.14871,0.14633,0.75198,0.00606178,0.00606178,0.00606178
3980,6041.39,0.26034,0.22842,0.79093,0.93201,0.96126,0.98202,0.96253,0.1493,0.14686,0.7519,0.00606079,0.00606079,0.00606079
3981,6042.84,0.28268,0.24125,0.79925,0.92851,0.95985,0.98026,0.96047,0.14828,0.14664,0.75187,0.0060598,0.0060598,0.0060598
3982,6044.35,0.25692,0.23918,0.79283,0.93358,0.96175,0.98169,0.9625,0.14768,0.14639,0.75178,0.00605881,0.00605881,0.00605881
3983,6045.86,0.26582,0.23178,0.79658,0.93294,0.95858,0.98249,0.96322,0.14769,0.14636,0.75179,0.00605782,0.00605782,0.00605782
3984,6047.34,0.27823,0.23678,0.79454,0.93595,0.95861,0.98173,0.96244,0.14705,0.14613,0.75175,0.00605683,0.00605683,0.00605683
3985,6048.85,0.27006,0.2299,0.80113,0.93787,0.95647,0.98153,0.96282,0.14689,0.14625,0.7517,0.00605584,0.00605584,0.00605584
3986,6050.4,0.25879,0.22915,0.79812,0.93903,0.95645,0.98034,0.96312,0.14734,0.1463,0.75167,0.00605485,0.00605485,0.00605485
3987,6051.85,0.24452,0.22202,0.79416,0.93712,0.95703,0.98065,0.9635,0.14678,0.14609,0.75169,0.00605386,0.00605386,0.00605386
3988,6053.4,0.26422,0.22771,0.79926,0.93742,0.95636,0.98173,0.96496,0.14651,0.14605,0.7517,0.00605287,0.00605287,0.00605287
3989,6054.92,0.2722,0.23808,0.7952,0.94046,0.96129,0.98296,0.96774,0.14677,0.14608,0.75167,0.00605188,0.00605188,0.00605188
3990,6056.4,0.26259,0.22987,0.7946,0.94269,0.96413,0.98405,0.97005,0.14596,0.14529,0.75169,0.00605089,0.00605089,0.00605089
3991,6057.9,0.28071,0.23403,0.80167,0.93957,0.95874,0.98118,0.96588,0.14576,0.14488,0.75165,0.0060499,0.0060499,0.0060499
3992,6059.43,0.281,0.24324,0.80372,0.94083,0.95964,0.9822,0.96713,0.14637,0.14554,0.75161,0.00604891,0.00604891,0.00604891
3993,6060.91,0.2667,0.2357,0.796,0.94088,0.96179,0.98283,0.96791,0.14567,0.14521,0.75172,0.00604792,0.00604792,0.00604792
3994,6062.43,0.26064,0.23422,0.79872,0.94013,0.95801,0.98247,0.96635,0.14582,0.14595,0.75162,0.00604693,0.00604693,0.00604693
3995,6063.93,0.24983,0.22034,0.79444,0.94171,0.95558,0.9835,0.96705,0.1462,0.14611,0.75168,0.00604594,0.00604594,0.00604594
3996,6065.34,0.24963,0.22004,0.80237,0.94319,0.95381,0.98356,0.96618,0.14619,0.14617,0.75168,0.00604495,0.00604495,0.00604495
3997,6066.84,0.26773,0.22977,0.80352,0.94227,0.95405,0.98387,0.96738,0.14683,0.14655,0.7518,0.00604396,0.00604396,0.00604396
3998,6068.36,0.24904,0.22782,0.79328,0.94245,0.95451,0.98264,0.96429,0.14753,0.14651,0.75189,0.00604297,0.00604297,0.00604297
3999,6070.04,0.26501,0.22844,0.8023,0.93474,0.95199,0.98149,0.96401,0.14708,0.14653,0.75188,0.00604198,0.00604198,0.00604198
4000,6071.57,0.2564,0.22931,0.7981,0.93143,0.95208,0.98179,0.96396,0.14731,0.14677,0.75205,0.00604099,0.00604099,0.00604099
4001,6073.09,0.28408,0.23554,0.79643,0.93173,0.95536,0.97973,0.96157,0.14731,0.1468,0.7521,0.00604,0.00604,0.00604
4002,6074.56,0.26163,0.22771,0.7979,0.93483,0.9573,0.98175,0.96456,0.14742,0.14693,0.75211,0.00603901,0.00603901,0.00603901
4003,6076.05,0.26487,0.22475,0.79631,0.93998,0.955,0.98051,0.96306,0.14742,0.14686,0.75214,0.00603802,0.00603802,0.00603802
4004,6077.61,0.28318,0.23529,0.80289,0.94155,0.95697,0.98236,0.96399,0.14738,0.14694,0.7521,0.00603703,0.00603703,0.00603703
4005,6079.03,0.26919,0.22893,0.80305,0.9398,0.95807,0.98205,0.9631,0.1477,0.14724,0.75211,0.00603604,0.00603604,0.00603604
4006,6080.55,0.2491,0.21826,0.79164,0.93863,0.96042,0.98195,0.96341,0.14732,0.14678,0.75202,0.00603505,0.00603505,0.00603505
4007,6082.03,0.25635,0.22459,0.79858,0.94132,0.95783,0.98235,0.96439,0.14704,0.14669,0.75205,0.00603406,0.00603406,0.00603406
4008,6083.52,0.29057,0.23953,0.8019,0.93997,0.9575,0.9815,0.96278,0.1476,0.147,0.75198,0.00603307,0.00603307,0.00603307
4009,6085.06,0.27014,0.23732,0.80949,0.93796,0.95625,0.98248,0.96307,0.14785,0.14707,0.75189,0.00603208,0.00603208,0.00603208
4010,6086.52,0.28383,0.24638,0.80177,0.93593,0.95906,0.98266,0.96192,0.14785,0.14738,0.75188,0.00603109,0.00603109,0.00603109
4011,6088.12,0.28018,0.23033,0.80562,0.93654,0.95734,0.98184,0.9619,0.14832,0.14725,0.75188,0.0060301,0.0060301,0.0060301
4012,6089.66,0.27583,0.23449,0.79257,0.94032,0.95634,0.98282,0.96401,0.14844,0.14745,0.75187,0.00602911,0.00602911,0.00602911
4013,6091.13,0.27606,0.23341,0.80245,0.94054,0.95711,0.98108,0.96308,0.14846,0.14746,0.75187,0.00602812,0.00602812,0.00602812
4014,6092.59,0.26334,0.21845,0.80394,0.94442,0.95815,0.98283,0.96355,0.14843,0.14726,0.75181,0.00602713,0.00602713,0.00602713
4015,6094.12,0.26401,0.23132,0.79424,0.94577,0.95904,0.98422,0.96355,0.14834,0.14705,0.75177,0.00602614,0.00602614,0.00602614
4016,6095.55,0.27091,0.2371,0.79852,0.94071,0.95741,0.98359,0.96565,0.14818,0.1464,0.75179,0.00602515,0.00602515,0.00602515
4017,6097.06,0.25857,0.22873,0.79081,0.94246,0.9585,0.98196,0.96391,0.14782,0.14627,0.75168,0.00602416,0.00602416,0.00602416
4018,6098.58,0.25683,0.23,0.79529,0.94421,0.95959,0.98487,0.96669,0.14704,0.146,0.75164,0.00602317,0.00602317,0.00602317
4019,6100.2,0.26514,0.23229,0.80779,0.93509,0.95791,0.98189,0.96275,0.14743,0.14588,0.75164,0.00602218,0.00602218,0.00602218
4020,6101.74,0.25406,0.23092,0.79719,0.93842,0.95933,0.98052,0.96253,0.14753,0.146,0.75159,0.00602119,0.00602119,0.00602119
4021,6103.29,0.26691,0.23384,0.79965,0.92746,0.95639,0.98208,0.9655,0.14791,0.14572,0.7516,0.0060202,0.0060202,0.0060202
4022,6104.8,0.28014,0.23714,0.80163,0.93189,0.96138,0.98175,0.96434,0.14828,0.14578,0.75166,0.00601921,0.00601921,0.00601921
4023,6106.31,0.26132,0.23197,0.79261,0.93483,0.96098,0.98273,0.96565,0.14818,0.14574,0.75162,0.00601822,0.00601822,0.00601822
4024,6107.77,0.27044,0.23685,0.79674,0.93241,0.9602,0.98266,0.96362,0.14894,0.14554,0.75176,0.00601723,0.00601723,0.00601723
4025,6109.26,0.24703,0.22707,0.79277,0.93468,0.96085,0.98248,0.96336,0.14884,0.14548,0.75176,0.00601624,0.00601624,0.00601624
4026,6110.8,0.25786,0.22987,0.79276,0.93476,0.96203,0.98352,0.96301,0.14951,0.14569,0.75187,0.00601525,0.00601525,0.00601525
4027,6112.27,0.26354,0.22871,0.79578,0.93736,0.96057,0.98298,0.96271,0.14995,0.14579,0.7519,0.00601426,0.00601426,0.00601426
4028,6113.81,0.26166,0.23178,0.80073,0.93835,0.95771,0.98284,0.96213,0.14967,0.14584,0.75188,0.00601327,0.00601327,0.00601327
4029,6115.34,0.27029,0.23557,0.80285,0.94196,0.95842,0.98306,0.963,0.15027,0.14603,0.7519,0.00601228,0.00601228,0.00601228
4030,6116.88,0.27617,0.2385,0.79192,0.94076,0.95759,0.98298,0.96346,0.1511,0.14636,0.75202,0.00601129,0.00601129,0.00601129
4031,6118.36,0.26723,0.23316,0.79797,0.93845,0.95362,0.98125,0.96242,0.15088,0.14614,0.75194,0.0060103,0.0060103,0.0060103
4032,6119.85,0.27081,0.23378,0.79852,0.93755,0.95419,0.98211,0.96296,0.15169,0.14649,0.75202,0.00600931,0.00600931,0.00600931
4033,6121.4,0.25754,0.22773,0.79707,0.92721,0.95623,0.98014,0.96221,0.15252,0.14675,0.75201,0.00600832,0.00600832,0.00600832
4034,6122.85,0.26792,0.23199,0.79136,0.92962,0.95861,0.98189,0.96314,0.15263,0.14673,0.75196,0.00600733,0.00600733,0.00600733
4035,6124.33,0.26023,0.2275,0.79882,0.93033,0.95846,0.98163,0.96178,0.15369,0.14729,0.75206,0.00600634,0.00600634,0.00600634
4036,6125.89,0.26841,0.22989,0.79347,0.92878,0.95622,0.98041,0.95989,0.1543,0.14691,0.7521,0.00600535,0.00600535,0.00600535
4037,6127.34,0.29424,0.2462,0.79952,0.92882,0.95545,0.97711,0.95678,0.15313,0.14653,0.75194,0.00600436,0.00600436,0.00600436
4038,6128.88,0.23938,0.2173,0.80032,0.93236,0.95802,0.98218,0.96197,0.15335,0.14666,0.75194,0.00600337,0.00600337,0.00600337
4039,6130.45,0.25729,0.22822,0.79533,0.93222,0.95787,0.98236,0.96091,0.15303,0.1466,0.75184,0.00600238,0.00600238,0.00600238
4040,6131.92,0.26027,0.22867,0.79665,0.92671,0.95885,0.98337,0.963,0.15254,0.14666,0.75179,0.00600139,0.00600139,0.00600139
4041,6133.4,0.28656,0.24061,0.80114,0.9329,0.95965,0.98158,0.96182,0.15235,0.1466,0.75181,0.0060004,0.0060004,0.0060004
4042,6134.86,0.25718,0.23007,0.79996,0.93172,0.95696,0.9838,0.9626,0.15161,0.14664,0.75184,0.00599941,0.00599941,0.00599941
4043,6136.32,0.25259,0.22506,0.79037,0.93221,0.96064,0.98229,0.96077,0.15116,0.14625,0.75175,0.00599842,0.00599842,0.00599842
4044,6137.75,0.26439,0.22871,0.79394,0.92117,0.95451,0.98255,0.96135,0.15076,0.14609,0.7517,0.00599743,0.00599743,0.00599743
4045,6139.25,0.2817,0.24657,0.79486,0.93817,0.95673,0.98244,0.96238,0.15071,0.14601,0.75173,0.00599644,0.00599644,0.00599644
4046,6140.67,0.23865,0.22254,0.79805,0.93427,0.95419,0.98313,0.96147,0.15026,0.1458,0.75167,0.00599545,0.00599545,0.00599545
4047,6142.22,0.25211,0.22659,0.79545,0.93811,0.95564,0.98415,0.96315,0.15004,0.14543,0.75169,0.00599446,0.00599446,0.00599446
4048,6143.74,0.25629,0.22938,0.79127,0.93421,0.95329,0.98344,0.96292,0.14993,0.14586,0.75164,0.00599347,0.00599347,0.00599347
4049,6145.33,0.24854,0.22554,0.79738,0.93794,0.95569,0.98324,0.9631,0.15063,0.14653,0.7517,0.00599248,0.00599248,0.00599248
4050,6146.86,0.28071,0.24397,0.80259,0.93862,0.95387,0.98409,0.9644,0.15026,0.14622,0.75168,0.00599149,0.00599149,0.00599149
4051,6148.37,0.26179,0.231,0.79811,0.93646,0.9544,0.98328,0.96605,0.14977,0.14636,0.75178,0.0059905,0.0059905,0.0059905
4052,6149.78,0.25503,0.23022,0.79532,0.9363,0.95391,0.98325,0.96644,0.14985,0.14667,0.75172,0.00598951,0.00598951,0.00598951
4053,6151.2,0.2607,0.22786,0.79685,0.93709,0.95669,0.98502,0.96835,0.14874,0.14593,0.75164,0.00598852,0.00598852,0.00598852
4054,6152.64,0.25536,0.22936,0.79213,0.93308,0.95488,0.98391,0.96901,0.14836,0.14545,0.75172,0.00598753,0.00598753,0.00598753
4055,6154.06,0.27233,0.238,0.79471,0.93699,0.95708,0.98424,0.96794,0.14866,0.14562,0.75175,0.00598654,0.00598654,0.00598654
4056,6155.5,0.25756,0.23413,0.79178,0.9337,0.95353,0.98357,0.96834,0.14834,0.14552,0.75177,0.00598555,0.00598555,0.00598555
4057,6156.93,0.2596,0.24121,0.78925,0.93146,0.96,0.98471,0.96734,0.14841,0.14539,0.75184,0.00598456,0.00598456,0.00598456
4058,6158.31,0.2639,0.23312,0.78842,0.92582,0.95804,0.98324,0.96702,0.14895,0.14593,0.75189,0.00598357,0.00598357,0.00598357
4059,6159.78,0.25482,0.23314,0.79309,0.92928,0.95803,0.98332,0.96373,0.14861,0.14576,0.752,0.00598258,0.00598258,0.00598258
4060,6161.26,0.2815,0.24169,0.7941,0.93258,0.96111,0.98535,0.96645,0.14859,0.14616,0.75213,0.00598159,0.00598159,0.00598159
4061,6162.67,0.25308,0.23171,0.79564,0.93027,0.96283,0.9845,0.96563,0.14866,0.14595,0.75224,0.0059806,0.0059806,0.0059806
4062,6164.09,0.25458,0.22616,0.78983,0.93076,0.96244,0.98442,0.96599,0.14837,0.14549,0.75232,0.00597961,0.00597961,0.00597961
4063,6165.51,0.2609,0.23184,0.80064,0.92406,0.96271,0.98356,0.96424,0.14821,0.1451,0.75239,0.00597862,0.00597862,0.00597862
4064,6166.91,0.27216,0.2329,0.79829,0.92812,0.96444,0.98414,0.96636,0.14828,0.14513,0.75245,0.00597763,0.00597763,0.00597763
4065,6168.32,0.25162,0.22541,0.79398,0.92872,0.96252,0.98285,0.96413,0.14818,0.14501,0.75246,0.00597664,0.00597664,0.00597664
4066,6169.74,0.26126,0.22733,0.79675,0.92965,0.96146,0.98329,0.96505,0.14789,0.14493,0.75248,0.00597565,0.00597565,0.00597565
4067,6171.14,0.2726,0.22982,0.79859,0.93074,0.96254,0.98465,0.96753,0.14785,0.14498,0.75251,0.00597466,0.00597466,0.00597466
4068,6172.64,0.25429,0.22262,0.79339,0.93134,0.96077,0.98359,0.96627,0.14788,0.14462,0.75251,0.00597367,0.00597367,0.00597367
4069,6174.19,0.2801,0.24398,0.79542,0.93722,0.96057,0.98425,0.96739,0.1476,0.14453,0.75258,0.00597268,0.00597268,0.00597268
4070,6175.71,0.24817,0.22285,0.79177,0.93261,0.96032,0.98302,0.96725,0.14745,0.14465,0.75257,0.00597169,0.00597169,0.00597169
4071,6177.18,0.27346,0.23299,0.79975,0.92953,0.96101,0.98385,0.96684,0.14698,0.14438,0.75259,0.0059707,0.0059707,0.0059707
4072,6178.66,0.27075,0.23078,0.80055,0.92658,0.96141,0.98307,0.96656,0.14633,0.1437,0.75258,0.00596971,0.00596971,0.00596971
4073,6180.09,0.25472,0.23061,0.79353,0.92872,0.95964,0.98444,0.96673,0.14632,0.14372,0.75258,0.00596872,0.00596872,0.00596872
4074,6181.58,0.26484,0.22663,0.79237,0.93383,0.9617,0.98419,0.96633,0.14603,0.14358,0.75258,0.00596773,0.00596773,0.00596773
4075,6183.15,0.26397,0.22997,0.79667,0.93027,0.96099,0.98272,0.96471,0.14626,0.14348,0.75251,0.00596674,0.00596674,0.00596674
4076,6184.64,0.2611,0.22853,0.79675,0.93506,0.96316,0.98498,0.96448,0.1464,0.14367,0.75248,0.00596575,0.00596575,0.00596575
4077,6186.16,0.25834,0.22202,0.80258,0.9335,0.95898,0.9845,0.96542,0.14643,0.14384,0.75245,0.00596476,0.00596476,0.00596476
4078,6187.59,0.26898,0.2307,0.80032,0.93935,0.96132,0.98468,0.96499,0.14616,0.14368,0.75228,0.00596377,0.00596377,0.00596377
4079,6189.13,0.25396,0.2261,0.79998,0.93897,0.96118,0.98451,0.96531,0.14639,0.14388,0.75227,0.00596278,0.00596278,0.00596278
4080,6190.64,0.25176,0.22204,0.7944,0.93718,0.96072,0.98276,0.96448,0.14635,0.14375,0.75218,0.00596179,0.00596179,0.00596179
4081,6192.13,0.2557,0.22671,0.79055,0.93482,0.95988,0.98292,0.96405,0.14616,0.14332,0.75214,0.0059608,0.0059608,0.0059608
4082,6193.61,0.29675,0.24721,0.80914,0.93828,0.96121,0.98418,0.96787,0.14622,0.14368,0.75219,0.00595981,0.00595981,0.00595981
4083,6195.08,0.26853,0.23293,0.80396,0.93516,0.96037,0.98275,0.96378,0.14597,0.14334,0.75218,0.00595882,0.00595882,0.00595882
4084,6196.59,0.25553,0.23542,0.79356,0.93433,0.96216,0.98367,0.96459,0.14548,0.14258,0.75218,0.00595783,0.00595783,0.00595783
4085,6198.07,0.26609,0.23321,0.80456,0.92717,0.96157,0.98436,0.9667,0.14563,0.14301,0.75213,0.00595684,0.00595684,0.00595684
4086,6199.52,0.26021,0.23281,0.7966,0.91173,0.96059,0.98199,0.96684,0.14539,0.14278,0.75214,0.00595585,0.00595585,0.00595585
4087,6201.06,0.23976,0.22061,0.7886,0.93206,0.96255,0.98326,0.9682,0.1459,0.14257,0.7522,0.00595486,0.00595486,0.00595486
4088,6202.52,0.2701,0.23305,0.79559,0.93045,0.96168,0.98326,0.96611,0.14607,0.14279,0.75218,0.00595387,0.00595387,0.00595387
4089,6204.05,0.25648,0.2269,0.80501,0.94333,0.96286,0.98417,0.96667,0.146,0.14215,0.75222,0.00595288,0.00595288,0.00595288
4090,6205.57,0.25067,0.22598,0.79555,0.93395,0.96151,0.98172,0.96518,0.14579,0.14185,0.7522,0.00595189,0.00595189,0.00595189
4091,6207.04,0.2548,0.23053,0.80101,0.93229,0.96284,0.98204,0.96584,0.14558,0.14183,0.75217,0.0059509,0.0059509,0.0059509
4092,6208.5,0.24584,0.21605,0.79265,0.93282,0.96252,0.98343,0.96506,0.14569,0.14164,0.75218,0.00594991,0.00594991,0.00594991
4093,6209.99,0.25975,0.23027,0.79213,0.93161,0.95966,0.98189,0.9625,0.14557,0.14172,0.75209,0.00594892,0.00594892,0.00594892
4094,6211.4,0.25574,0.22656,0.78754,0.92793,0.96177,0.98236,0.9656,0.14572,0.14169,0.75212,0.00594793,0.00594793,0.00594793
4095,6212.88,0.2517,0.22966,0.79965,0.92535,0.96054,0.98088,0.96405,0.14566,0.14181,0.75209,0.00594694,0.00594694,0.00594694
4096,6214.35,0.25713,0.23013,0.78987,0.92969,0.96233,0.98089,0.96465,0.14598,0.14242,0.75213,0.00594595,0.00594595,0.00594595
4097,6215.79,0.25008,0.21949,0.799,0.9257,0.96008,0.98078,0.9639,0.1462,0.14268,0.75218,0.00594496,0.00594496,0.00594496
4098,6217.26,0.28553,0.23717,0.80256,0.92668,0.9609,0.98033,0.96241,0.14633,0.14314,0.75217,0.00594397,0.00594397,0.00594397
4099,6218.82,0.26766,0.22712,0.79977,0.92382,0.95829,0.97847,0.95999,0.14604,0.14403,0.75222,0.00594298,0.00594298,0.00594298
4100,6220.52,0.26637,0.23738,0.78826,0.92368,0.96041,0.97952,0.96161,0.1462,0.14441,0.75226,0.00594199,0.00594199,0.00594199
4101,6222.03,0.2526,0.22106,0.80022,0.92797,0.96083,0.98071,0.96344,0.14604,0.14448,0.75222,0.005941,0.005941,0.005941
4102,6223.56,0.28958,0.23439,0.81242,0.93241,0.95968,0.98032,0.96309,0.14589,0.14468,0.7522,0.00594001,0.00594001,0.00594001
4103,6225.04,0.25564,0.22672,0.79586,0.9308,0.95738,0.97891,0.96058,0.14593,0.14473,0.75221,0.00593902,0.00593902,0.00593902
4104,6226.58,0.26703,0.22647,0.79875,0.93081,0.95804,0.97939,0.96089,0.14528,0.14453,0.75213,0.00593803,0.00593803,0.00593803
4105,6228.08,0.2781,0.2393,0.79419,0.9281,0.95866,0.98008,0.96319,0.14485,0.145,0.75202,0.00593704,0.00593704,0.00593704
4106,6229.58,0.27336,0.23844,0.79664,0.93016,0.95583,0.97873,0.96145,0.14502,0.14522,0.75203,0.00593605,0.00593605,0.00593605
4107,6231.01,0.27495,0.23391,0.80086,0.93549,0.9552,0.97996,0.96141,0.1447,0.14519,0.752,0.00593506,0.00593506,0.00593506
4108,6232.59,0.26226,0.22345,0.79629,0.9355,0.95478,0.98076,0.96158,0.14485,0.14544,0.75193,0.00593407,0.00593407,0.00593407
4109,6234.11,0.26551,0.23169,0.79033,0.9405,0.95545,0.98161,0.96183,0.14494,0.14541,0.75192,0.00593308,0.00593308,0.00593308
4110,6235.66,0.25965,0.23067,0.79325,0.93772,0.95426,0.98,0.96036,0.14502,0.14538,0.75184,0.00593209,0.00593209,0.00593209
4111,6237.21,0.2672,0.23367,0.78962,0.94026,0.95529,0.98052,0.96014,0.14536,0.14516,0.75183,0.0059311,0.0059311,0.0059311
4112,6238.69,0.27872,0.24054,0.79698,0.94178,0.95447,0.98077,0.96068,0.14539,0.14532,0.75187,0.00593011,0.00593011,0.00593011
4113,6240.2,0.24874,0.22252,0.79596,0.93965,0.95686,0.98193,0.96118,0.14523,0.14534,0.7518,0.00592912,0.00592912,0.00592912
4114,6241.7,0.2535,0.22875,0.79757,0.93948,0.95415,0.98332,0.96426,0.14528,0.1449,0.75176,0.00592813,0.00592813,0.00592813
4115,6243.16,0.25544,0.22847,0.79879,0.94299,0.95697,0.98273,0.9635,0.14536,0.14473,0.75176,0.00592714,0.00592714,0.00592714
4116,6244.67,0.2534,0.234,0.79704,0.9419,0.9574,0.98316,0.96456,0.14518,0.14434,0.75175,0.00592615,0.00592615,0.00592615
4117,6246.15,0.26351,0.23559,0.79871,0.94074,0.95905,0.9825,0.96523,0.14452,0.14412,0.75179,0.00592516,0.00592516,0.00592516
4118,6247.69,0.2652,0.23871,0.79203,0.94487,0.95766,0.98253,0.9667,0.1445,0.14421,0.75181,0.00592417,0.00592417,0.00592417
4119,6249.15,0.26921,0.23487,0.7996,0.94315,0.95572,0.9839,0.96658,0.14408,0.14408,0.75174,0.00592318,0.00592318,0.00592318
4120,6250.79,0.26957,0.2312,0.79838,0.94332,0.9566,0.98423,0.96697,0.14384,0.14371,0.75179,0.00592219,0.00592219,0.00592219
4121,6252.27,0.29676,0.24554,0.81594,0.94329,0.95833,0.98191,0.96274,0.14423,0.14378,0.75188,0.0059212,0.0059212,0.0059212
4122,6253.77,0.27469,0.23407,0.79881,0.93711,0.9513,0.98058,0.96328,0.14423,0.1439,0.75189,0.00592021,0.00592021,0.00592021
4123,6255.32,0.26444,0.23701,0.79917,0.93817,0.95449,0.98119,0.96341,0.14464,0.1438,0.75192,0.00591922,0.00591922,0.00591922
4124,6256.79,0.24227,0.2159,0.79341,0.93998,0.95279,0.98048,0.96186,0.14498,0.14364,0.75196,0.00591823,0.00591823,0.00591823
4125,6258.29,0.26564,0.23187,0.79403,0.93865,0.95149,0.98114,0.96354,0.1449,0.1434,0.75197,0.00591724,0.00591724,0.00591724
4126,6259.75,0.27972,0.23769,0.80467,0.93772,0.95253,0.97974,0.96094,0.14505,0.14338,0.752,0.00591625,0.00591625,0.00591625
4127,6261.27,0.25598,0.22058,0.7963,0.94002,0.95216,0.98219,0.96423,0.14559,0.14342,0.75208,0.00591526,0.00591526,0.00591526
4128,6262.74,0.25733,0.22657,0.79749,0.93353,0.95181,0.98098,0.96284,0.14519,0.14313,0.75206,0.00591427,0.00591427,0.00591427
4129,6264.21,0.25744,0.22412,0.79527,0.93854,0.95428,0.98123,0.96429,0.1456,0.14336,0.75207,0.00591328,0.00591328,0.00591328
4130,6265.77,0.27221,0.23147,0.80596,0.94003,0.95295,0.97998,0.96359,0.14608,0.14348,0.75214,0.00591229,0.00591229,0.00591229
4131,6267.36,0.26577,0.22722,0.79168,0.93166,0.9593,0.98031,0.96185,0.146,0.14353,0.75211,0.0059113,0.0059113,0.0059113
4132,6268.86,0.28153,0.23082,0.80355,0.93664,0.95469,0.98211,0.96549,0.14634,0.14324,0.75206,0.00591031,0.00591031,0.00591031
4133,6270.33,0.26774,0.22456,0.79774,0.93572,0.95702,0.98204,0.96354,0.14693,0.14346,0.75208,0.00590932,0.00590932,0.00590932
4134,6271.83,0.26491,0.22465,0.79862,0.93527,0.9558,0.98103,0.9621,0.14652,0.14355,0.75205,0.00590833,0.00590833,0.00590833
4135,6273.35,0.24662,0.21438,0.78907,0.93361,0.95415,0.98131,0.96302,0.14628,0.14313,0.75203,0.00590734,0.00590734,0.00590734
4136,6274.8,0.27057,0.22752,0.79663,0.92982,0.96337,0.98199,0.96432,0.14632,0.1431,0.75197,0.00590635,0.00590635,0.00590635
4137,6276.26,0.26685,0.22769,0.80214,0.93025,0.95306,0.98207,0.96412,0.14606,0.14298,0.75195,0.00590536,0.00590536,0.00590536
4138,6277.73,0.26256,0.23225,0.78861,0.93911,0.96042,0.98317,0.9654,0.14609,0.14302,0.7519,0.00590437,0.00590437,0.00590437
4139,6279.28,0.26444,0.22945,0.79987,0.93871,0.95803,0.98202,0.96489,0.14634,0.14302,0.75191,0.00590338,0.00590338,0.00590338
4140,6280.8,0.2472,0.21888,0.78836,0.93579,0.95728,0.98085,0.96316,0.14581,0.14314,0.7518,0.00590239,0.00590239,0.00590239
4141,6282.34,0.25993,0.22134,0.79797,0.93459,0.95654,0.98239,0.96453,0.14519,0.14244,0.75176,0.0059014,0.0059014,0.0059014
4142,6283.79,0.26304,0.22933,0.79975,0.93722,0.95857,0.98326,0.96496,0.14498,0.14242,0.75174,0.00590041,0.00590041,0.00590041
4143,6285.26,0.26057,0.22617,0.79398,0.93867,0.96155,0.98352,0.96446,0.1446,0.14241,0.75169,0.00589942,0.00589942,0.00589942
4144,6286.75,0.26327,0.2227,0.7967,0.93776,0.9559,0.98286,0.96431,0.14397,0.14256,0.7516,0.00589843,0.00589843,0.00589843
4145,6288.19,0.25637,0.22573,0.79638,0.93421,0.96005,0.98321,0.96449,0.14417,0.14261,0.75159,0.00589744,0.00589744,0.00589744
4146,6289.64,0.26293,0.22396,0.80182,0.93443,0.95572,0.9834,0.96581,0.14403,0.14234,0.75158,0.00589645,0.00589645,0.00589645
4147,6291.11,0.26024,0.22454,0.80179,0.94174,0.95599,0.98321,0.96322,0.14388,0.1425,0.75155,0.00589546,0.00589546,0.00589546
4148,6292.55,0.26738,0.2251,0.79876,0.94026,0.95578,0.9833,0.96433,0.14401,0.14215,0.7515,0.00589447,0.00589447,0.00589447
4149,6294.09,0.2568,0.21903,0.79929,0.93748,0.95594,0.98391,0.96516,0.14387,0.14203,0.7515,0.00589348,0.00589348,0.00589348
4150,6295.66,0.24797,0.22191,0.78957,0.93984,0.95522,0.98328,0.96451,0.14407,0.14188,0.75149,0.00589249,0.00589249,0.00589249
4151,6297.15,0.26139,0.22231,0.79892,0.94027,0.95461,0.98337,0.963,0.14413,0.14171,0.75149,0.0058915,0.0058915,0.0058915
4152,6298.62,0.27927,0.22913,0.80388,0.9409,0.95668,0.98464,0.96533,0.14415,0.14191,0.75145,0.00589051,0.00589051,0.00589051
4153,6300.13,0.25675,0.22322,0.79331,0.93613,0.9548,0.98388,0.96442,0.14442,0.14188,0.75147,0.00588952,0.00588952,0.00588952
4154,6301.69,0.29,0.23818,0.80392,0.93627,0.95748,0.98377,0.96565,0.14433,0.14197,0.75145,0.00588853,0.00588853,0.00588853
4155,6303.14,0.26087,0.22507,0.79334,0.93497,0.9548,0.98242,0.96536,0.14492,0.14235,0.75144,0.00588754,0.00588754,0.00588754
4156,6304.66,0.25954,0.22451,0.79684,0.93715,0.95855,0.98341,0.96582,0.14529,0.14275,0.7514,0.00588655,0.00588655,0.00588655
4157,6306.17,0.25702,0.21867,0.80089,0.93382,0.95631,0.9834,0.96474,0.14537,0.14251,0.75136,0.00588556,0.00588556,0.00588556
4158,6307.62,0.27046,0.22566,0.80438,0.93074,0.95824,0.98265,0.9656,0.14559,0.14273,0.7513,0.00588457,0.00588457,0.00588457
4159,6309.16,0.26253,0.22877,0.79692,0.92529,0.96443,0.98258,0.96503,0.14564,0.14248,0.75128,0.00588358,0.00588358,0.00588358
4160,6310.72,0.26612,0.223,0.79656,0.92696,0.96611,0.98292,0.96578,0.14559,0.14242,0.75127,0.00588259,0.00588259,0.00588259
4161,6312.21,0.25781,0.22279,0.79304,0.92367,0.96298,0.98307,0.96512,0.14558,0.14244,0.75129,0.0058816,0.0058816,0.0058816
4162,6313.72,0.24456,0.21597,0.8026,0.92669,0.96462,0.98361,0.9692,0.1453,0.14222,0.7513,0.00588061,0.00588061,0.00588061
4163,6315.14,0.25716,0.22233,0.79671,0.92996,0.96629,0.98408,0.96801,0.14512,0.14219,0.75126,0.00587962,0.00587962,0.00587962
4164,6316.63,0.25453,0.22559,0.79178,0.92644,0.96365,0.98354,0.9674,0.14512,0.14198,0.75129,0.00587863,0.00587863,0.00587863
4165,6318.13,0.28044,0.23993,0.79384,0.93236,0.96619,0.98391,0.96723,0.14482,0.14183,0.75129,0.00587764,0.00587764,0.00587764
4166,6319.59,0.25054,0.22634,0.79467,0.93122,0.96429,0.98212,0.96678,0.14452,0.14146,0.75127,0.00587665,0.00587665,0.00587665
4167,6321.15,0.27819,0.2418,0.80022,0.92596,0.96215,0.98079,0.96311,0.14438,0.1415,0.75123,0.00587566,0.00587566,0.00587566
4168,6322.68,0.26944,0.23316,0.80492,0.92944,0.96324,0.98227,0.96503,0.14434,0.14136,0.75119,0.00587467,0.00587467,0.00587467
4169,6324.12,0.26305,0.2246,0.7977,0.92893,0.9629,0.98249,0.96534,0.14446,0.14142,0.75115,0.00587368,0.00587368,0.00587368
4170,6325.64,0.2716,0.23305,0.79733,0.92757,0.96272,0.98094,0.96185,0.14444,0.14155,0.75121,0.00587269,0.00587269,0.00587269
4171,6327.18,0.26651,0.23119,0.7963,0.93138,0.96008,0.98192,0.96438,0.14476,0.14143,0.75123,0.0058717,0.0058717,0.0058717
4172,6328.65,0.25761,0.2183,0.79558,0.9334,0.95868,0.97924,0.96019,0.14492,0.14175,0.75127,0.00587071,0.00587071,0.00587071
4173,6330.17,0.24865,0.22118,0.79592,0.93001,0.96285,0.98082,0.96073,0.14511,0.14185,0.75126,0.00586972,0.00586972,0.00586972
4174,6331.66,0.25387,0.226,0.79114,0.93386,0.95749,0.98084,0.9607,0.14544,0.14209,0.75118,0.00586873,0.00586873,0.00586873
4175,6333.13,0.26481,0.22294,0.79414,0.92892,0.95745,0.98078,0.96227,0.14519,0.14235,0.75118,0.00586774,0.00586774,0.00586774
4176,6334.62,0.25735,0.22633,0.78775,0.93569,0.95734,0.98303,0.96551,0.14533,0.14236,0.75115,0.00586675,0.00586675,0.00586675
4177,6336.08,0.26032,0.22497,0.79834,0.93545,0.95887,0.98247,0.96342,0.14518,0.14238,0.75111,0.00586576,0.00586576,0.00586576
4178,6337.58,0.25306,0.22522,0.79969,0.9336,0.95741,0.98224,0.96595,0.14471,0.1421,0.7511,0.00586477,0.00586477,0.00586477
4179,6339.14,0.26471,0.22848,0.79518,0.92981,0.95891,0.98259,0.96412,0.14518,0.14257,0.75099,0.00586378,0.00586378,0.00586378
4180,6340.75,0.26249,0.22868,0.79258,0.93667,0.95693,0.98147,0.96294,0.14513,0.14238,0.75089,0.00586279,0.00586279,0.00586279
4181,6342.32,0.26729,0.22896,0.79482,0.93602,0.96241,0.98433,0.96723,0.14488,0.14247,0.75091,0.0058618,0.0058618,0.0058618
4182,6343.74,0.25972,0.22484,0.80314,0.93757,0.95874,0.98339,0.96695,0.14552,0.14285,0.75088,0.00586081,0.00586081,0.00586081
4183,6345.2,0.26952,0.23109,0.79841,0.93867,0.95789,0.98552,0.96717,0.14525,0.14276,0.75085,0.00585982,0.00585982,0.00585982
4184,6346.65,0.26239,0.22501,0.79382,0.93745,0.95706,0.98386,0.96523,0.14438,0.14235,0.75087,0.00585883,0.00585883,0.00585883
4185,6348.08,0.25657,0.22557,0.79217,0.93561,0.95914,0.98548,0.96865,0.14489,0.14278,0.75081,0.00585784,0.00585784,0.00585784
4186,6349.6,0.25017,0.22072,0.79455,0.94102,0.95801,0.98437,0.96784,0.14462,0.14312,0.75083,0.00585685,0.00585685,0.00585685
4187,6351.06,0.25417,0.22603,0.79719,0.93917,0.958,0.98482,0.96826,0.1438,0.14268,0.75091,0.00585586,0.00585586,0.00585586
4188,6352.53,0.25176,0.22033,0.79599,0.93518,0.96032,0.98377,0.96652,0.14426,0.14294,0.75087,0.00585487,0.00585487,0.00585487
4189,6354,0.25346,0.21785,0.79808,0.93237,0.96215,0.98363,0.96805,0.14369,0.14286,0.75088,0.00585388,0.00585388,0.00585388
4190,6355.6,0.27107,0.22493,0.79511,0.93302,0.95937,0.98373,0.96745,0.14312,0.14266,0.7509,0.00585289,0.00585289,0.00585289
4191,6357.07,0.27596,0.23718,0.80844,0.93279,0.96303,0.98431,0.96725,0.1436,0.14289,0.75088,0.0058519,0.0058519,0.0058519
4192,6358.58,0.23423,0.21387,0.79532,0.9238,0.96286,0.98231,0.96604,0.14337,0.14325,0.75093,0.00585091,0.00585091,0.00585091
4193,6360.09,0.2794,0.23518,0.79909,0.92471,0.96418,0.98334,0.96698,0.14312,0.14288,0.75092,0.00584992,0.00584992,0.00584992
4194,6361.54,0.25806,0.2265,0.79663,0.92125,0.96137,0.98314,0.96764,0.14361,0.14352,0.75097,0.00584893,0.00584893,0.00584893
4195,6363.1,0.27778,0.2301,0.80041,0.92354,0.96254,0.98406,0.96852,0.14369,0.14282,0.7509,0.00584794,0.00584794,0.00584794
4196,6364.58,0.25174,0.22436,0.79041,0.92786,0.96346,0.9838,0.96633,0.14316,0.14216,0.75088,0.00584695,0.00584695,0.00584695
4197,6366.01,0.25855,0.23009,0.79786,0.92291,0.96439,0.98427,0.96592,0.14355,0.14231,0.75087,0.00584596,0.00584596,0.00584596
4198,6367.51,0.25631,0.23099,0.79058,0.91824,0.96182,0.98447,0.96643,0.14318,0.14235,0.75091,0.00584497,0.00584497,0.00584497
4199,6368.97,0.24967,0.22444,0.79369,0.91692,0.9627,0.98385,0.96596,0.14383,0.14266,0.75098,0.00584398,0.00584398,0.00584398
4200,6370.55,0.25281,0.22543,0.79104,0.92157,0.96318,0.98262,0.96444,0.1438,0.14234,0.75099,0.00584299,0.00584299,0.00584299
4201,6372.1,0.26383,0.23436,0.79943,0.92326,0.9635,0.98482,0.96739,0.14422,0.14287,0.75101,0.005842,0.005842,0.005842
4202,6373.61,0.25791,0.21845,0.79683,0.92903,0.96266,0.98387,0.96495,0.14447,0.14306,0.75101,0.00584101,0.00584101,0.00584101
4203,6375.08,0.26813,0.23665,0.79625,0.93079,0.9626,0.98418,0.96571,0.14412,0.14255,0.75095,0.00584002,0.00584002,0.00584002
4204,6376.58,0.28822,0.23668,0.80617,0.93105,0.96341,0.98451,0.96773,0.14443,0.14275,0.75085,0.00583903,0.00583903,0.00583903
4205,6378.01,0.27494,0.23691,0.7965,0.9278,0.96213,0.98259,0.96566,0.14436,0.14258,0.75088,0.00583804,0.00583804,0.00583804
4206,6379.5,0.25936,0.22748,0.78906,0.9319,0.96294,0.98413,0.96687,0.14425,0.14275,0.75093,0.00583705,0.00583705,0.00583705
4207,6381.02,0.25475,0.23032,0.79094,0.93435,0.96433,0.98463,0.96871,0.14373,0.14238,0.75093,0.00583606,0.00583606,0.00583606
4208,6382.52,0.27838,0.23218,0.80762,0.93815,0.96577,0.98467,0.96877,0.14383,0.14237,0.75096,0.00583507,0.00583507,0.00583507
4209,6384.01,0.24661,0.22674,0.79219,0.93527,0.96337,0.98518,0.96822,0.14377,0.14205,0.75094,0.00583408,0.00583408,0.00583408
4210,6385.55,0.26017,0.22872,0.79289,0.93811,0.96137,0.98401,0.96726,0.14377,0.14161,0.75087,0.00583309,0.00583309,0.00583309
4211,6387.07,0.27908,0.23246,0.80739,0.94032,0.96,0.98365,0.96823,0.14398,0.14181,0.75083,0.0058321,0.0058321,0.0058321
4212,6388.54,0.26553,0.22883,0.79952,0.93815,0.96064,0.98359,0.96724,0.14393,0.14178,0.75086,0.00583111,0.00583111,0.00583111
4213,6390.08,0.25088,0.22094,0.79814,0.93932,0.96176,0.98324,0.96532,0.14413,0.14173,0.75101,0.00583012,0.00583012,0.00583012
4214,6391.56,0.26073,0.23266,0.7969,0.94019,0.96216,0.9835,0.96523,0.14462,0.14172,0.75105,0.00582913,0.00582913,0.00582913
4215,6393.03,0.27111,0.22435,0.80522,0.93958,0.96276,0.98392,0.96603,0.14449,0.1415,0.75113,0.00582814,0.00582814,0.00582814
4216,6394.53,0.27558,0.23333,0.80159,0.93888,0.96062,0.98337,0.96631,0.14468,0.14156,0.75121,0.00582715,0.00582715,0.00582715
4217,6396.02,0.25471,0.22523,0.79762,0.9419,0.95895,0.98281,0.96547,0.14467,0.14164,0.75118,0.00582616,0.00582616,0.00582616
4218,6397.53,0.25611,0.22943,0.79406,0.94488,0.9587,0.98427,0.96743,0.14454,0.14178,0.75118,0.00582517,0.00582517,0.00582517
4219,6399.04,0.27449,0.23561,0.80397,0.93572,0.95677,0.98433,0.96572,0.1441,0.14188,0.75116,0.00582418,0.00582418,0.00582418
4220,6400.6,0.2564,0.2257,0.79042,0.94375,0.95945,0.98415,0.96525,0.14383,0.142,0.75119,0.00582319,0.00582319,0.00582319
4221,6402.13,0.26371,0.22147,0.80413,0.9379,0.9564,0.98356,0.96465,0.14357,0.14184,0.75121,0.0058222,0.0058222,0.0058222
4222,6403.62,0.25906,0.22949,0.79485,0.93725,0.95865,0.98416,0.96637,0.14316,0.14146,0.75124,0.00582121,0.00582121,0.00582121
4223,6405.17,0.24326,0.21614,0.79558,0.93689,0.95793,0.98256,0.9641,0.14294,0.14114,0.75124,0.00582022,0.00582022,0.00582022
4224,6406.63,0.25757,0.21838,0.79999,0.93798,0.95643,0.98205,0.96484,0.14275,0.14084,0.75129,0.00581923,0.00581923,0.00581923
4225,6408.12,0.2619,0.23031,0.78936,0.93431,0.95616,0.98204,0.96705,0.14253,0.14054,0.75131,0.00581824,0.00581824,0.00581824
4226,6409.65,0.25819,0.23079,0.79464,0.9284,0.95669,0.97869,0.964,0.14297,0.14061,0.75133,0.00581725,0.00581725,0.00581725
4227,6411.14,0.27573,0.23501,0.79346,0.92441,0.95836,0.97861,0.96297,0.14266,0.14084,0.75135,0.00581626,0.00581626,0.00581626
4228,6412.67,0.2643,0.22897,0.79921,0.93577,0.95921,0.98192,0.96445,0.14276,0.14105,0.75132,0.00581527,0.00581527,0.00581527
4229,6414.11,0.27984,0.23549,0.79806,0.93652,0.95885,0.98281,0.96772,0.14323,0.14128,0.75127,0.00581428,0.00581428,0.00581428
4230,6415.71,0.27777,0.2268,0.80698,0.93496,0.95855,0.98137,0.96517,0.14306,0.14102,0.75122,0.00581329,0.00581329,0.00581329
4231,6417.21,0.24312,0.21982,0.79046,0.93482,0.95871,0.98154,0.96492,0.1431,0.14101,0.75121,0.0058123,0.0058123,0.0058123
4232,6418.71,0.27987,0.24087,0.79438,0.93415,0.95705,0.98154,0.96566,0.1431,0.14099,0.75115,0.00581131,0.00581131,0.00581131
4233,6420.15,0.27647,0.24631,0.80685,0.94161,0.95903,0.98309,0.96581,0.14337,0.14102,0.75118,0.00581032,0.00581032,0.00581032
4234,6421.68,0.25887,0.22164,0.79829,0.93702,0.9574,0.98183,0.96475,0.14361,0.1418,0.75123,0.00580933,0.00580933,0.00580933
4235,6423.18,0.25663,0.22645,0.79594,0.93533,0.95821,0.98206,0.9676,0.14354,0.14153,0.75122,0.00580834,0.00580834,0.00580834
4236,6424.6,0.25635,0.22748,0.79183,0.93712,0.95848,0.98287,0.96491,0.14346,0.14165,0.75129,0.00580735,0.00580735,0.00580735
4237,6426.12,0.25441,0.22186,0.79817,0.94087,0.95972,0.98273,0.96683,0.14406,0.14201,0.75135,0.00580636,0.00580636,0.00580636
4238,6427.62,0.25513,0.22677,0.79297,0.93518,0.95836,0.98177,0.96383,0.14423,0.14186,0.75142,0.00580537,0.00580537,0.00580537
4239,6429.08,0.27265,0.2265,0.80153,0.94223,0.95984,0.98269,0.96633,0.14449,0.14181,0.75146,0.00580438,0.00580438,0.00580438
4240,6430.68,0.25279,0.22961,0.80135,0.93706,0.96237,0.98182,0.96479,0.14486,0.14194,0.75151,0.00580339,0.00580339,0.00580339
4241,6432.22,0.27514,0.23956,0.80113,0.93596,0.96099,0.98169,0.96278,0.1447,0.1417,0.75155,0.0058024,0.0058024,0.0058024
4242,6433.73,0.25987,0.23435,0.79432,0.9333,0.96158,0.98086,0.9616,0.14526,0.14221,0.7516,0.00580141,0.00580141,0.00580141
4243,6435.24,0.24452,0.23289,0.80071,0.92899,0.96101,0.98124,0.96369,0.14549,0.14257,0.75168,0.00580042,0.00580042,0.00580042
4244,6436.76,0.25237,0.23734,0.79367,0.93526,0.96354,0.98276,0.96412,0.14524,0.14265,0.75164,0.00579943,0.00579943,0.00579943
4245,6438.18,0.27957,0.23621,0.80671,0.92791,0.96134,0.98236,0.96324,0.14567,0.14277,0.75168,0.00579844,0.00579844,0.00579844
4246,6439.66,0.25017,0.21709,0.80561,0.93265,0.96296,0.98259,0.96424,0.14568,0.14293,0.7518,0.00579745,0.00579745,0.00579745
4247,6441.19,0.24869,0.22588,0.79249,0.92778,0.96424,0.98253,0.96453,0.14541,0.14309,0.75179,0.00579646,0.00579646,0.00579646
4248,6442.61,0.2622,0.23491,0.7934,0.92779,0.96258,0.98263,0.96317,0.14598,0.14319,0.7518,0.00579547,0.00579547,0.00579547
4249,6444.13,0.24128,0.22206,0.79485,0.93489,0.96343,0.98426,0.9657,0.14622,0.14277,0.75193,0.00579448,0.00579448,0.00579448
4250,6445.64,0.28711,0.23743,0.79807,0.93375,0.96212,0.9832,0.96601,0.14548,0.14225,0.75189,0.00579349,0.00579349,0.00579349
4251,6447.13,0.26501,0.23395,0.7968,0.93116,0.95937,0.98291,0.96537,0.14614,0.14252,0.75196,0.0057925,0.0057925,0.0057925
4252,6448.6,0.26742,0.22444,0.79726,0.93418,0.96244,0.98331,0.96384,0.14647,0.14287,0.752,0.00579151,0.00579151,0.00579151
4253,6450.06,0.25217,0.22458,0.79263,0.93725,0.96128,0.98373,0.96349,0.14612,0.14277,0.75194,0.00579052,0.00579052,0.00579052
4254,6451.63,0.25155,0.21491,0.79431,0.93396,0.96002,0.98298,0.96308,0.14627,0.14268,0.75201,0.00578953,0.00578953,0.00578953
4255,6453.08,0.25994,0.2287,0.79982,0.93505,0.96083,0.98262,0.96287,0.14562,0.14201,0.75198,0.00578854,0.00578854,0.00578854
4256,6454.54,0.26743,0.23039,0.80377,0.93553,0.96277,0.98266,0.96273,0.14529,0.14156,0.75194,0.00578755,0.00578755,0.00578755
4257,6456.04,0.23856,0.214,0.79459,0.93454,0.96481,0.98455,0.96259,0.14525,0.14126,0.75192,0.00578656,0.00578656,0.00578656
4258,6457.54,0.2528,0.22659,0.79561,0.93371,0.95963,0.98377,0.96332,0.14498,0.14053,0.75188,0.00578557,0.00578557,0.00578557
4259,6459,0.27332,0.23852,0.79546,0.92821,0.96061,0.98285,0.96277,0.14472,0.14086,0.75186,0.00578458,0.00578458,0.00578458
4260,6460.62,0.25983,0.23371,0.78642,0.93152,0.95868,0.98276,0.96336,0.14464,0.14068,0.75187,0.00578359,0.00578359,0.00578359
4261,6462.14,0.27131,0.22914,0.80387,0.92796,0.95789,0.9828,0.96447,0.14461,0.14101,0.75189,0.0057826,0.0057826,0.0057826
4262,6463.59,0.26841,0.22691,0.7921,0.9275,0.95816,0.98314,0.9642,0.14446,0.14105,0.7519,0.00578161,0.00578161,0.00578161
4263,6465.09,0.26567,0.22186,0.79903,0.93486,0.95861,0.98411,0.96489,0.14448,0.14098,0.75191,0.00578062,0.00578062,0.00578062
4264,6466.68,0.2803,0.23521,0.8,0.93258,0.96175,0.98272,0.96253,0.14423,0.14109,0.7519,0.00577963,0.00577963,0.00577963
4265,6468.18,0.25875,0.22842,0.79436,0.93189,0.96118,0.98459,0.96358,0.1443,0.14124,0.75189,0.00577864,0.00577864,0.00577864
4266,6469.68,0.25767,0.22326,0.79618,0.93337,0.96402,0.98437,0.96571,0.14396,0.14118,0.75185,0.00577765,0.00577765,0.00577765
4267,6471.18,0.25105,0.22426,0.79488,0.92884,0.96299,0.98398,0.96565,0.14357,0.14093,0.75178,0.00577666,0.00577666,0.00577666
4268,6472.7,0.27713,0.23062,0.79623,0.93068,0.96282,0.98263,0.96215,0.14337,0.14058,0.75176,0.00577567,0.00577567,0.00577567
4269,6474.14,0.25619,0.22165,0.80122,0.93016,0.96121,0.98126,0.96127,0.14325,0.14033,0.75171,0.00577468,0.00577468,0.00577468
4270,6475.76,0.24576,0.22222,0.79924,0.92641,0.9642,0.98257,0.96303,0.14323,0.14042,0.75164,0.00577369,0.00577369,0.00577369
4271,6477.34,0.26473,0.22336,0.80157,0.92485,0.96297,0.98256,0.96468,0.14336,0.14032,0.75163,0.0057727,0.0057727,0.0057727
4272,6478.78,0.27367,0.23175,0.80259,0.9233,0.96135,0.98347,0.9659,0.14324,0.14059,0.75161,0.00577171,0.00577171,0.00577171
4273,6480.28,0.27283,0.23101,0.79755,0.92392,0.96541,0.98456,0.96367,0.14303,0.14041,0.75166,0.00577072,0.00577072,0.00577072
4274,6481.74,0.26321,0.22504,0.79497,0.92248,0.96607,0.98121,0.96154,0.14309,0.14038,0.75162,0.00576973,0.00576973,0.00576973
4275,6483.27,0.25393,0.22797,0.79169,0.92752,0.96486,0.9829,0.96186,0.14329,0.14047,0.75166,0.00576874,0.00576874,0.00576874
4276,6484.78,0.28143,0.23785,0.8059,0.92946,0.96534,0.98292,0.9619,0.14349,0.14042,0.75167,0.00576775,0.00576775,0.00576775
4277,6486.24,0.24399,0.21817,0.79494,0.92727,0.96394,0.98286,0.96158,0.14356,0.14024,0.75167,0.00576676,0.00576676,0.00576676
4278,6487.67,0.26756,0.22461,0.79932,0.92835,0.96606,0.98275,0.96152,0.14345,0.1404,0.75167,0.00576577,0.00576577,0.00576577
4279,6489.19,0.25225,0.2256,0.79094,0.92805,0.96378,0.98276,0.96172,0.14295,0.14047,0.75165,0.00576478,0.00576478,0.00576478
4280,6490.74,0.25665,0.23042,0.79916,0.93074,0.96248,0.98097,0.96061,0.14306,0.14093,0.75165,0.00576379,0.00576379,0.00576379
4281,6492.36,0.27248,0.23881,0.79572,0.93511,0.96011,0.98182,0.96321,0.1427,0.14037,0.75163,0.0057628,0.0057628,0.0057628
4282,6493.86,0.24365,0.21697,0.79626,0.9329,0.96076,0.98146,0.96144,0.1426,0.14059,0.75164,0.00576181,0.00576181,0.00576181
4283,6495.35,0.24766,0.21973,0.79315,0.9326,0.95954,0.98298,0.96483,0.14273,0.14102,0.75162,0.00576082,0.00576082,0.00576082
4284,6496.79,0.26643,0.22863,0.79481,0.92737,0.95862,0.9806,0.96159,0.14235,0.14079,0.75162,0.00575983,0.00575983,0.00575983
4285,6498.3,0.27132,0.22938,0.80677,0.93104,0.9622,0.98399,0.96414,0.14268,0.14141,0.75162,0.00575884,0.00575884,0.00575884
4286,6499.75,0.25311,0.22537,0.7941,0.93469,0.96218,0.98413,0.96401,0.14324,0.14152,0.75162,0.00575785,0.00575785,0.00575785
4287,6501.2,0.25214,0.22437,0.79348,0.93285,0.96151,0.97981,0.96083,0.1429,0.14131,0.75157,0.00575686,0.00575686,0.00575686
4288,6502.73,0.2861,0.23549,0.79955,0.93771,0.96098,0.98086,0.96005,0.14306,0.14134,0.75159,0.00575587,0.00575587,0.00575587
4289,6504.25,0.25122,0.22557,0.79429,0.93374,0.9616,0.97938,0.95943,0.14362,0.14135,0.75156,0.00575488,0.00575488,0.00575488
4290,6505.8,0.24992,0.22549,0.7938,0.93672,0.96074,0.98142,0.95996,0.14312,0.14116,0.75156,0.00575389,0.00575389,0.00575389
4291,6507.33,0.24585,0.21924,0.79105,0.93161,0.96186,0.98145,0.96116,0.14348,0.14134,0.7515,0.0057529,0.0057529,0.0057529
4292,6508.78,0.27371,0.22403,0.80578,0.93215,0.96134,0.98187,0.96066,0.14388,0.14145,0.75151,0.00575191,0.00575191,0.00575191
4293,6510.24,0.25068,0.22265,0.79415,0.92896,0.96047,0.98151,0.96117,0.14341,0.14128,0.75154,0.00575092,0.00575092,0.00575092
4294,6511.72,0.26714,0.22838,0.79927,0.92858,0.96035,0.98088,0.96106,0.14313,0.1412,0.75143,0.00574993,0.00574993,0.00574993
4295,6513.18,0.25471,0.2253,0.79828,0.92608,0.96233,0.98419,0.96328,0.14322,0.14123,0.7514,0.00574894,0.00574894,0.00574894
4296,6514.68,0.25185,0.21632,0.80764,0.92553,0.96045,0.9795,0.96046,0.1426,0.14102,0.7514,0.00574795,0.00574795,0.00574795
4297,6516.11,0.24799,0.21956,0.79952,0.92766,0.96095,0.97975,0.96024,0.14267,0.14088,0.75139,0.00574696,0.00574696,0.00574696
4298,6517.65,0.24705,0.22305,0.79539,0.92622,0.96057,0.9812,0.9629,0.14315,0.14112,0.75135,0.00574597,0.00574597,0.00574597
4299,6519.14,0.27653,0.22571,0.79414,0.92814,0.9603,0.98088,0.96106,0.14299,0.14157,0.75134,0.00574498,0.00574498,0.00574498
4300,6520.64,0.25119,0.22548,0.79378,0.92775,0.95831,0.98157,0.96278,0.14325,0.14183,0.75133,0.00574399,0.00574399,0.00574399
4301,6522.21,0.25446,0.22826,0.79593,0.9307,0.95869,0.9801,0.9615,0.14358,0.14183,0.75135,0.005743,0.005743,0.005743
4302,6523.71,0.26021,0.22311,0.79392,0.931,0.95935,0.98084,0.96046,0.1438,0.14197,0.75138,0.00574201,0.00574201,0.00574201
4303,6525.21,0.25809,0.22917,0.799,0.93063,0.95803,0.98288,0.96328,0.14361,0.14163,0.75138,0.00574102,0.00574102,0.00574102
4304,6526.75,0.26174,0.22779,0.79802,0.93534,0.9594,0.98339,0.96379,0.14399,0.14187,0.75137,0.00574003,0.00574003,0.00574003
4305,6528.22,0.26974,0.23036,0.79603,0.93582,0.96033,0.9826,0.96346,0.14388,0.142,0.7514,0.00573904,0.00573904,0.00573904
4306,6529.7,0.27454,0.23697,0.79932,0.93238,0.95871,0.98219,0.96317,0.1438,0.14176,0.7514,0.00573805,0.00573805,0.00573805
4307,6531.13,0.26302,0.23593,0.78796,0.93673,0.96026,0.98312,0.96632,0.14394,0.14165,0.75141,0.00573706,0.00573706,0.00573706
4308,6532.67,0.26426,0.23008,0.80332,0.93418,0.95846,0.98337,0.96509,0.14397,0.14171,0.75141,0.00573607,0.00573607,0.00573607
4309,6534.22,0.25916,0.22999,0.79783,0.93778,0.95977,0.98498,0.96633,0.14398,0.14133,0.75142,0.00573508,0.00573508,0.00573508
4310,6535.71,0.24703,0.21955,0.79557,0.94064,0.95913,0.98332,0.96447,0.14387,0.14144,0.75143,0.00573409,0.00573409,0.00573409
4311,6537.24,0.26442,0.2306,0.7993,0.93687,0.95757,0.98239,0.96528,0.14376,0.14162,0.75146,0.0057331,0.0057331,0.0057331
4312,6538.73,0.25335,0.21373,0.79897,0.94163,0.95825,0.98525,0.96628,0.14339,0.14089,0.75153,0.00573211,0.00573211,0.00573211
4313,6540.21,0.28968,0.23277,0.80118,0.9405,0.958,0.98492,0.96646,0.14338,0.14065,0.75154,0.00573112,0.00573112,0.00573112
4314,6541.73,0.26185,0.22642,0.7946,0.93734,0.95683,0.983,0.96417,0.1435,0.14068,0.75159,0.00573013,0.00573013,0.00573013
4315,6543.19,0.25129,0.22143,0.79541,0.93818,0.95643,0.98156,0.96148,0.14353,0.14014,0.75165,0.00572914,0.00572914,0.00572914
4316,6544.68,0.26119,0.22714,0.79601,0.93877,0.95686,0.98066,0.9621,0.14335,0.1406,0.75165,0.00572815,0.00572815,0.00572815
4317,6546.21,0.25212,0.22147,0.79278,0.93777,0.95656,0.98191,0.96097,0.1437,0.14049,0.75167,0.00572716,0.00572716,0.00572716
4318,6547.7,0.27661,0.23501,0.79631,0.93373,0.95849,0.98043,0.96031,0.14397,0.14073,0.75163,0.00572617,0.00572617,0.00572617
4319,6549.14,0.25267,0.21871,0.80374,0.93316,0.95768,0.98064,0.96006,0.14391,0.14098,0.7516,0.00572518,0.00572518,0.00572518
4320,6550.69,0.27183,0.23753,0.80086,0.93095,0.95595,0.97984,0.96092,0.1441,0.14063,0.75159,0.00572419,0.00572419,0.00572419
4321,6552.28,0.24802,0.21921,0.80109,0.93122,0.95859,0.98118,0.96345,0.1445,0.14047,0.75156,0.0057232,0.0057232,0.0057232
4322,6553.78,0.26898,0.2283,0.80515,0.92874,0.95496,0.97949,0.96075,0.14457,0.14093,0.75154,0.00572221,0.00572221,0.00572221
4323,6555.26,0.25043,0.2237,0.79294,0.93122,0.95749,0.98075,0.96306,0.14549,0.14142,0.7516,0.00572122,0.00572122,0.00572122
4324,6556.78,0.25175,0.22542,0.79913,0.93086,0.95435,0.97957,0.96168,0.14627,0.14165,0.7516,0.00572023,0.00572023,0.00572023
4325,6558.27,0.25565,0.21978,0.79322,0.93736,0.95732,0.98112,0.96216,0.1458,0.1415,0.7516,0.00571924,0.00571924,0.00571924
4326,6559.79,0.26104,0.22399,0.79884,0.92985,0.9563,0.97931,0.95926,0.14659,0.14185,0.75158,0.00571825,0.00571825,0.00571825
4327,6561.29,0.24999,0.22103,0.7914,0.9356,0.9551,0.98062,0.96216,0.14638,0.14203,0.75153,0.00571726,0.00571726,0.00571726
4328,6562.78,0.2572,0.22719,0.79279,0.93906,0.95736,0.9817,0.96138,0.14567,0.1417,0.75145,0.00571627,0.00571627,0.00571627
4329,6564.26,0.2708,0.23948,0.79857,0.93661,0.9563,0.98199,0.96513,0.14596,0.14196,0.75142,0.00571528,0.00571528,0.00571528
4330,6565.81,0.26401,0.23696,0.79771,0.94375,0.95744,0.98215,0.96512,0.14564,0.14134,0.75138,0.00571429,0.00571429,0.00571429
4331,6567.37,0.26735,0.2267,0.80652,0.93873,0.9575,0.98192,0.96421,0.14536,0.14148,0.75134,0.0057133,0.0057133,0.0057133
4332,6568.86,0.26152,0.23274,0.79684,0.93582,0.95558,0.98115,0.96286,0.14532,0.14104,0.75135,0.00571231,0.00571231,0.00571231
4333,6570.37,0.26938,0.22989,0.79698,0.93589,0.95421,0.98143,0.96163,0.14517,0.14154,0.75141,0.00571132,0.00571132,0.00571132
4334,6571.83,0.2753,0.23808,0.80158,0.93584,0.95696,0.98258,0.96412,0.14493,0.1415,0.75137,0.00571033,0.00571033,0.00571033
4335,6573.31,0.273,0.23887,0.79238,0.9341,0.95638,0.98116,0.96239,0.14499,0.14175,0.75139,0.00570934,0.00570934,0.00570934
4336,6574.78,0.24917,0.22263,0.79957,0.93531,0.95321,0.98235,0.96454,0.14484,0.14187,0.75141,0.00570835,0.00570835,0.00570835
4337,6576.29,0.24182,0.22579,0.78938,0.93778,0.95733,0.98365,0.96703,0.14481,0.14202,0.75145,0.00570736,0.00570736,0.00570736
4338,6577.74,0.2519,0.22408,0.79975,0.93287,0.95694,0.98298,0.96499,0.14506,0.14199,0.75156,0.00570637,0.00570637,0.00570637
4339,6579.19,0.25784,0.22207,0.79537,0.94083,0.94864,0.98192,0.96376,0.14505,0.14235,0.7515,0.00570538,0.00570538,0.00570538
4340,6580.74,0.25264,0.22095,0.79458,0.94148,0.94882,0.98329,0.96462,0.14448,0.14195,0.75146,0.00570439,0.00570439,0.00570439
4341,6582.3,0.26233,0.22544,0.79187,0.9301,0.95113,0.98226,0.9642,0.1443,0.14217,0.75142,0.0057034,0.0057034,0.0057034
4342,6583.82,0.2604,0.22467,0.79579,0.92674,0.95479,0.9838,0.96751,0.14352,0.14157,0.75142,0.00570241,0.00570241,0.00570241
4343,6585.27,0.24986,0.22291,0.78654,0.92431,0.95749,0.9827,0.96294,0.1433,0.14121,0.75144,0.00570142,0.00570142,0.00570142
4344,6586.83,0.26019,0.22035,0.80228,0.92691,0.95224,0.98125,0.96156,0.14326,0.14145,0.75141,0.00570043,0.00570043,0.00570043
4345,6588.34,0.26265,0.22588,0.79208,0.9191,0.95481,0.97875,0.96174,0.14324,0.14141,0.7514,0.00569944,0.00569944,0.00569944
4346,6589.74,0.24195,0.21684,0.79453,0.92033,0.95256,0.98095,0.96444,0.14335,0.14154,0.75133,0.00569845,0.00569845,0.00569845
4347,6591.24,0.25865,0.22398,0.79918,0.92081,0.94998,0.98124,0.96418,0.14315,0.14133,0.75123,0.00569746,0.00569746,0.00569746
4348,6592.74,0.25904,0.23302,0.78594,0.92047,0.95067,0.98314,0.96377,0.14377,0.14143,0.75121,0.00569647,0.00569647,0.00569647
4349,6594.31,0.25656,0.22933,0.79502,0.92068,0.95116,0.98207,0.96484,0.14418,0.14182,0.75122,0.00569548,0.00569548,0.00569548
4350,6595.81,0.24747,0.21679,0.79152,0.91785,0.95299,0.98158,0.96371,0.14398,0.14178,0.75113,0.00569449,0.00569449,0.00569449
4351,6597.42,0.27666,0.22886,0.8031,0.92058,0.95432,0.98194,0.96414,0.14353,0.14137,0.75105,0.0056935,0.0056935,0.0056935
4352,6598.87,0.26132,0.22,0.80061,0.91894,0.95428,0.98143,0.96245,0.14342,0.14136,0.75103,0.00569251,0.00569251,0.00569251
4353,6600.44,0.26984,0.22463,0.80521,0.91771,0.95362,0.98163,0.96275,0.14331,0.14128,0.75097,0.00569152,0.00569152,0.00569152
4354,6601.94,0.26429,0.22325,0.79646,0.91954,0.95184,0.98069,0.96168,0.14266,0.14045,0.75096,0.00569053,0.00569053,0.00569053
4355,6603.42,0.24976,0.21913,0.79629,0.92183,0.9511,0.98355,0.96593,0.14288,0.14051,0.75101,0.00568954,0.00568954,0.00568954
4356,6604.95,0.25468,0.2228,0.79632,0.92092,0.95226,0.98437,0.96741,0.14273,0.14022,0.75102,0.00568855,0.00568855,0.00568855
4357,6606.39,0.26523,0.23293,0.79897,0.93,0.95038,0.98344,0.96381,0.14269,0.13995,0.75103,0.00568756,0.00568756,0.00568756
4358,6607.88,0.26717,0.22992,0.79476,0.93445,0.95296,0.98366,0.965,0.14279,0.13977,0.75106,0.00568657,0.00568657,0.00568657
4359,6609.33,0.27641,0.23683,0.79737,0.93401,0.95333,0.98277,0.96186,0.14232,0.13949,0.75094,0.00568558,0.00568558,0.00568558
4360,6610.87,0.25082,0.22531,0.79105,0.93292,0.95529,0.98286,0.96334,0.14249,0.1395,0.75096,0.00568459,0.00568459,0.00568459
4361,6612.44,0.26425,0.22843,0.79843,0.9324,0.95393,0.9817,0.96266,0.14293,0.13965,0.75103,0.0056836,0.0056836,0.0056836
4362,6613.94,0.25672,0.22828,0.79842,0.93089,0.95266,0.98172,0.96297,0.14254,0.13942,0.75103,0.00568261,0.00568261,0.00568261
4363,6615.49,0.26498,0.22379,0.79821,0.93434,0.95377,0.98237,0.96187,0.14263,0.13982,0.75108,0.00568162,0.00568162,0.00568162
4364,6616.96,0.24178,0.21346,0.79439,0.93565,0.95265,0.98081,0.95907,0.14316,0.14006,0.7512,0.00568063,0.00568063,0.00568063
4365,6618.45,0.2761,0.22709,0.8046,0.93662,0.95403,0.9825,0.96161,0.14267,0.13997,0.75121,0.00567964,0.00567964,0.00567964
4366,6619.94,0.25438,0.22018,0.79328,0.93986,0.95612,0.9827,0.96415,0.14203,0.13947,0.75119,0.00567865,0.00567865,0.00567865
4367,6621.47,0.24689,0.21663,0.7918,0.94342,0.9543,0.98328,0.96414,0.1424,0.1399,0.7512,0.00567766,0.00567766,0.00567766
4368,6622.94,0.25752,0.22962,0.79014,0.94134,0.95359,0.9834,0.96354,0.14174,0.13929,0.75118,0.00567667,0.00567667,0.00567667
4369,6624.45,0.26244,0.22675,0.79792,0.93822,0.95488,0.98447,0.96532,0.14165,0.13962,0.75111,0.00567568,0.00567568,0.00567568
4370,6625.96,0.26281,0.22674,0.80223,0.93783,0.95201,0.98345,0.96378,0.14172,0.13948,0.75111,0.00567469,0.00567469,0.00567469
4371,6627.45,0.28412,0.23207,0.80065,0.93733,0.95221,0.98308,0.96285,0.14131,0.13952,0.75102,0.0056737,0.0056737,0.0056737
4372,6628.88,0.26059,0.22617,0.79758,0.93621,0.95409,0.98398,0.96451,0.1409,0.13878,0.75096,0.00567271,0.00567271,0.00567271
4373,6630.38,0.26432,0.23097,0.79942,0.93372,0.95352,0.98184,0.96218,0.14129,0.13947,0.75097,0.00567172,0.00567172,0.00567172
4374,6631.84,0.24985,0.2218,0.79045,0.93212,0.95466,0.98035,0.96094,0.14071,0.13933,0.75087,0.00567073,0.00567073,0.00567073
4375,6633.32,0.26004,0.22033,0.8068,0.93271,0.95364,0.9811,0.96494,0.14062,0.13911,0.75081,0.00566974,0.00566974,0.00566974
4376,6634.8,0.24539,0.21256,0.79772,0.9293,0.95218,0.97944,0.96403,0.14067,0.13924,0.75083,0.00566875,0.00566875,0.00566875
4377,6636.24,0.24907,0.22092,0.79684,0.93382,0.95601,0.98142,0.96642,0.14008,0.13881,0.75075,0.00566776,0.00566776,0.00566776
4378,6637.73,0.2748,0.23299,0.79681,0.93692,0.95758,0.98099,0.9648,0.14054,0.13918,0.75078,0.00566677,0.00566677,0.00566677
4379,6639.23,0.27272,0.23861,0.79018,0.93588,0.9554,0.98263,0.96519,0.14103,0.13939,0.75078,0.00566578,0.00566578,0.00566578
4380,6640.8,0.26008,0.22741,0.7977,0.93831,0.95653,0.98262,0.96388,0.14067,0.13927,0.75074,0.00566479,0.00566479,0.00566479
4381,6642.37,0.26854,0.2282,0.79571,0.93736,0.95562,0.98337,0.96603,0.1412,0.13968,0.75075,0.0056638,0.0056638,0.0056638
4382,6643.88,0.27546,0.2345,0.79674,0.93816,0.95536,0.98292,0.96574,0.14161,0.13995,0.7508,0.00566281,0.00566281,0.00566281
4383,6645.33,0.25827,0.21955,0.79428,0.93784,0.95576,0.98424,0.96659,0.14103,0.1399,0.75069,0.00566182,0.00566182,0.00566182
4384,6646.83,0.23778,0.21609,0.79534,0.93614,0.95425,0.98309,0.96545,0.14052,0.13956,0.75052,0.00566083,0.00566083,0.00566083
4385,6648.28,0.25142,0.21737,0.79402,0.93443,0.95379,0.98268,0.9654,0.14083,0.13951,0.75053,0.00565984,0.00565984,0.00565984
4386,6649.78,0.25745,0.22441,0.79829,0.93113,0.95695,0.98246,0.96479,0.14048,0.13902,0.75053,0.00565885,0.00565885,0.00565885
4387,6651.3,0.2535,0.2214,0.79873,0.92856,0.95741,0.98204,0.96348,0.1405,0.13878,0.7505,0.00565786,0.00565786,0.00565786
4388,6652.71,0.25425,0.22386,0.79855,0.92845,0.95598,0.98256,0.96671,0.14065,0.13838,0.75056,0.00565687,0.00565687,0.00565687
4389,6654.17,0.24142,0.21708,0.79568,0.92981,0.95781,0.98239,0.96691,0.14067,0.13867,0.75052,0.00565588,0.00565588,0.00565588
4390,6655.75,0.25643,0.22328,0.79343,0.92844,0.95745,0.98394,0.96741,0.14111,0.13849,0.75054,0.00565489,0.00565489,0.00565489
4391,6657.21,0.26037,0.22869,0.79093,0.93216,0.9562,0.98449,0.96676,0.14117,0.13843,0.75057,0.0056539,0.0056539,0.0056539
4392,6658.68,0.26641,0.22498,0.80499,0.93264,0.96176,0.98313,0.96585,0.14066,0.13803,0.75051,0.00565291,0.00565291,0.00565291
4393,6660.24,0.25651,0.22019,0.80304,0.94038,0.96188,0.98555,0.969,0.14038,0.13809,0.75041,0.00565192,0.00565192,0.00565192
4394,6661.71,0.2721,0.22208,0.79957,0.94443,0.96027,0.9843,0.96732,0.14042,0.13809,0.75039,0.00565093,0.00565093,0.00565093
4395,6663.2,0.26552,0.23607,0.79761,0.94052,0.96138,0.98405,0.96763,0.14007,0.1381,0.75034,0.00564994,0.00564994,0.00564994
4396,6664.64,0.24956,0.22672,0.79967,0.94561,0.95901,0.9844,0.96579,0.13952,0.13783,0.75027,0.00564895,0.00564895,0.00564895
4397,6666.16,0.25427,0.22244,0.79442,0.94568,0.95869,0.98478,0.96666,0.1394,0.13799,0.75026,0.00564796,0.00564796,0.00564796
4398,6667.63,0.26178,0.2255,0.79568,0.93933,0.95982,0.98379,0.96793,0.13893,0.13806,0.75022,0.00564697,0.00564697,0.00564697
4399,6669.1,0.23796,0.21856,0.78818,0.94609,0.95818,0.98412,0.96628,0.13867,0.13805,0.75019,0.00564598,0.00564598,0.00564598
4400,6670.58,0.25887,0.2256,0.79032,0.94696,0.959,0.98386,0.96617,0.13853,0.13822,0.75018,0.00564499,0.00564499,0.00564499
4401,6672.16,0.26039,0.23067,0.79364,0.94309,0.95703,0.98316,0.96631,0.13846,0.13829,0.75014,0.005644,0.005644,0.005644
4402,6673.62,0.26018,0.22523,0.79753,0.94141,0.95591,0.98389,0.96554,0.13874,0.13859,0.75003,0.00564301,0.00564301,0.00564301
4403,6675.1,0.25019,0.21822,0.79377,0.94056,0.95576,0.98393,0.96824,0.13905,0.13857,0.75009,0.00564202,0.00564202,0.00564202
4404,6676.56,0.2715,0.22992,0.79361,0.93714,0.9542,0.98272,0.96534,0.13887,0.13867,0.75001,0.00564103,0.00564103,0.00564103
4405,6678.07,0.25523,0.22166,0.79703,0.93684,0.95219,0.98231,0.96425,0.13879,0.13899,0.74999,0.00564004,0.00564004,0.00564004
4406,6679.53,0.2482,0.22615,0.79148,0.93841,0.95362,0.98342,0.9671,0.139,0.13919,0.75003,0.00563905,0.00563905,0.00563905
4407,6681.01,0.26717,0.23118,0.79262,0.93761,0.95239,0.9826,0.9672,0.13897,0.13925,0.75006,0.00563806,0.00563806,0.00563806
4408,6682.56,0.2376,0.21956,0.7907,0.93974,0.95619,0.9836,0.96735,0.13914,0.13898,0.7501,0.00563707,0.00563707,0.00563707
4409,6683.99,0.2734,0.23394,0.80557,0.93913,0.95762,0.98402,0.96888,0.13938,0.1389,0.75012,0.00563608,0.00563608,0.00563608
4410,6685.54,0.2521,0.22597,0.79111,0.94218,0.96083,0.98472,0.96829,0.13949,0.13898,0.7501,0.00563509,0.00563509,0.00563509
4411,6687.12,0.24633,0.22519,0.79876,0.94135,0.95946,0.98338,0.96615,0.13971,0.13916,0.75014,0.0056341,0.0056341,0.0056341
4412,6688.6,0.25638,0.22589,0.79654,0.93806,0.95845,0.98326,0.96556,0.1397,0.13907,0.75016,0.00563311,0.00563311,0.00563311
4413,6690.08,0.25451,0.22802,0.79758,0.94079,0.95693,0.98341,0.96468,0.13997,0.13929,0.75023,0.00563212,0.00563212,0.00563212
4414,6691.54,0.2697,0.23223,0.79755,0.94397,0.95442,0.98477,0.96502,0.13997,0.13954,0.75021,0.00563113,0.00563113,0.00563113
4415,6693.05,0.25136,0.22309,0.79547,0.94501,0.95455,0.98422,0.9664,0.14006,0.13932,0.75024,0.00563014,0.00563014,0.00563014
4416,6694.54,0.26818,0.23156,0.79454,0.9459,0.95416,0.98476,0.96638,0.13979,0.13947,0.75025,0.00562915,0.00562915,0.00562915
4417,6696.06,0.25896,0.22603,0.79914,0.94891,0.9567,0.98432,0.96756,0.13949,0.13923,0.75019,0.00562816,0.00562816,0.00562816
4418,6697.49,0.25722,0.22988,0.79486,0.94231,0.96096,0.9847,0.96586,0.13953,0.13942,0.7502,0.00562717,0.00562717,0.00562717
4419,6698.96,0.24208,0.21933,0.79251,0.94255,0.95901,0.98333,0.96724,0.13964,0.1395,0.75018,0.00562618,0.00562618,0.00562618
4420,6700.51,0.2674,0.24162,0.79757,0.93668,0.95345,0.98186,0.96372,0.1395,0.1397,0.75024,0.00562519,0.00562519,0.00562519
4421,6702.04,0.25726,0.22823,0.80375,0.94069,0.9546,0.98393,0.96753,0.13944,0.14003,0.75024,0.0056242,0.0056242,0.0056242
4422,6703.55,0.2438,0.21446,0.80118,0.93991,0.95469,0.9827,0.9653,0.13947,0.14017,0.75025,0.00562321,0.00562321,0.00562321
4423,6705.02,0.26375,0.23271,0.80508,0.93623,0.95645,0.98192,0.96411,0.13942,0.14027,0.75031,0.00562222,0.00562222,0.00562222
4424,6706.49,0.25523,0.22978,0.80029,0.94029,0.95847,0.98443,0.96684,0.13939,0.14049,0.75033,0.00562123,0.00562123,0.00562123
4425,6707.95,0.25036,0.22788,0.78802,0.94368,0.95239,0.9828,0.96442,0.13948,0.14041,0.75033,0.00562024,0.00562024,0.00562024
4426,6709.52,0.2501,0.21937,0.79342,0.94407,0.95433,0.98372,0.96731,0.13974,0.14055,0.75039,0.00561925,0.00561925,0.00561925
4427,6711.07,0.26627,0.22776,0.79616,0.94128,0.953,0.9819,0.96393,0.13982,0.14054,0.75051,0.00561826,0.00561826,0.00561826
4428,6712.6,0.23044,0.20973,0.78943,0.93978,0.94961,0.98163,0.96405,0.13984,0.14076,0.75049,0.00561727,0.00561727,0.00561727
4429,6714.06,0.27031,0.23098,0.79416,0.9402,0.95098,0.98212,0.96455,0.13967,0.13985,0.75064,0.00561628,0.00561628,0.00561628
4430,6715.58,0.25089,0.22802,0.79383,0.94213,0.95533,0.98429,0.96761,0.14004,0.13991,0.7507,0.00561529,0.00561529,0.00561529
4431,6717.16,0.26769,0.23435,0.78984,0.93725,0.95939,0.98393,0.96547,0.13989,0.13953,0.75072,0.0056143,0.0056143,0.0056143
4432,6718.62,0.26054,0.22679,0.79846,0.93218,0.96042,0.98378,0.96429,0.13998,0.13949,0.75078,0.00561331,0.00561331,0.00561331
4433,6720.11,0.23587,0.21266,0.79516,0.93491,0.95821,0.98311,0.96679,0.14029,0.13959,0.75081,0.00561232,0.00561232,0.00561232
4434,6721.53,0.25325,0.22137,0.79292,0.93688,0.95525,0.98235,0.96461,0.14013,0.1394,0.75079,0.00561133,0.00561133,0.00561133
4435,6723.04,0.24166,0.21714,0.78406,0.93322,0.95481,0.98223,0.96599,0.14007,0.13928,0.75076,0.00561034,0.00561034,0.00561034
4436,6724.57,0.26349,0.22863,0.79717,0.93434,0.95583,0.98245,0.96417,0.14019,0.13947,0.75081,0.00560935,0.00560935,0.00560935
4437,6726.05,0.24623,0.21996,0.79501,0.93428,0.95565,0.98271,0.96323,0.14005,0.13909,0.75082,0.00560836,0.00560836,0.00560836
4438,6727.51,0.24293,0.21406,0.80152,0.93987,0.95644,0.98438,0.96576,0.14035,0.13954,0.75085,0.00560737,0.00560737,0.00560737
4439,6728.96,0.24268,0.21641,0.78826,0.93527,0.95649,0.98323,0.96463,0.1407,0.13948,0.7509,0.00560638,0.00560638,0.00560638
4440,6730.51,0.25693,0.22514,0.79737,0.93377,0.95844,0.98279,0.96521,0.14079,0.13953,0.7509,0.00560539,0.00560539,0.00560539
4441,6732.05,0.2527,0.21996,0.79682,0.93568,0.95793,0.98239,0.96208,0.14126,0.13952,0.75096,0.0056044,0.0056044,0.0056044
4442,6733.62,0.25841,0.22598,0.79684,0.93621,0.95822,0.98358,0.96674,0.14169,0.13973,0.75098,0.00560341,0.00560341,0.00560341
4443,6735.08,0.2593,0.21059,0.79966,0.93853,0.95769,0.98335,0.96305,0.14142,0.13976,0.75105,0.00560242,0.00560242,0.00560242
4444,6736.6,0.25288,0.21947,0.7934,0.93324,0.95796,0.98313,0.96354,0.14245,0.14044,0.75111,0.00560143,0.00560143,0.00560143
4445,6738.1,0.25336,0.21482,0.79791,0.93584,0.95742,0.98202,0.96049,0.14288,0.14045,0.75115,0.00560044,0.00560044,0.00560044
4446,6739.54,0.26347,0.2234,0.79834,0.93298,0.95751,0.98379,0.96214,0.14271,0.14016,0.75114,0.00559945,0.00559945,0.00559945
4447,6741.04,0.26057,0.22568,0.79355,0.93542,0.95829,0.98408,0.96411,0.14287,0.13994,0.75118,0.00559846,0.00559846,0.00559846
4448,6742.51,0.2556,0.22629,0.79139,0.94194,0.96035,0.98473,0.96365,0.1431,0.14,0.75113,0.00559747,0.00559747,0.00559747
4449,6743.97,0.25162,0.21799,0.79504,0.93418,0.95895,0.98463,0.96614,0.14292,0.14,0.75118,0.00559648,0.00559648,0.00559648
4450,6745.49,0.25666,0.22046,0.7969,0.93515,0.95989,0.9833,0.9633,0.14268,0.1394,0.75109,0.00559549,0.00559549,0.00559549
4451,6747.03,0.25804,0.22084,0.79052,0.93517,0.96018,0.98429,0.96537,0.14258,0.13919,0.75103,0.0055945,0.0055945,0.0055945
4452,6748.49,0.25226,0.22238,0.79925,0.93296,0.96015,0.98428,0.96733,0.14257,0.13901,0.75105,0.00559351,0.00559351,0.00559351
4453,6750.05,0.24834,0.2189,0.79211,0.93759,0.96182,0.98412,0.96584,0.14212,0.13839,0.75096,0.00559252,0.00559252,0.00559252
4454,6751.53,0.2515,0.21927,0.79455,0.93457,0.96002,0.98503,0.96665,0.14198,0.13851,0.75085,0.00559153,0.00559153,0.00559153
4455,6752.97,0.23983,0.21518,0.79432,0.93019,0.95915,0.98311,0.96674,0.14209,0.13855,0.75082,0.00559054,0.00559054,0.00559054
4456,6754.47,0.26471,0.22753,0.79742,0.93228,0.95871,0.98269,0.96395,0.14198,0.13848,0.75075,0.00558955,0.00558955,0.00558955
4457,6755.92,0.27729,0.23094,0.80165,0.93448,0.95944,0.98362,0.96539,0.14187,0.13841,0.75069,0.00558856,0.00558856,0.00558856
4458,6757.35,0.22991,0.20701,0.79867,0.9342,0.95861,0.98251,0.96428,0.14204,0.13879,0.75071,0.00558757,0.00558757,0.00558757
4459,6758.82,0.2591,0.22487,0.79683,0.93191,0.95779,0.98328,0.96406,0.14216,0.13886,0.75061,0.00558658,0.00558658,0.00558658
4460,6760.29,0.26772,0.23022,0.80159,0.94108,0.96014,0.98489,0.96565,0.14208,0.13879,0.75061,0.00558559,0.00558559,0.00558559
4461,6761.8,0.25287,0.21514,0.79264,0.94043,0.95998,0.98393,0.96634,0.14218,0.13925,0.75064,0.0055846,0.0055846,0.0055846
4462,6763.35,0.25389,0.22093,0.79723,0.93978,0.96103,0.98396,0.96676,0.14225,0.139,0.75067,0.00558361,0.00558361,0.00558361
4463,6764.83,0.2415,0.21607,0.79194,0.93719,0.9583,0.9833,0.96433,0.14216,0.13888,0.75061,0.00558262,0.00558262,0.00558262
4464,6766.3,0.26106,0.22435,0.79154,0.93825,0.95969,0.98249,0.96214,0.1422,0.13863,0.75066,0.00558163,0.00558163,0.00558163
4465,6767.8,0.2515,0.22574,0.80027,0.9327,0.95751,0.9806,0.96091,0.14198,0.13878,0.75064,0.00558064,0.00558064,0.00558064
4466,6769.26,0.25525,0.22315,0.79448,0.93369,0.95916,0.98086,0.96352,0.14188,0.13862,0.75061,0.00557965,0.00557965,0.00557965
4467,6770.74,0.2431,0.21442,0.79148,0.93465,0.95972,0.98067,0.96031,0.14215,0.1386,0.75068,0.00557866,0.00557866,0.00557866
4468,6772.28,0.28123,0.22897,0.79429,0.93222,0.95985,0.98183,0.964,0.14159,0.13873,0.75065,0.00557767,0.00557767,0.00557767
4469,6773.77,0.25168,0.22968,0.79075,0.93335,0.9615,0.98242,0.96583,0.14186,0.13929,0.75064,0.00557668,0.00557668,0.00557668
4470,6775.29,0.25668,0.21825,0.79023,0.92578,0.95753,0.98088,0.95966,0.14191,0.13903,0.75064,0.00557569,0.00557569,0.00557569
4471,6776.91,0.26112,0.22462,0.79162,0.93716,0.96013,0.98149,0.96314,0.14161,0.1392,0.75061,0.0055747,0.0055747,0.0055747
4472,6778.41,0.26547,0.22803,0.79152,0.93551,0.96083,0.98242,0.96107,0.14159,0.1393,0.75055,0.00557371,0.00557371,0.00557371
4473,6779.88,0.27074,0.23351,0.79346,0.93544,0.95959,0.98186,0.9609,0.14163,0.1393,0.75056,0.00557272,0.00557272,0.00557272
4474,6781.39,0.24078,0.21366,0.78848,0.9335,0.95861,0.98091,0.96182,0.14125,0.13905,0.75056,0.00557173,0.00557173,0.00557173
4475,6782.84,0.25595,0.21619,0.7974,0.93698,0.95995,0.98085,0.96174,0.14098,0.13908,0.75046,0.00557074,0.00557074,0.00557074
4476,6784.36,0.24521,0.21859,0.78845,0.93264,0.9574,0.9806,0.96043,0.14075,0.13889,0.75052,0.00556975,0.00556975,0.00556975
4477,6785.9,0.26846,0.22563,0.80418,0.93281,0.95887,0.98155,0.96267,0.14064,0.13892,0.75049,0.00556876,0.00556876,0.00556876
4478,6787.33,0.25735,0.22829,0.79358,0.93545,0.96039,0.98213,0.96503,0.1405,0.13888,0.75045,0.00556777,0.00556777,0.00556777
4479,6788.74,0.26115,0.21873,0.79793,0.93505,0.95894,0.98292,0.9672,0.1405,0.13834,0.7505,0.00556678,0.00556678,0.00556678
4480,6790.18,0.25311,0.22286,0.79496,0.93252,0.95846,0.98206,0.96567,0.14056,0.13877,0.75048,0.00556579,0.00556579,0.00556579
4481,6791.61,0.2396,0.21414,0.7955,0.9202,0.95997,0.98255,0.96625,0.14022,0.13862,0.75041,0.0055648,0.0055648,0.0055648
4482,6793.06,0.23838,0.21419,0.79903,0.91315,0.95943,0.98096,0.96357,0.1403,0.1387,0.75049,0.00556381,0.00556381,0.00556381
4483,6794.51,0.26022,0.21965,0.79699,0.9159,0.95972,0.98309,0.96664,0.14031,0.13857,0.75045,0.00556282,0.00556282,0.00556282
4484,6795.91,0.24597,0.22338,0.78918,0.91706,0.95773,0.98182,0.96321,0.14014,0.13851,0.7504,0.00556183,0.00556183,0.00556183
4485,6797.32,0.2449,0.21885,0.79549,0.91865,0.95863,0.98239,0.96605,0.14004,0.13832,0.75047,0.00556084,0.00556084,0.00556084
4486,6798.81,0.25079,0.22818,0.78571,0.92195,0.95961,0.98283,0.96667,0.14016,0.13873,0.75048,0.00555985,0.00555985,0.00555985
4487,6800.24,0.25331,0.22368,0.79257,0.91904,0.95892,0.98373,0.96914,0.13994,0.13864,0.75046,0.00555886,0.00555886,0.00555886
4488,6801.6,0.25773,0.2226,0.80428,0.92024,0.95788,0.98304,0.96738,0.1399,0.13851,0.7505,0.00555787,0.00555787,0.00555787
4489,6803.02,0.24835,0.22399,0.79372,0.9184,0.95835,0.98193,0.9642,0.13963,0.13835,0.75049,0.00555688,0.00555688,0.00555688
4490,6804.41,0.245,0.22021,0.79995,0.92585,0.95908,0.98435,0.96805,0.13938,0.13839,0.75044,0.00555589,0.00555589,0.00555589
4491,6805.84,0.27142,0.23807,0.80482,0.92443,0.96082,0.98485,0.9674,0.13935,0.13812,0.75046,0.0055549,0.0055549,0.0055549
4492,6807.31,0.25337,0.22655,0.79047,0.93248,0.95853,0.98314,0.9671,0.13938,0.13844,0.75036,0.00555391,0.00555391,0.00555391
4493,6808.76,0.26186,0.23421,0.79981,0.93598,0.95621,0.98423,0.9694,0.13901,0.13782,0.75031,0.00555292,0.00555292,0.00555292
4494,6810.22,0.26134,0.22643,0.79491,0.93666,0.95668,0.98398,0.96796,0.13911,0.13819,0.75035,0.00555193,0.00555193,0.00555193
4495,6811.68,0.25286,0.22681,0.7932,0.93682,0.95747,0.98343,0.96654,0.13893,0.13792,0.75023,0.00555094,0.00555094,0.00555094
4496,6813.12,0.24927,0.22163,0.79658,0.93033,0.95574,0.98221,0.96364,0.13867,0.13768,0.75019,0.00554995,0.00554995,0.00554995
4497,6814.54,0.25584,0.23361,0.79605,0.93257,0.95483,0.98218,0.96451,0.13875,0.13782,0.75019,0.00554896,0.00554896,0.00554896
4498,6816.03,0.24616,0.21228,0.79533,0.93766,0.9598,0.98265,0.96579,0.13873,0.13814,0.75022,0.00554797,0.00554797,0.00554797
4499,6817.54,0.25022,0.21855,0.79942,0.93082,0.96021,0.98074,0.96356,0.13851,0.13827,0.75019,0.00554698,0.00554698,0.00554698
4500,6818.98,0.27143,0.23283,0.79879,0.93126,0.96134,0.98276,0.96424,0.13869,0.13844,0.7502,0.00554599,0.00554599,0.00554599
4501,6820.49,0.26236,0.21796,0.80734,0.93546,0.9594,0.98277,0.96523,0.13856,0.13882,0.75025,0.005545,0.005545,0.005545
4502,6822.08,0.24988,0.22416,0.80286,0.93436,0.96096,0.9831,0.96664,0.1385,0.13871,0.75022,0.00554401,0.00554401,0.00554401
4503,6823.61,0.24584,0.22056,0.79362,0.93863,0.96125,0.98412,0.96748,0.13877,0.13887,0.75026,0.00554302,0.00554302,0.00554302
4504,6825.08,0.26562,0.22767,0.79279,0.9404,0.96036,0.98254,0.96581,0.13869,0.13877,0.7503,0.00554203,0.00554203,0.00554203
4505,6826.59,0.23742,0.21189,0.79337,0.93729,0.9568,0.98274,0.96656,0.13869,0.1387,0.75031,0.00554104,0.00554104,0.00554104
4506,6828.05,0.24302,0.21467,0.79406,0.93822,0.95723,0.98152,0.96584,0.13864,0.13842,0.75033,0.00554005,0.00554005,0.00554005
4507,6829.55,0.25887,0.22294,0.79978,0.93473,0.95736,0.98193,0.96449,0.13877,0.13878,0.75037,0.00553906,0.00553906,0.00553906
4508,6831.03,0.25338,0.22724,0.78866,0.93135,0.9579,0.98084,0.96346,0.13849,0.13819,0.75042,0.00553807,0.00553807,0.00553807
4509,6832.49,0.2694,0.22907,0.79134,0.93354,0.95845,0.98136,0.96364,0.13857,0.13838,0.75042,0.00553708,0.00553708,0.00553708
4510,6834.03,0.24836,0.21741,0.78936,0.93511,0.95019,0.98058,0.96404,0.13847,0.13815,0.75037,0.00553609,0.00553609,0.00553609
4511,6835.45,0.26721,0.22455,0.79444,0.9345,0.95596,0.98084,0.96383,0.13855,0.1383,0.75037,0.0055351,0.0055351,0.0055351
4512,6836.98,0.25078,0.21654,0.79938,0.92977,0.95721,0.98104,0.96221,0.13878,0.13827,0.75045,0.00553411,0.00553411,0.00553411
4513,6838.54,0.25884,0.22281,0.79309,0.93212,0.9532,0.98073,0.96272,0.13921,0.13849,0.75055,0.00553312,0.00553312,0.00553312
4514,6839.98,0.24319,0.22024,0.78881,0.93406,0.95451,0.98039,0.96268,0.13918,0.13853,0.75053,0.00553213,0.00553213,0.00553213
4515,6841.46,0.25873,0.22402,0.79304,0.93826,0.95362,0.98058,0.96332,0.13933,0.13839,0.7506,0.00553114,0.00553114,0.00553114
4516,6842.98,0.24402,0.22175,0.79402,0.93866,0.95591,0.98128,0.96052,0.1395,0.13835,0.75062,0.00553015,0.00553015,0.00553015
4517,6844.41,0.25397,0.22871,0.80282,0.93759,0.95366,0.98161,0.96131,0.13942,0.13844,0.75058,0.00552916,0.00552916,0.00552916
4518,6845.9,0.2579,0.22711,0.79895,0.93689,0.95276,0.98137,0.96161,0.13965,0.13837,0.7506,0.00552817,0.00552817,0.00552817
4519,6847.42,0.2553,0.21797,0.78958,0.93869,0.95897,0.98322,0.9649,0.1398,0.13852,0.75059,0.00552718,0.00552718,0.00552718
4520,6848.94,0.27385,0.23057,0.80308,0.93382,0.95764,0.98115,0.96213,0.13997,0.13841,0.75057,0.00552619,0.00552619,0.00552619
4521,6850.36,0.26562,0.22927,0.79773,0.93496,0.96313,0.98169,0.96308,0.14045,0.13863,0.75058,0.0055252,0.0055252,0.0055252
4522,6852.01,0.24766,0.22203,0.78995,0.93443,0.95965,0.98192,0.96235,0.14074,0.13914,0.75052,0.00552421,0.00552421,0.00552421
4523,6853.54,0.24871,0.21878,0.79173,0.94011,0.96143,0.98245,0.96326,0.14109,0.13932,0.75049,0.00552322,0.00552322,0.00552322
4524,6855.03,0.25157,0.22423,0.78757,0.93899,0.95806,0.98296,0.96283,0.14117,0.13924,0.75054,0.00552223,0.00552223,0.00552223
4525,6856.54,0.23489,0.21106,0.79047,0.93849,0.95707,0.98281,0.9641,0.1412,0.13884,0.75054,0.00552124,0.00552124,0.00552124
4526,6857.98,0.28661,0.23313,0.80849,0.93844,0.959,0.98399,0.964,0.14088,0.13908,0.75051,0.00552025,0.00552025,0.00552025
4527,6859.46,0.24112,0.21797,0.78939,0.94156,0.95338,0.98178,0.9627,0.14109,0.13902,0.75053,0.00551926,0.00551926,0.00551926
4528,6860.99,0.26552,0.22776,0.79543,0.93804,0.95595,0.98279,0.96265,0.14076,0.13907,0.75053,0.00551827,0.00551827,0.00551827
4529,6862.43,0.25079,0.21927,0.79155,0.93742,0.95729,0.98222,0.96237,0.14019,0.13879,0.75049,0.00551728,0.00551728,0.00551728
4530,6863.9,0.23136,0.2103,0.7872,0.93938,0.95612,0.98023,0.96285,0.14023,0.13885,0.7505,0.00551629,0.00551629,0.00551629
4531,6865.44,0.26109,0.22527,0.7959,0.93495,0.95531,0.98028,0.96333,0.14013,0.13901,0.75045,0.0055153,0.0055153,0.0055153
4532,6866.92,0.2628,0.22075,0.80598,0.93854,0.95748,0.98161,0.96169,0.13992,0.13905,0.75041,0.00551431,0.00551431,0.00551431
4533,6868.41,0.25723,0.21867,0.79987,0.93089,0.9558,0.98086,0.96136,0.13966,0.13875,0.75039,0.00551332,0.00551332,0.00551332
4534,6869.86,0.26922,0.22868,0.7959,0.93357,0.95793,0.98096,0.96309,0.13927,0.13827,0.75036,0.00551233,0.00551233,0.00551233
4535,6871.36,0.24953,0.22107,0.79653,0.93258,0.9586,0.98074,0.96323,0.13912,0.13839,0.75033,0.00551134,0.00551134,0.00551134
4536,6872.84,0.25502,0.22355,0.79618,0.93433,0.95831,0.98079,0.96535,0.13897,0.1383,0.7503,0.00551035,0.00551035,0.00551035
4537,6874.28,0.23538,0.21559,0.80019,0.93586,0.95986,0.98163,0.96414,0.13871,0.13782,0.75031,0.00550936,0.00550936,0.00550936
4538,6875.78,0.25596,0.22579,0.79532,0.93436,0.95733,0.9807,0.96445,0.13865,0.13769,0.75029,0.00550837,0.00550837,0.00550837
4539,6877.22,0.25377,0.22231,0.7938,0.9339,0.9606,0.9836,0.96669,0.13853,0.13756,0.75028,0.00550738,0.00550738,0.00550738
4540,6878.75,0.25993,0.22109,0.79678,0.93497,0.95839,0.98213,0.96559,0.13826,0.13728,0.75029,0.00550639,0.00550639,0.00550639
4541,6880.28,0.26378,0.22516,0.79846,0.93185,0.95802,0.98312,0.96639,0.13817,0.13711,0.75037,0.0055054,0.0055054,0.0055054
4542,6881.76,0.25376,0.21828,0.80195,0.93351,0.95813,0.98359,0.96752,0.13797,0.13701,0.75037,0.00550441,0.00550441,0.00550441
4543,6883.29,0.26496,0.22904,0.79818,0.93599,0.95733,0.98208,0.96392,0.13754,0.13668,0.75038,0.00550342,0.00550342,0.00550342
4544,6884.81,0.25304,0.22325,0.79383,0.93288,0.95773,0.983,0.9654,0.1375,0.13667,0.75039,0.00550243,0.00550243,0.00550243
4545,6886.28,0.24212,0.21565,0.79103,0.9338,0.95784,0.98281,0.96749,0.13753,0.13663,0.75038,0.00550144,0.00550144,0.00550144
4546,6887.7,0.25801,0.22033,0.79939,0.9345,0.95923,0.9828,0.96746,0.13788,0.13693,0.75048,0.00550045,0.00550045,0.00550045
4547,6889.21,0.27436,0.22826,0.79778,0.93082,0.95726,0.98056,0.96288,0.13802,0.13709,0.75046,0.00549946,0.00549946,0.00549946
4548,6890.68,0.24101,0.21801,0.79663,0.93302,0.95922,0.98356,0.96642,0.13817,0.1369,0.75047,0.00549847,0.00549847,0.00549847
4549,6892.22,0.26515,0.22973,0.80188,0.92622,0.95538,0.98083,0.96461,0.13862,0.13694,0.75044,0.00549748,0.00549748,0.00549748
4550,6893.65,0.24198,0.21489,0.80058,0.92958,0.95642,0.98279,0.96535,0.13867,0.13698,0.75046,0.00549649,0.00549649,0.00549649
4551,6895.13,0.26234,0.22907,0.79711,0.92859,0.9541,0.98108,0.96348,0.13874,0.13693,0.75045,0.0054955,0.0054955,0.0054955
4552,6896.64,0.25825,0.21379,0.81169,0.92748,0.95748,0.98224,0.96433,0.13852,0.13672,0.75049,0.00549451,0.00549451,0.00549451
4553,6898.28,0.24442,0.21456,0.79149,0.92879,0.96067,0.98308,0.96652,0.13851,0.13672,0.75047,0.00549352,0.00549352,0.00549352
4554,6899.77,0.25701,0.22438,0.79323,0.93245,0.95626,0.98363,0.96553,0.13829,0.13631,0.75049,0.00549253,0.00549253,0.00549253
4555,6901.24,0.24885,0.22151,0.79434,0.92735,0.95833,0.98297,0.96592,0.13775,0.13652,0.75049,0.00549154,0.00549154,0.00549154
4556,6902.69,0.24576,0.21569,0.79327,0.92738,0.95609,0.98199,0.96479,0.1376,0.13694,0.75047,0.00549055,0.00549055,0.00549055
4557,6904.17,0.25706,0.2248,0.7976,0.9406,0.94773,0.98113,0.96137,0.13723,0.13687,0.75047,0.00548956,0.00548956,0.00548956
4558,6905.67,0.26015,0.22777,0.79029,0.92593,0.95107,0.98138,0.9616,0.13717,0.13707,0.75049,0.00548857,0.00548857,0.00548857
4559,6907.14,0.2517,0.22363,0.78884,0.92508,0.95079,0.98032,0.95958,0.13726,0.13718,0.75051,0.00548758,0.00548758,0.00548758
4560,6908.66,0.24395,0.21619,0.79349,0.92647,0.95259,0.98136,0.9636,0.13721,0.13702,0.75045,0.00548659,0.00548659,0.00548659
4561,6910.13,0.25357,0.22475,0.79349,0.92748,0.95083,0.98154,0.96152,0.13736,0.13689,0.75045,0.0054856,0.0054856,0.0054856
4562,6911.66,0.25622,0.22096,0.79682,0.92784,0.95469,0.98214,0.96492,0.13697,0.13696,0.75046,0.00548461,0.00548461,0.00548461
4563,6913.28,0.25826,0.22666,0.79937,0.92891,0.95535,0.98294,0.96355,0.13717,0.13684,0.75046,0.00548362,0.00548362,0.00548362
4564,6914.79,0.24396,0.21568,0.79776,0.93678,0.95479,0.98299,0.9648,0.13727,0.13684,0.75043,0.00548263,0.00548263,0.00548263
4565,6916.26,0.2393,0.214,0.79174,0.92546,0.95651,0.98146,0.96161,0.13726,0.13677,0.75045,0.00548164,0.00548164,0.00548164
4566,6917.71,0.24804,0.21978,0.79335,0.92932,0.95982,0.98127,0.96268,0.13688,0.13671,0.75038,0.00548065,0.00548065,0.00548065
4567,6919.24,0.26822,0.2272,0.79757,0.93032,0.95391,0.97912,0.96228,0.13673,0.13637,0.75038,0.00547966,0.00547966,0.00547966
4568,6920.64,0.24155,0.21183,0.79819,0.92108,0.95966,0.97984,0.96373,0.1369,0.13658,0.75036,0.00547867,0.00547867,0.00547867
4569,6922.14,0.24277,0.21832,0.79683,0.93209,0.95224,0.97938,0.9622,0.13682,0.13629,0.75033,0.00547768,0.00547768,0.00547768
4570,6923.62,0.26536,0.23153,0.8028,0.92379,0.95873,0.98023,0.96366,0.13707,0.13612,0.7503,0.00547669,0.00547669,0.00547669
4571,6925.17,0.23444,0.20633,0.78518,0.93284,0.95326,0.98018,0.963,0.13737,0.13639,0.75029,0.0054757,0.0054757,0.0054757
4572,6926.7,0.2525,0.21954,0.79676,0.92912,0.95114,0.9801,0.96124,0.13727,0.13594,0.75032,0.00547471,0.00547471,0.00547471
4573,6928.25,0.24124,0.21617,0.79432,0.92829,0.96061,0.98043,0.96335,0.13747,0.13572,0.75029,0.00547372,0.00547372,0.00547372
4574,6929.74,0.26901,0.22151,0.80077,0.93189,0.9573,0.98053,0.96523,0.13751,0.13593,0.75024,0.00547273,0.00547273,0.00547273
4575,6931.17,0.24547,0.22042,0.79976,0.92822,0.96128,0.98126,0.96279,0.13731,0.1355,0.75022,0.00547174,0.00547174,0.00547174
4576,6932.66,0.25128,0.21391,0.79518,0.93689,0.95222,0.98333,0.96645,0.13743,0.13562,0.75016,0.00547075,0.00547075,0.00547075
4577,6934.15,0.23943,0.21207,0.78745,0.93499,0.94976,0.98053,0.96433,0.13763,0.13565,0.75017,0.00546976,0.00546976,0.00546976
4578,6935.6,0.24766,0.21363,0.79519,0.93092,0.95106,0.98195,0.9667,0.13749,0.13575,0.75013,0.00546877,0.00546877,0.00546877
4579,6937.12,0.2637,0.22013,0.80074,0.93442,0.95068,0.98227,0.96526,0.13746,0.13575,0.75009,0.00546778,0.00546778,0.00546778
4580,6938.63,0.25626,0.23053,0.79235,0.93787,0.95184,0.98268,0.96497,0.13768,0.13585,0.75006,0.00546679,0.00546679,0.00546679
4581,6940.13,0.23782,0.20965,0.79531,0.93328,0.9518,0.98159,0.965,0.13787,0.13587,0.75005,0.0054658,0.0054658,0.0054658
4582,6941.69,0.26892,0.22975,0.79786,0.93287,0.95261,0.98323,0.96632,0.13801,0.13605,0.74998,0.00546481,0.00546481,0.00546481
4583,6943.28,0.25275,0.2226,0.79006,0.9367,0.9522,0.98334,0.96545,0.13828,0.13639,0.74991,0.00546382,0.00546382,0.00546382
4584,6944.74,0.25427,0.22217,0.79393,0.93445,0.95829,0.98505,0.96785,0.13803,0.13612,0.74988,0.00546283,0.00546283,0.00546283
4585,6946.23,0.25594,0.22158,0.79919,0.93649,0.95318,0.98342,0.96503,0.13802,0.13643,0.74986,0.00546184,0.00546184,0.00546184
4586,6947.71,0.25789,0.22689,0.79539,0.93602,0.95192,0.98172,0.96263,0.13828,0.13666,0.74992,0.00546085,0.00546085,0.00546085
4587,6949.23,0.24649,0.21492,0.79251,0.93308,0.95399,0.98265,0.96555,0.13795,0.13637,0.7499,0.00545986,0.00545986,0.00545986
4588,6950.7,0.24809,0.21674,0.79733,0.93496,0.9562,0.98389,0.96613,0.13826,0.13641,0.74995,0.00545887,0.00545887,0.00545887
4589,6952.15,0.24177,0.2157,0.78937,0.93727,0.94985,0.9819,0.96524,0.13867,0.13671,0.74996,0.00545788,0.00545788,0.00545788
4590,6953.67,0.23889,0.2139,0.79176,0.93173,0.95608,0.98202,0.96382,0.13861,0.13668,0.74992,0.00545689,0.00545689,0.00545689
4591,6955.15,0.24976,0.21405,0.79695,0.93179,0.9521,0.98245,0.96416,0.1386,0.137,0.75,0.0054559,0.0054559,0.0054559
4592,6956.68,0.23101,0.20605,0.79239,0.93473,0.95445,0.98326,0.96671,0.13854,0.13693,0.75,0.00545491,0.00545491,0.00545491
4593,6958.19,0.24634,0.21947,0.79653,0.93176,0.95339,0.98055,0.96465,0.13815,0.13669,0.74999,0.00545392,0.00545392,0.00545392
4594,6959.71,0.25371,0.21608,0.79734,0.93121,0.96134,0.98245,0.96627,0.13815,0.13678,0.75001,0.00545293,0.00545293,0.00545293
4595,6961.15,0.25078,0.22528,0.80072,0.93622,0.95103,0.97985,0.96341,0.13847,0.13687,0.75001,0.00545194,0.00545194,0.00545194
4596,6962.6,0.25169,0.22443,0.80098,0.93222,0.95445,0.98093,0.96393,0.13836,0.137,0.75003,0.00545095,0.00545095,0.00545095
4597,6964.14,0.27102,0.22872,0.8088,0.93441,0.95703,0.9814,0.96574,0.13886,0.13722,0.75005,0.00544996,0.00544996,0.00544996
4598,6965.64,0.25023,0.21442,0.80392,0.9345,0.95378,0.98189,0.96641,0.13926,0.13763,0.75007,0.00544897,0.00544897,0.00544897
4599,6967.16,0.24682,0.22022,0.7938,0.93231,0.95842,0.98207,0.96582,0.13914,0.13738,0.75006,0.00544798,0.00544798,0.00544798
4600,6968.67,0.24344,0.22374,0.80068,0.93488,0.95668,0.98224,0.96539,0.13937,0.13715,0.75008,0.00544699,0.00544699,0.00544699
4601,6970.16,0.24176,0.21746,0.79134,0.93463,0.95542,0.98093,0.96439,0.13939,0.13716,0.75007,0.005446,0.005446,0.005446
4602,6971.73,0.26481,0.22848,0.79873,0.93654,0.95553,0.98187,0.96501,0.13945,0.13713,0.75009,0.00544501,0.00544501,0.00544501
4603,6973.25,0.24679,0.22319,0.79252,0.93403,0.95228,0.98343,0.96378,0.13945,0.13692,0.75012,0.00544402,0.00544402,0.00544402
4604,6974.68,0.24934,0.23122,0.79844,0.92807,0.95344,0.98268,0.96594,0.13956,0.13731,0.75008,0.00544303,0.00544303,0.00544303
4605,6976.12,0.24325,0.21417,0.79739,0.92868,0.95459,0.98227,0.96309,0.13951,0.13705,0.7501,0.00544204,0.00544204,0.00544204
4606,6977.61,0.24685,0.22405,0.7909,0.92593,0.95266,0.98221,0.96371,0.13961,0.13673,0.7501,0.00544105,0.00544105,0.00544105
4607,6979.06,0.25998,0.22473,0.79808,0.92506,0.9554,0.98399,0.96538,0.13946,0.13709,0.75007,0.00544006,0.00544006,0.00544006
4608,6980.53,0.25853,0.22615,0.79307,0.91515,0.95351,0.98244,0.96366,0.13957,0.13715,0.75008,0.00543907,0.00543907,0.00543907
4609,6982.07,0.24311,0.21667,0.79941,0.93065,0.95676,0.98375,0.96519,0.13937,0.13724,0.75007,0.00543808,0.00543808,0.00543808
4610,6983.51,0.27498,0.2279,0.80226,0.91994,0.95448,0.98207,0.96552,0.13899,0.13703,0.75009,0.00543709,0.00543709,0.00543709
4611,6985.01,0.23929,0.22212,0.78894,0.92264,0.9579,0.98449,0.96814,0.13887,0.1368,0.75008,0.0054361,0.0054361,0.0054361
4612,6986.51,0.23445,0.21571,0.78698,0.92274,0.95802,0.98266,0.96464,0.13838,0.13658,0.75014,0.00543511,0.00543511,0.00543511
4613,6988,0.26185,0.22838,0.79528,0.92551,0.95634,0.97929,0.96307,0.13845,0.13639,0.75018,0.00543412,0.00543412,0.00543412
4614,6989.56,0.24178,0.22369,0.7963,0.92693,0.9567,0.97696,0.96176,0.13828,0.13617,0.75021,0.00543313,0.00543313,0.00543313
4615,6991.06,0.24541,0.21484,0.79406,0.93854,0.95518,0.98265,0.96272,0.13827,0.13634,0.75026,0.00543214,0.00543214,0.00543214
4616,6992.55,0.25859,0.22717,0.80157,0.93859,0.95773,0.98256,0.96403,0.13831,0.13642,0.75033,0.00543115,0.00543115,0.00543115
4617,6994.07,0.28354,0.24048,0.80615,0.93732,0.95699,0.98249,0.96364,0.13833,0.13628,0.75035,0.00543016,0.00543016,0.00543016
4618,6995.57,0.25024,0.22761,0.7955,0.93913,0.95999,0.98387,0.96323,0.13871,0.13647,0.75039,0.00542917,0.00542917,0.00542917
4619,6997.06,0.25816,0.23083,0.79445,0.93647,0.95653,0.98302,0.96226,0.13864,0.13644,0.75034,0.00542818,0.00542818,0.00542818
4620,6998.59,0.23678,0.2236,0.79449,0.93273,0.95653,0.98218,0.96228,0.13884,0.13673,0.75037,0.00542719,0.00542719,0.00542719
4621,7000.04,0.25581,0.23089,0.79788,0.92213,0.95668,0.98236,0.9644,0.13922,0.13649,0.75039,0.0054262,0.0054262,0.0054262
4622,7001.58,0.23092,0.2074,0.79306,0.92582,0.95675,0.98267,0.96608,0.13893,0.13682,0.75034,0.00542521,0.00542521,0.00542521
4623,7003.13,0.24686,0.22491,0.79209,0.92351,0.95666,0.9821,0.96491,0.13932,0.13695,0.75039,0.00542422,0.00542422,0.00542422
4624,7004.61,0.2406,0.21743,0.79489,0.92665,0.95538,0.98227,0.96314,0.1393,0.13688,0.75041,0.00542323,0.00542323,0.00542323
4625,7006.1,0.26723,0.22565,0.80394,0.93138,0.95533,0.98116,0.96181,0.13916,0.13695,0.75033,0.00542224,0.00542224,0.00542224
4626,7007.65,0.25414,0.22968,0.7888,0.94315,0.95619,0.98252,0.9653,0.13934,0.13681,0.75038,0.00542125,0.00542125,0.00542125
4627,7009.18,0.24026,0.21169,0.79544,0.94033,0.95895,0.98154,0.96607,0.13934,0.13667,0.75037,0.00542026,0.00542026,0.00542026
4628,7010.67,0.247,0.2238,0.79188,0.94015,0.96094,0.98359,0.96708,0.13929,0.13674,0.75039,0.00541927,0.00541927,0.00541927
4629,7012.24,0.25086,0.22188,0.79215,0.93928,0.95697,0.98263,0.9657,0.13935,0.13723,0.75042,0.00541828,0.00541828,0.00541828
4630,7013.77,0.24838,0.21227,0.79916,0.94061,0.95945,0.98275,0.96539,0.13923,0.13686,0.75044,0.00541729,0.00541729,0.00541729
4631,7015.22,0.24412,0.22367,0.79529,0.94064,0.95795,0.98157,0.96462,0.13917,0.13671,0.75043,0.0054163,0.0054163,0.0054163
4632,7016.75,0.23952,0.21602,0.79795,0.94561,0.95616,0.98472,0.96682,0.13937,0.13684,0.75046,0.00541531,0.00541531,0.00541531
4633,7018.27,0.24742,0.22234,0.79237,0.94284,0.94906,0.98308,0.96468,0.13959,0.13676,0.75048,0.00541432,0.00541432,0.00541432
4634,7019.72,0.25189,0.21852,0.7931,0.94349,0.95494,0.98351,0.96789,0.13945,0.13671,0.75046,0.00541333,0.00541333,0.00541333
4635,7021.2,0.24189,0.22031,0.79031,0.94286,0.95006,0.98283,0.96436,0.13959,0.13649,0.75047,0.00541234,0.00541234,0.00541234
4636,7022.71,0.24572,0.21954,0.79401,0.92755,0.95975,0.98257,0.96491,0.13963,0.13646,0.75042,0.00541135,0.00541135,0.00541135
4637,7024.21,0.23069,0.20439,0.79246,0.94076,0.95971,0.9831,0.96477,0.13948,0.13616,0.75039,0.00541036,0.00541036,0.00541036
4638,7025.69,0.22692,0.20388,0.79142,0.92321,0.96064,0.98282,0.9638,0.1397,0.13625,0.75042,0.00540937,0.00540937,0.00540937
4639,7027.23,0.25056,0.21854,0.80341,0.92165,0.95999,0.98277,0.96374,0.13951,0.13623,0.75035,0.00540838,0.00540838,0.00540838
4640,7028.69,0.24614,0.21639,0.79935,0.92168,0.96019,0.98297,0.96323,0.13939,0.13616,0.75031,0.00540739,0.00540739,0.00540739
4641,7030.14,0.24648,0.22225,0.79294,0.92484,0.96183,0.98393,0.96318,0.13941,0.13614,0.75037,0.0054064,0.0054064,0.0054064
4642,7031.71,0.24825,0.21939,0.79005,0.93016,0.96233,0.98383,0.96451,0.13913,0.13619,0.75038,0.00540541,0.00540541,0.00540541
4643,7033.26,0.2509,0.21464,0.79817,0.92902,0.96061,0.98387,0.96659,0.13905,0.13614,0.75034,0.00540442,0.00540442,0.00540442
4644,7034.78,0.25737,0.22289,0.79791,0.94211,0.95912,0.98411,0.96668,0.13928,0.13627,0.75034,0.00540343,0.00540343,0.00540343
4645,7036.23,0.2543,0.22569,0.79487,0.9427,0.96052,0.98366,0.96715,0.13949,0.13655,0.7503,0.00540244,0.00540244,0.00540244
4646,7037.74,0.2634,0.22512,0.80172,0.94575,0.95954,0.98402,0.96682,0.13931,0.13635,0.75027,0.00540145,0.00540145,0.00540145
4647,7039.17,0.24316,0.21407,0.79602,0.94475,0.95811,0.98404,0.96564,0.13934,0.13635,0.75031,0.00540046,0.00540046,0.00540046
4648,7040.61,0.26121,0.21803,0.80186,0.94638,0.95986,0.98468,0.96499,0.13896,0.1362,0.75027,0.00539947,0.00539947,0.00539947
4649,7042.07,0.26158,0.22403,0.80091,0.94365,0.95822,0.98329,0.96389,0.13906,0.13624,0.75027,0.00539848,0.00539848,0.00539848
4650,7043.48,0.25313,0.22281,0.79875,0.94659,0.95972,0.98338,0.96564,0.13892,0.13632,0.75024,0.00539749,0.00539749,0.00539749
4651,7044.97,0.27141,0.227,0.80345,0.94527,0.96035,0.98478,0.96681,0.13889,0.13635,0.7502,0.0053965,0.0053965,0.0053965
4652,7046.55,0.25588,0.22431,0.7964,0.94084,0.95715,0.98213,0.96445,0.13876,0.13645,0.75015,0.00539551,0.00539551,0.00539551
4653,7048.13,0.24899,0.22143,0.78659,0.94633,0.95966,0.98364,0.96606,0.13863,0.13634,0.75016,0.00539452,0.00539452,0.00539452
4654,7049.6,0.25298,0.2202,0.7921,0.9434,0.96062,0.98357,0.96693,0.13894,0.13656,0.75011,0.00539353,0.00539353,0.00539353
4655,7051.13,0.23504,0.21608,0.78621,0.92865,0.95465,0.98438,0.96745,0.13884,0.13655,0.75003,0.00539254,0.00539254,0.00539254
4656,7052.59,0.25503,0.22075,0.79787,0.93085,0.95777,0.98508,0.96814,0.13882,0.13656,0.75003,0.00539155,0.00539155,0.00539155
4657,7054.1,0.25684,0.22866,0.78977,0.9277,0.9546,0.98191,0.96235,0.13896,0.13694,0.74998,0.00539056,0.00539056,0.00539056
4658,7055.57,0.24599,0.22175,0.79252,0.93251,0.95491,0.98379,0.96497,0.13921,0.13715,0.74997,0.00538957,0.00538957,0.00538957
4659,7057.01,0.24685,0.22513,0.79246,0.93492,0.95384,0.98305,0.96553,0.13898,0.13705,0.74993,0.00538858,0.00538858,0.00538858
4660,7058.49,0.26335,0.22525,0.80157,0.93004,0.95365,0.98252,0.9634,0.13887,0.13688,0.74991,0.00538759,0.00538759,0.00538759
4661,7059.99,0.26366,0.22411,0.79618,0.93584,0.95699,0.98413,0.96716,0.13919,0.13687,0.74986,0.0053866,0.0053866,0.0053866
4662,7061.47,0.24722,0.22024,0.79883,0.93166,0.95528,0.98328,0.96467,0.13889,0.13645,0.74986,0.00538561,0.00538561,0.00538561
4663,7063.11,0.26846,0.22193,0.80451,0.92784,0.95464,0.98381,0.96518,0.13893,0.1368,0.74985,0.00538462,0.00538462,0.00538462
4664,7064.59,0.25909,0.22214,0.79708,0.92191,0.95459,0.9827,0.96555,0.13901,0.13688,0.74984,0.00538363,0.00538363,0.00538363
4665,7066.04,0.25039,0.22115,0.79684,0.92158,0.9529,0.98123,0.96429,0.13885,0.13676,0.74982,0.00538264,0.00538264,0.00538264
4666,7067.58,0.26142,0.22496,0.79723,0.92453,0.95574,0.9832,0.96558,0.13884,0.13677,0.74978,0.00538165,0.00538165,0.00538165
4667,7069.02,0.24822,0.21519,0.80227,0.92581,0.95492,0.98261,0.96695,0.13916,0.13706,0.74979,0.00538066,0.00538066,0.00538066
4668,7070.52,0.26576,0.22449,0.80593,0.92366,0.95353,0.98189,0.96488,0.13861,0.13657,0.74975,0.00537967,0.00537967,0.00537967
4669,7072.05,0.24217,0.21801,0.80167,0.92691,0.95736,0.98408,0.96578,0.13866,0.13678,0.74961,0.00537868,0.00537868,0.00537868
4670,7073.49,0.27662,0.22902,0.80966,0.92169,0.95309,0.9821,0.96434,0.13861,0.13654,0.74962,0.00537769,0.00537769,0.00537769
4671,7074.94,0.24744,0.21597,0.8027,0.92006,0.95388,0.98302,0.96805,0.13834,0.13678,0.7496,0.0053767,0.0053767,0.0053767
4672,7076.46,0.23843,0.22252,0.79195,0.92102,0.95384,0.98116,0.96333,0.13795,0.13655,0.74963,0.00537571,0.00537571,0.00537571
4673,7078.01,0.25832,0.22212,0.79268,0.9199,0.95099,0.97999,0.96256,0.13779,0.13666,0.74965,0.00537472,0.00537472,0.00537472
4674,7079.52,0.2495,0.22161,0.79922,0.93121,0.95798,0.98157,0.96681,0.13778,0.13702,0.74961,0.00537373,0.00537373,0.00537373
4675,7080.97,0.25259,0.22366,0.80284,0.93624,0.95538,0.98201,0.96543,0.13763,0.13691,0.74976,0.00537274,0.00537274,0.00537274
4676,7082.46,0.26535,0.22177,0.80108,0.93806,0.9608,0.98293,0.96647,0.1378,0.13699,0.74983,0.00537175,0.00537175,0.00537175
4677,7083.98,0.26675,0.23215,0.79785,0.93717,0.95608,0.98159,0.96567,0.13762,0.13677,0.7498,0.00537076,0.00537076,0.00537076
4678,7085.44,0.25078,0.22047,0.79678,0.94181,0.9576,0.98305,0.96682,0.13749,0.13641,0.74985,0.00536977,0.00536977,0.00536977
4679,7086.92,0.24362,0.22149,0.78538,0.9373,0.95806,0.98296,0.9653,0.13761,0.13668,0.74988,0.00536878,0.00536878,0.00536878
4680,7088.5,0.24852,0.21891,0.79181,0.93909,0.95701,0.98027,0.96201,0.13736,0.13659,0.74981,0.00536779,0.00536779,0.00536779
4681,7089.94,0.23536,0.21273,0.7939,0.93597,0.95605,0.98099,0.96484,0.13705,0.13624,0.74977,0.0053668,0.0053668,0.0053668
4682,7091.44,0.24517,0.2236,0.79039,0.93804,0.95442,0.98001,0.96424,0.13701,0.13603,0.7498,0.00536581,0.00536581,0.00536581
4683,7092.95,0.24001,0.21889,0.78938,0.9396,0.95455,0.98226,0.96667,0.13689,0.13606,0.7498,0.00536482,0.00536482,0.00536482
4684,7094.49,0.25022,0.22273,0.79586,0.93735,0.95416,0.98145,0.96475,0.13669,0.13612,0.74979,0.00536383,0.00536383,0.00536383
4685,7095.97,0.25982,0.21994,0.8088,0.94051,0.9423,0.98058,0.96439,0.13679,0.13617,0.74984,0.00536284,0.00536284,0.00536284
4686,7097.48,0.24328,0.21415,0.79043,0.94088,0.95776,0.98287,0.96707,0.13647,0.13601,0.74983,0.00536185,0.00536185,0.00536185
4687,7099.03,0.23443,0.21472,0.79829,0.93808,0.95683,0.98007,0.96271,0.13653,0.13588,0.74986,0.00536086,0.00536086,0.00536086
4688,7100.51,0.24793,0.22385,0.79054,0.93313,0.96456,0.98068,0.96333,0.13688,0.13563,0.74991,0.00535987,0.00535987,0.00535987
4689,7102.02,0.23887,0.21449,0.79542,0.93759,0.96115,0.9829,0.96387,0.13659,0.13544,0.74989,0.00535888,0.00535888,0.00535888
4690,7103.49,0.26658,0.23036,0.7936,0.93238,0.96106,0.98196,0.96255,0.13681,0.1356,0.7499,0.00535789,0.00535789,0.00535789
4691,7104.98,0.25621,0.22562,0.79924,0.93108,0.96353,0.98237,0.9632,0.137,0.1353,0.74997,0.0053569,0.0053569,0.0053569
4692,7106.4,0.23778,0.21662,0.79098,0.93004,0.95906,0.98143,0.96333,0.13723,0.135,0.74997,0.00535591,0.00535591,0.00535591
4693,7108,0.25389,0.22699,0.7977,0.93495,0.95494,0.98187,0.96578,0.13741,0.13503,0.75,0.00535492,0.00535492,0.00535492
4694,7109.51,0.2626,0.22633,0.80418,0.93558,0.95564,0.98221,0.96537,0.1377,0.13522,0.75004,0.00535393,0.00535393,0.00535393
4695,7111,0.24782,0.21846,0.79622,0.9357,0.95291,0.98101,0.96633,0.13766,0.13536,0.74998,0.00535294,0.00535294,0.00535294
4696,7112.52,0.25674,0.21832,0.79601,0.93792,0.95351,0.9804,0.96388,0.13779,0.13545,0.74999,0.00535195,0.00535195,0.00535195
4697,7114,0.27,0.22555,0.80667,0.93458,0.96149,0.98443,0.96936,0.13778,0.13574,0.75001,0.00535096,0.00535096,0.00535096
4698,7115.48,0.26799,0.21585,0.80134,0.93852,0.9603,0.98271,0.96691,0.13779,0.13563,0.75003,0.00534997,0.00534997,0.00534997
4699,7116.99,0.23401,0.21555,0.79187,0.93762,0.96217,0.98375,0.9664,0.13811,0.13588,0.75003,0.00534898,0.00534898,0.00534898
4700,7118.47,0.25243,0.22566,0.79024,0.94105,0.96185,0.98385,0.96695,0.13808,0.13579,0.75003,0.00534799,0.00534799,0.00534799
4701,7119.94,0.24241,0.21394,0.79287,0.93941,0.95885,0.98272,0.96534,0.13798,0.13581,0.75,0.005347,0.005347,0.005347
4702,7121.47,0.25075,0.21687,0.79148,0.9382,0.95173,0.98273,0.96747,0.13805,0.13616,0.74995,0.00534601,0.00534601,0.00534601
4703,7123.05,0.23597,0.21437,0.7946,0.93175,0.95241,0.98391,0.96926,0.13834,0.1364,0.74996,0.00534502,0.00534502,0.00534502
4704,7124.58,0.23192,0.20777,0.79337,0.94273,0.95193,0.98363,0.96897,0.13835,0.13623,0.74994,0.00534403,0.00534403,0.00534403
4705,7126.05,0.24706,0.21995,0.79676,0.9375,0.94827,0.98191,0.96609,0.1385,0.13665,0.74986,0.00534304,0.00534304,0.00534304
4706,7127.54,0.24288,0.21841,0.78909,0.9395,0.9478,0.98022,0.96374,0.13849,0.13677,0.74982,0.00534205,0.00534205,0.00534205
4707,7129.1,0.26462,0.22816,0.79333,0.93709,0.94977,0.9818,0.96722,0.13817,0.13657,0.74978,0.00534106,0.00534106,0.00534106
4708,7130.53,0.26053,0.22538,0.7992,0.92949,0.94841,0.98117,0.96561,0.13809,0.13658,0.74976,0.00534007,0.00534007,0.00534007
4709,7132,0.23602,0.21121,0.78694,0.92868,0.94845,0.98146,0.9648,0.13813,0.13637,0.74979,0.00533908,0.00533908,0.00533908
4710,7133.51,0.24935,0.22322,0.79244,0.92927,0.94907,0.98157,0.96643,0.13803,0.13644,0.7498,0.00533809,0.00533809,0.00533809
4711,7134.93,0.26488,0.22451,0.80478,0.92829,0.94885,0.98283,0.96504,0.13757,0.13615,0.74974,0.0053371,0.0053371,0.0053371
4712,7136.41,0.24643,0.21944,0.79553,0.93919,0.9481,0.98356,0.96828,0.13772,0.13618,0.74973,0.00533611,0.00533611,0.00533611
4713,7137.94,0.26112,0.22237,0.79447,0.93687,0.95704,0.98214,0.96521,0.13768,0.13634,0.74972,0.00533512,0.00533512,0.00533512
4714,7139.49,0.24473,0.22489,0.79305,0.94079,0.95491,0.98225,0.9651,0.13772,0.13634,0.74968,0.00533413,0.00533413,0.00533413
4715,7140.93,0.25635,0.2213,0.79705,0.94028,0.95403,0.98325,0.96476,0.13772,0.13624,0.74969,0.00533314,0.00533314,0.00533314
4716,7142.43,0.26482,0.22334,0.79859,0.93869,0.95496,0.98227,0.9636,0.13747,0.13628,0.74963,0.00533215,0.00533215,0.00533215
4717,7143.92,0.25729,0.22199,0.80497,0.94425,0.95671,0.98451,0.96734,0.13724,0.13644,0.74959,0.00533116,0.00533116,0.00533116
4718,7145.37,0.26284,0.22674,0.80084,0.94245,0.95252,0.98262,0.96555,0.13736,0.13686,0.74961,0.00533017,0.00533017,0.00533017
4719,7146.84,0.25281,0.22322,0.79496,0.94254,0.95339,0.98186,0.96626,0.13739,0.13647,0.74962,0.00532918,0.00532918,0.00532918
4720,7148.32,0.25502,0.23042,0.79724,0.94175,0.95435,0.98371,0.96829,0.1375,0.13655,0.74963,0.00532819,0.00532819,0.00532819
4721,7149.77,0.26656,0.22754,0.79694,0.93926,0.95263,0.98084,0.96172,0.13771,0.13677,0.74968,0.0053272,0.0053272,0.0053272
4722,7151.23,0.24435,0.21729,0.79257,0.94108,0.95327,0.98061,0.96363,0.13763,0.13665,0.74971,0.00532621,0.00532621,0.00532621
4723,7152.8,0.26633,0.22724,0.79867,0.94241,0.9538,0.9818,0.96391,0.13768,0.13666,0.74975,0.00532522,0.00532522,0.00532522
4724,7154.35,0.24612,0.22224,0.79589,0.9423,0.95595,0.98467,0.96605,0.13749,0.13661,0.74971,0.00532423,0.00532423,0.00532423
4725,7155.81,0.25424,0.21881,0.7924,0.94499,0.95359,0.98298,0.96726,0.13757,0.1367,0.74966,0.00532324,0.00532324,0.00532324
4726,7157.3,0.2576,0.23047,0.79202,0.94258,0.9556,0.98306,0.96491,0.13757,0.13654,0.7497,0.00532225,0.00532225,0.00532225
4727,7158.72,0.25525,0.22268,0.79546,0.93911,0.95541,0.98275,0.96482,0.1375,0.13653,0.74968,0.00532126,0.00532126,0.00532126
4728,7160.22,0.24997,0.21975,0.79214,0.94109,0.95595,0.98327,0.96691,0.13756,0.13679,0.7497,0.00532027,0.00532027,0.00532027
4729,7161.7,0.26364,0.2265,0.7953,0.9373,0.95406,0.98255,0.96622,0.13775,0.13668,0.74973,0.00531928,0.00531928,0.00531928
4730,7163.15,0.25815,0.22071,0.80199,0.93291,0.95394,0.98204,0.96529,0.13789,0.13677,0.74977,0.00531829,0.00531829,0.00531829
4731,7164.64,0.241,0.21485,0.78654,0.94035,0.957,0.98321,0.96728,0.13777,0.13687,0.74977,0.0053173,0.0053173,0.0053173
4732,7166.17,0.26177,0.22753,0.79757,0.93738,0.95385,0.98407,0.96879,0.13793,0.13709,0.74978,0.00531631,0.00531631,0.00531631
4733,7167.66,0.24753,0.22105,0.79508,0.93909,0.9545,0.98366,0.96776,0.13795,0.13686,0.74984,0.00531532,0.00531532,0.00531532
4734,7169.19,0.26161,0.22552,0.79439,0.94127,0.95457,0.98259,0.96609,0.13792,0.13698,0.74984,0.00531433,0.00531433,0.00531433
4735,7170.7,0.23492,0.21219,0.79104,0.94684,0.95586,0.9836,0.96784,0.13796,0.13727,0.74987,0.00531334,0.00531334,0.00531334
4736,7172.17,0.26387,0.22913,0.78877,0.94813,0.95387,0.98425,0.96932,0.13802,0.13732,0.74989,0.00531235,0.00531235,0.00531235
4737,7173.64,0.25837,0.22566,0.79537,0.9484,0.95336,0.98409,0.96837,0.1382,0.13748,0.74986,0.00531136,0.00531136,0.00531136
4738,7175.13,0.24457,0.22064,0.79344,0.94953,0.95517,0.98489,0.96779,0.13832,0.13759,0.74989,0.00531037,0.00531037,0.00531037
4739,7176.57,0.25954,0.21971,0.79673,0.95105,0.9569,0.98516,0.96873,0.13815,0.13753,0.7499,0.00530938,0.00530938,0.00530938
4740,7178.08,0.25297,0.22221,0.78555,0.94462,0.95267,0.98254,0.96541,0.1381,0.13761,0.74988,0.00530839,0.00530839,0.00530839
4741,7179.58,0.24676,0.21766,0.78521,0.94685,0.95042,0.98327,0.96522,0.13824,0.13785,0.74992,0.0053074,0.0053074,0.0053074
4742,7181.06,0.24004,0.21297,0.79231,0.94666,0.95144,0.98389,0.96662,0.13836,0.13793,0.74993,0.00530641,0.00530641,0.00530641
4743,7182.6,0.24913,0.22083,0.7954,0.94435,0.95361,0.98273,0.96734,0.1384,0.13779,0.74986,0.00530542,0.00530542,0.00530542
4744,7184.14,0.25129,0.2256,0.79583,0.95002,0.95311,0.98117,0.96325,0.13858,0.13787,0.74985,0.00530443,0.00530443,0.00530443
4745,7185.58,0.24925,0.2218,0.80193,0.94654,0.95192,0.97982,0.9618,0.13876,0.13768,0.74983,0.00530344,0.00530344,0.00530344
4746,7187.07,0.22844,0.21473,0.79594,0.9445,0.9513,0.98071,0.96456,0.13872,0.13754,0.74981,0.00530245,0.00530245,0.00530245
4747,7188.59,0.25312,0.22299,0.79687,0.94358,0.95416,0.98422,0.96688,0.13905,0.1378,0.74979,0.00530146,0.00530146,0.00530146
4748,7190.12,0.26742,0.22905,0.79763,0.94118,0.95305,0.98233,0.96436,0.13908,0.13777,0.74981,0.00530047,0.00530047,0.00530047
4749,7191.62,0.25588,0.22097,0.80067,0.94381,0.95104,0.98281,0.9658,0.13903,0.13798,0.7498,0.00529948,0.00529948,0.00529948
4750,7193.07,0.26507,0.22146,0.79982,0.93852,0.95671,0.98253,0.96405,0.13897,0.13771,0.74979,0.00529849,0.00529849,0.00529849
4751,7194.49,0.25748,0.22204,0.80607,0.93739,0.9539,0.98254,0.96509,0.13894,0.13777,0.74982,0.0052975,0.0052975,0.0052975
4752,7195.96,0.23746,0.21268,0.78846,0.93939,0.95549,0.98286,0.9636,0.13863,0.13762,0.7498,0.00529651,0.00529651,0.00529651
4753,7197.52,0.24664,0.21516,0.79024,0.93207,0.95628,0.98114,0.96303,0.13828,0.13741,0.74977,0.00529552,0.00529552,0.00529552
4754,7199.08,0.25251,0.21819,0.7965,0.93799,0.95854,0.98249,0.96487,0.13841,0.13744,0.74977,0.00529453,0.00529453,0.00529453
4755,7200.57,0.24634,0.21899,0.79599,0.93254,0.95693,0.98095,0.96264,0.13817,0.13726,0.74975,0.00529354,0.00529354,0.00529354
4756,7202.09,0.26788,0.23563,0.79457,0.93514,0.95869,0.98315,0.96431,0.13812,0.1371,0.74975,0.00529255,0.00529255,0.00529255
4757,7203.61,0.23495,0.2162,0.78889,0.93133,0.95652,0.98191,0.96416,0.13845,0.13695,0.74974,0.00529156,0.00529156,0.00529156
4758,7205.11,0.24854,0.21602,0.79436,0.9183,0.95957,0.98137,0.96546,0.13804,0.13676,0.74972,0.00529057,0.00529057,0.00529057
4759,7206.66,0.23124,0.211,0.78387,0.91423,0.95641,0.98111,0.96497,0.13769,0.13662,0.74965,0.00528958,0.00528958,0.00528958
4760,7208.15,0.26077,0.22612,0.80217,0.91929,0.95792,0.98108,0.965,0.13809,0.13662,0.74963,0.00528859,0.00528859,0.00528859
4761,7209.6,0.24776,0.21639,0.79831,0.9132,0.95855,0.98037,0.96286,0.13767,0.13643,0.74963,0.0052876,0.0052876,0.0052876
4762,7211.09,0.26374,0.22434,0.79168,0.93217,0.95917,0.98089,0.96371,0.13815,0.13682,0.74957,0.00528661,0.00528661,0.00528661
4763,7212.63,0.24276,0.2104,0.80088,0.93598,0.95668,0.98154,0.96528,0.13821,0.13682,0.74952,0.00528562,0.00528562,0.00528562
4764,7214.16,0.25244,0.22153,0.79942,0.9371,0.95761,0.98075,0.96397,0.13798,0.13689,0.74949,0.00528463,0.00528463,0.00528463
4765,7215.72,0.23323,0.20697,0.79581,0.94221,0.95721,0.98265,0.96589,0.13794,0.13674,0.74946,0.00528364,0.00528364,0.00528364
4766,7217.17,0.25366,0.22407,0.79513,0.94157,0.95782,0.98249,0.96635,0.13811,0.13662,0.74945,0.00528265,0.00528265,0.00528265
4767,7218.61,0.23693,0.21336,0.79326,0.9394,0.95946,0.98335,0.96716,0.13807,0.13666,0.74948,0.00528166,0.00528166,0.00528166
4768,7220.08,0.24495,0.21613,0.79752,0.93773,0.96079,0.98359,0.9675,0.13814,0.13681,0.74946,0.00528067,0.00528067,0.00528067
4769,7221.54,0.24569,0.21991,0.79436,0.93849,0.96326,0.98377,0.96699,0.13847,0.13734,0.74945,0.00527968,0.00527968,0.00527968
4770,7223,0.27327,0.22584,0.81003,0.93226,0.95803,0.98269,0.96594,0.13839,0.13659,0.74947,0.00527869,0.00527869,0.00527869
4771,7224.47,0.2452,0.20943,0.80305,0.93479,0.96096,0.98287,0.96511,0.13843,0.13667,0.74945,0.0052777,0.0052777,0.0052777
4772,7225.95,0.25137,0.21455,0.79511,0.93708,0.95728,0.98242,0.9653,0.13847,0.13702,0.7494,0.00527671,0.00527671,0.00527671
4773,7227.42,0.26389,0.2247,0.79877,0.93524,0.96429,0.9837,0.9664,0.13845,0.137,0.74944,0.00527572,0.00527572,0.00527572
4774,7228.94,0.23954,0.21676,0.78648,0.9345,0.95766,0.9829,0.96717,0.13846,0.13704,0.74946,0.00527473,0.00527473,0.00527473
4775,7230.45,0.24522,0.21514,0.78973,0.93474,0.9626,0.98381,0.96867,0.13856,0.13693,0.74946,0.00527374,0.00527374,0.00527374
4776,7231.93,0.24301,0.20961,0.79789,0.93403,0.9606,0.98297,0.96709,0.13847,0.13694,0.74946,0.00527275,0.00527275,0.00527275
4777,7233.47,0.2476,0.2146,0.79624,0.93656,0.95805,0.98355,0.96778,0.13844,0.13678,0.74944,0.00527176,0.00527176,0.00527176
4778,7234.94,0.25255,0.21785,0.793,0.93735,0.96244,0.9831,0.96744,0.13866,0.13708,0.74945,0.00527077,0.00527077,0.00527077
4779,7236.43,0.24985,0.21419,0.79801,0.93676,0.96088,0.98315,0.96854,0.13842,0.13721,0.7494,0.00526978,0.00526978,0.00526978
4780,7237.94,0.25106,0.21446,0.79581,0.93955,0.95745,0.98392,0.96684,0.13822,0.13747,0.74937,0.00526879,0.00526879,0.00526879
4781,7239.43,0.26296,0.22343,0.7985,0.93763,0.95817,0.98379,0.9689,0.13842,0.13755,0.74942,0.0052678,0.0052678,0.0052678
4782,7240.91,0.23845,0.2166,0.79312,0.9377,0.95993,0.98455,0.9675,0.13845,0.13743,0.74941,0.00526681,0.00526681,0.00526681
4783,7242.48,0.24565,0.21507,0.8022,0.93648,0.95593,0.98265,0.96499,0.13832,0.13723,0.74938,0.00526582,0.00526582,0.00526582
4784,7243.98,0.23328,0.21092,0.79165,0.93408,0.95671,0.98295,0.96748,0.13825,0.13736,0.74938,0.00526483,0.00526483,0.00526483
4785,7245.44,0.26363,0.22459,0.80247,0.93683,0.95817,0.98313,0.96584,0.13794,0.13749,0.74936,0.00526384,0.00526384,0.00526384
4786,7246.91,0.2526,0.21787,0.79558,0.93525,0.95702,0.98324,0.96586,0.13789,0.13712,0.74934,0.00526285,0.00526285,0.00526285
4787,7248.38,0.25936,0.21631,0.79854,0.93973,0.95598,0.98245,0.96589,0.13785,0.13685,0.74932,0.00526186,0.00526186,0.00526186
4788,7249.82,0.24695,0.21567,0.79189,0.93446,0.95609,0.98303,0.96776,0.1378,0.13647,0.74935,0.00526087,0.00526087,0.00526087
4789,7251.33,0.25726,0.22626,0.79283,0.93955,0.95621,0.98289,0.96714,0.13753,0.13637,0.7493,0.00525988,0.00525988,0.00525988
4790,7252.78,0.24066,0.21941,0.79392,0.93841,0.95646,0.98284,0.96777,0.1375,0.13615,0.74928,0.00525889,0.00525889,0.00525889
4791,7254.21,0.24203,0.22041,0.792,0.93681,0.9595,0.98237,0.96629,0.13765,0.13626,0.74927,0.0052579,0.0052579,0.0052579
4792,7255.67,0.24633,0.21722,0.79767,0.93,0.9568,0.98057,0.96494,0.13746,0.13594,0.74929,0.00525691,0.00525691,0.00525691
4793,7257.21,0.24854,0.22263,0.79696,0.93112,0.9603,0.9822,0.96495,0.13729,0.13585,0.74928,0.00525592,0.00525592,0.00525592
4794,7258.85,0.26148,0.22546,0.79831,0.93235,0.96081,0.98342,0.96705,0.13749,0.13597,0.74929,0.00525493,0.00525493,0.00525493
4795,7260.43,0.24847,0.21796,0.79684,0.92806,0.96099,0.98176,0.96497,0.13776,0.13602,0.74931,0.00525394,0.00525394,0.00525394
4796,7261.98,0.24766,0.21486,0.79171,0.93142,0.96082,0.98165,0.96417,0.13748,0.1357,0.74932,0.00525295,0.00525295,0.00525295
4797,7263.47,0.24633,0.21709,0.7964,0.92764,0.95927,0.98097,0.96394,0.13774,0.13574,0.7493,0.00525196,0.00525196,0.00525196
4798,7265.01,0.24107,0.21403,0.79146,0.9302,0.95549,0.9824,0.96594,0.13779,0.13583,0.74928,0.00525097,0.00525097,0.00525097
4799,7266.48,0.25057,0.2189,0.79724,0.93198,0.96371,0.98364,0.96774,0.13752,0.13575,0.74926,0.00524998,0.00524998,0.00524998
4800,7267.92,0.23687,0.2035,0.79698,0.92871,0.95775,0.98161,0.96543,0.13783,0.13574,0.74927,0.00524899,0.00524899,0.00524899
4801,7269.38,0.23805,0.21342,0.79115,0.92795,0.96288,0.98335,0.96568,0.13765,0.13552,0.74919,0.005248,0.005248,0.005248
4802,7270.89,0.25963,0.22641,0.79333,0.9301,0.96371,0.98336,0.96558,0.13734,0.13587,0.74913,0.00524701,0.00524701,0.00524701
4803,7272.43,0.25066,0.22187,0.7958,0.93388,0.95746,0.98218,0.96549,0.13729,0.13562,0.74912,0.00524602,0.00524602,0.00524602
4804,7274,0.23633,0.20803,0.79325,0.93233,0.95463,0.98192,0.96371,0.13713,0.13583,0.74905,0.00524503,0.00524503,0.00524503
4805,7275.51,0.2342,0.20964,0.78733,0.92926,0.9558,0.98304,0.9659,0.13691,0.13602,0.74902,0.00524404,0.00524404,0.00524404
4806,7277.01,0.25868,0.22584,0.79709,0.92999,0.95432,0.98549,0.96718,0.13678,0.13555,0.74903,0.00524305,0.00524305,0.00524305
4807,7278.53,0.24029,0.2156,0.79063,0.92725,0.95225,0.98201,0.96504,0.137,0.13572,0.74903,0.00524206,0.00524206,0.00524206
4808,7280,0.25879,0.22175,0.79851,0.92831,0.95408,0.98373,0.96653,0.13675,0.13546,0.74905,0.00524107,0.00524107,0.00524107
4809,7281.51,0.24145,0.21166,0.78983,0.9277,0.95342,0.98316,0.96419,0.13726,0.13584,0.7491,0.00524008,0.00524008,0.00524008
4810,7283.01,0.25151,0.21944,0.79202,0.92686,0.95356,0.98324,0.9655,0.13716,0.13579,0.74912,0.00523909,0.00523909,0.00523909
4811,7284.44,0.24385,0.21932,0.79694,0.92665,0.95526,0.98428,0.96749,0.13705,0.13594,0.7491,0.0052381,0.0052381,0.0052381
4812,7285.92,0.26306,0.22508,0.80246,0.93019,0.9556,0.98549,0.9689,0.13704,0.13569,0.74914,0.00523711,0.00523711,0.00523711
4813,7287.49,0.25519,0.22385,0.79297,0.9227,0.95424,0.98509,0.96731,0.13722,0.13601,0.74911,0.00523612,0.00523612,0.00523612
4814,7289.04,0.24848,0.21371,0.7915,0.92451,0.95632,0.98453,0.96811,0.13713,0.13585,0.74906,0.00523513,0.00523513,0.00523513
4815,7290.52,0.26644,0.2155,0.79732,0.93202,0.95702,0.98449,0.96806,0.13765,0.13609,0.74908,0.00523414,0.00523414,0.00523414
4816,7292.06,0.26053,0.22125,0.79692,0.92887,0.95571,0.98507,0.96731,0.13734,0.13609,0.7491,0.00523315,0.00523315,0.00523315
4817,7293.54,0.23292,0.21093,0.78981,0.93519,0.95762,0.98327,0.96438,0.1373,0.13571,0.74911,0.00523216,0.00523216,0.00523216
4818,7295,0.24825,0.21706,0.79751,0.9372,0.95461,0.98422,0.96805,0.1375,0.13579,0.74915,0.00523117,0.00523117,0.00523117
4819,7296.52,0.23787,0.20852,0.79829,0.93339,0.95515,0.98404,0.96572,0.13741,0.13575,0.74923,0.00523018,0.00523018,0.00523018
4820,7298.01,0.25335,0.22466,0.79354,0.93813,0.95396,0.98308,0.96786,0.13732,0.13543,0.74925,0.00522919,0.00522919,0.00522919
4821,7299.52,0.23364,0.21216,0.79711,0.9346,0.95346,0.98227,0.96424,0.13761,0.13576,0.74929,0.0052282,0.0052282,0.0052282
4822,7301.05,0.24514,0.21422,0.79183,0.93473,0.9569,0.98313,0.96647,0.13795,0.13602,0.74935,0.00522721,0.00522721,0.00522721
4823,7302.63,0.23832,0.20889,0.79282,0.93545,0.95714,0.98292,0.96474,0.13791,0.13608,0.74937,0.00522622,0.00522622,0.00522622
4824,7304.19,0.24167,0.21562,0.79212,0.93198,0.95797,0.98367,0.96582,0.13785,0.13612,0.74939,0.00522523,0.00522523,0.00522523
4825,7305.7,0.24019,0.21548,0.79017,0.93505,0.9573,0.98381,0.96535,0.13815,0.13627,0.7494,0.00522424,0.00522424,0.00522424
4826,7307.2,0.24614,0.21781,0.79058,0.93025,0.95713,0.98336,0.96664,0.13815,0.13638,0.74943,0.00522325,0.00522325,0.00522325
4827,7308.66,0.24658,0.21471,0.79158,0.93146,0.95539,0.98119,0.96155,0.13823,0.13623,0.74944,0.00522226,0.00522226,0.00522226
4828,7310.16,0.2439,0.21971,0.7949,0.93604,0.95767,0.98428,0.96695,0.13781,0.1361,0.74945,0.00522127,0.00522127,0.00522127
4829,7311.61,0.23219,0.20769,0.78989,0.92708,0.96267,0.98391,0.9671,0.13767,0.13623,0.74944,0.00522028,0.00522028,0.00522028
4830,7313.07,0.26556,0.22288,0.80473,0.93037,0.96295,0.98377,0.96676,0.13777,0.13632,0.74948,0.00521929,0.00521929,0.00521929
4831,7314.54,0.24146,0.21163,0.79621,0.93168,0.95485,0.98189,0.96401,0.13752,0.13631,0.74948,0.0052183,0.0052183,0.0052183
4832,7315.98,0.22614,0.20651,0.79167,0.9329,0.95574,0.98184,0.96354,0.13748,0.13619,0.74949,0.00521731,0.00521731,0.00521731
4833,7317.54,0.24182,0.20986,0.78835,0.92965,0.95682,0.98179,0.96484,0.1375,0.1361,0.74947,0.00521632,0.00521632,0.00521632
4834,7319.19,0.2355,0.21281,0.79109,0.93407,0.95784,0.98328,0.9658,0.1374,0.13614,0.74944,0.00521533,0.00521533,0.00521533
4835,7320.74,0.23538,0.21277,0.78957,0.93457,0.95669,0.98274,0.96649,0.13738,0.13621,0.74945,0.00521434,0.00521434,0.00521434
4836,7322.24,0.24194,0.21708,0.79271,0.93489,0.95375,0.98176,0.96452,0.13735,0.13601,0.74944,0.00521335,0.00521335,0.00521335
4837,7323.72,0.25527,0.21821,0.79848,0.93869,0.95488,0.98056,0.96453,0.13703,0.13604,0.7494,0.00521236,0.00521236,0.00521236
4838,7325.12,0.27351,0.22684,0.79877,0.9405,0.95469,0.98156,0.96526,0.13678,0.13602,0.74934,0.00521137,0.00521137,0.00521137
4839,7326.62,0.26184,0.22981,0.79497,0.94235,0.95615,0.98276,0.96722,0.13686,0.1359,0.74933,0.00521038,0.00521038,0.00521038
4840,7328.13,0.24021,0.21435,0.78976,0.94475,0.95428,0.98237,0.96557,0.13652,0.13568,0.74931,0.00520939,0.00520939,0.00520939
4841,7329.6,0.24391,0.2173,0.78849,0.94392,0.95579,0.9828,0.96627,0.13649,0.13576,0.74928,0.0052084,0.0052084,0.0052084
4842,7331.1,0.24868,0.2148,0.79521,0.94534,0.95379,0.98218,0.96452,0.13644,0.13598,0.74926,0.00520741,0.00520741,0.00520741
4843,7332.63,0.25382,0.21979,0.79564,0.94628,0.95408,0.98309,0.96827,0.13658,0.13604,0.74925,0.00520642,0.00520642,0.00520642
4844,7334.22,0.24923,0.2308,0.79058,0.94555,0.95335,0.98466,0.96968,0.13654,0.13614,0.74927,0.00520543,0.00520543,0.00520543
4845,7335.71,0.23802,0.21613,0.79476,0.94286,0.95016,0.98218,0.9649,0.13654,0.13601,0.74926,0.00520444,0.00520444,0.00520444
4846,7337.23,0.2332,0.2202,0.7937,0.94577,0.95431,0.98326,0.9668,0.13655,0.13613,0.74927,0.00520345,0.00520345,0.00520345
4847,7338.72,0.25589,0.22733,0.79563,0.9444,0.95322,0.98353,0.96903,0.13646,0.13594,0.74928,0.00520246,0.00520246,0.00520246
4848,7340.18,0.24583,0.21711,0.79539,0.94287,0.94808,0.98137,0.96641,0.1364,0.13614,0.74928,0.00520147,0.00520147,0.00520147
4849,7341.68,0.24061,0.21723,0.79322,0.94514,0.95058,0.98199,0.96471,0.13623,0.13594,0.74928,0.00520048,0.00520048,0.00520048
4850,7343.12,0.23225,0.20938,0.79927,0.94036,0.94789,0.98291,0.96865,0.13602,0.13597,0.74925,0.00519949,0.00519949,0.00519949
4851,7344.63,0.23409,0.21352,0.79211,0.94264,0.94616,0.9822,0.96602,0.13613,0.13561,0.74932,0.0051985,0.0051985,0.0051985
4852,7346.13,0.23308,0.21028,0.79141,0.93957,0.949,0.98305,0.96532,0.13598,0.13564,0.74932,0.00519751,0.00519751,0.00519751
4853,7347.68,0.25161,0.22868,0.79322,0.94015,0.95196,0.98338,0.96644,0.13577,0.13534,0.74927,0.00519652,0.00519652,0.00519652
4854,7349.27,0.23996,0.22042,0.7958,0.94104,0.94919,0.98215,0.96464,0.13624,0.13547,0.74934,0.00519553,0.00519553,0.00519553
4855,7350.81,0.24701,0.22104,0.78529,0.94146,0.95422,0.9844,0.96953,0.13588,0.13553,0.74933,0.00519454,0.00519454,0.00519454
4856,7352.29,0.25256,0.21984,0.79403,0.93975,0.96336,0.98333,0.96589,0.1357,0.13526,0.74929,0.00519355,0.00519355,0.00519355
4857,7353.74,0.25269,0.22274,0.78967,0.94212,0.9479,0.98337,0.96555,0.13584,0.13529,0.74932,0.00519256,0.00519256,0.00519256
4858,7355.24,0.22356,0.20976,0.78244,0.94625,0.95894,0.98429,0.96839,0.13571,0.13495,0.74929,0.00519157,0.00519157,0.00519157
4859,7356.72,0.26105,0.22028,0.80391,0.94184,0.95986,0.98358,0.96695,0.13556,0.13471,0.74927,0.00519058,0.00519058,0.00519058
4860,7358.2,0.25062,0.21834,0.79957,0.941,0.94872,0.9823,0.96545,0.13582,0.13508,0.74928,0.00518959,0.00518959,0.00518959
4861,7359.7,0.24968,0.22182,0.79949,0.94573,0.95151,0.98297,0.9677,0.13593,0.13517,0.74926,0.0051886,0.0051886,0.0051886
4862,7361.13,0.2459,0.21482,0.79295,0.94406,0.95124,0.9838,0.9657,0.13561,0.13471,0.74921,0.00518761,0.00518761,0.00518761
4863,7362.65,0.26643,0.23045,0.79211,0.94509,0.95082,0.98459,0.96846,0.1359,0.13493,0.74922,0.00518662,0.00518662,0.00518662
4864,7364.24,0.24987,0.22043,0.79466,0.94463,0.94914,0.98264,0.965,0.13572,0.1348,0.74917,0.00518563,0.00518563,0.00518563
4865,7365.74,0.24548,0.21747,0.79488,0.94029,0.96358,0.98486,0.9667,0.13557,0.1348,0.74916,0.00518464,0.00518464,0.00518464
4866,7367.23,0.24121,0.21342,0.79419,0.94137,0.95978,0.98487,0.96755,0.13561,0.135,0.74915,0.00518365,0.00518365,0.00518365
4867,7368.71,0.24976,0.22178,0.79069,0.94408,0.95242,0.98301,0.96636,0.13559,0.13496,0.74913,0.00518266,0.00518266,0.00518266
4868,7370.16,0.22615,0.20765,0.78771,0.9405,0.95468,0.9834,0.96537,0.13544,0.1347,0.7491,0.00518167,0.00518167,0.00518167
4869,7371.68,0.23664,0.21414,0.78831,0.93923,0.95414,0.9833,0.96596,0.1355,0.13478,0.74909,0.00518068,0.00518068,0.00518068
4870,7373.24,0.24204,0.21391,0.79277,0.93604,0.94686,0.98444,0.96817,0.13533,0.13484,0.74902,0.00517969,0.00517969,0.00517969
4871,7374.74,0.24641,0.21886,0.79738,0.94001,0.95411,0.98435,0.96724,0.13546,0.1347,0.74899,0.0051787,0.0051787,0.0051787
4872,7376.23,0.25698,0.22436,0.79507,0.94381,0.95323,0.98448,0.96753,0.13548,0.13458,0.74902,0.00517771,0.00517771,0.00517771
4873,7377.79,0.23899,0.21795,0.79171,0.93645,0.95017,0.98229,0.96495,0.13578,0.13462,0.74906,0.00517672,0.00517672,0.00517672
4874,7379.28,0.24914,0.21822,0.79698,0.93767,0.952,0.98368,0.96541,0.1359,0.13481,0.74905,0.00517573,0.00517573,0.00517573
4875,7380.77,0.25028,0.21864,0.8002,0.94199,0.95489,0.98459,0.96888,0.13622,0.13496,0.74903,0.00517474,0.00517474,0.00517474
4876,7382.3,0.25323,0.21861,0.79024,0.94304,0.95334,0.98369,0.9668,0.13672,0.13517,0.74909,0.00517375,0.00517375,0.00517375
4877,7383.77,0.24722,0.21806,0.79713,0.93411,0.95473,0.9858,0.96861,0.13659,0.13501,0.74907,0.00517276,0.00517276,0.00517276
4878,7385.3,0.24885,0.21647,0.79403,0.9272,0.95107,0.98323,0.96661,0.1366,0.13526,0.74907,0.00517177,0.00517177,0.00517177
4879,7386.81,0.24991,0.22529,0.78909,0.93638,0.95304,0.98447,0.96602,0.13665,0.13513,0.74907,0.00517078,0.00517078,0.00517078
4880,7388.32,0.22817,0.21026,0.78843,0.93744,0.95276,0.98423,0.96829,0.13652,0.13532,0.7491,0.00516979,0.00516979,0.00516979
4881,7389.79,0.2581,0.2272,0.79534,0.93414,0.9543,0.98367,0.96742,0.13637,0.13495,0.74907,0.0051688,0.0051688,0.0051688
4882,7391.29,0.24105,0.21404,0.79173,0.94004,0.95593,0.98315,0.96528,0.13642,0.1351,0.7491,0.00516781,0.00516781,0.00516781
4883,7392.81,0.2505,0.22391,0.79394,0.93044,0.95302,0.98398,0.96671,0.13652,0.13476,0.74907,0.00516682,0.00516682,0.00516682
4884,7394.42,0.27533,0.22961,0.80539,0.93984,0.9575,0.98412,0.96647,0.13643,0.13499,0.74911,0.00516583,0.00516583,0.00516583
4885,7395.94,0.24886,0.21442,0.8004,0.93599,0.95708,0.98484,0.96754,0.13613,0.13465,0.74913,0.00516484,0.00516484,0.00516484
4886,7397.46,0.23111,0.21268,0.79235,0.94346,0.95723,0.98435,0.96681,0.13614,0.13442,0.74916,0.00516385,0.00516385,0.00516385
4887,7398.93,0.25746,0.21559,0.79741,0.94087,0.95526,0.98328,0.96582,0.1364,0.13429,0.74918,0.00516286,0.00516286,0.00516286
4888,7400.46,0.26863,0.22368,0.79879,0.94025,0.95696,0.98394,0.96622,0.13625,0.13426,0.74922,0.00516187,0.00516187,0.00516187
4889,7401.92,0.23827,0.20897,0.79631,0.93822,0.95655,0.98359,0.96545,0.13633,0.13419,0.74921,0.00516088,0.00516088,0.00516088
4890,7403.41,0.2507,0.2211,0.79459,0.93867,0.95815,0.98515,0.96775,0.13621,0.13398,0.74921,0.00515989,0.00515989,0.00515989
4891,7404.92,0.25184,0.22008,0.79465,0.94298,0.95654,0.98488,0.96855,0.13648,0.13413,0.74926,0.0051589,0.0051589,0.0051589
4892,7406.41,0.2272,0.20574,0.78765,0.94252,0.95614,0.98462,0.96713,0.13647,0.134,0.74929,0.00515791,0.00515791,0.00515791
4893,7407.97,0.24181,0.21931,0.79006,0.94723,0.95639,0.98476,0.96728,0.13669,0.13424,0.74929,0.00515692,0.00515692,0.00515692
4894,7409.53,0.25296,0.22404,0.79602,0.94552,0.95688,0.98471,0.9662,0.13647,0.13419,0.74924,0.00515593,0.00515593,0.00515593
4895,7411.07,0.25162,0.22204,0.80387,0.9457,0.95446,0.98308,0.96573,0.13632,0.1341,0.74924,0.00515494,0.00515494,0.00515494
4896,7412.52,0.23592,0.21251,0.79562,0.94399,0.95415,0.98325,0.96607,0.13642,0.13446,0.74921,0.00515395,0.00515395,0.00515395
4897,7413.99,0.23568,0.21808,0.78857,0.94463,0.95544,0.98624,0.9674,0.13642,0.13463,0.74918,0.00515296,0.00515296,0.00515296
4898,7415.44,0.25274,0.22539,0.79346,0.94416,0.94914,0.98319,0.96404,0.13635,0.13485,0.74916,0.00515197,0.00515197,0.00515197
4899,7416.98,0.23121,0.21407,0.78161,0.94654,0.95264,0.98439,0.965,0.13637,0.13532,0.74917,0.00515098,0.00515098,0.00515098
4900,7418.47,0.26273,0.2281,0.79904,0.94564,0.95651,0.98449,0.96496,0.13629,0.13562,0.74919,0.00514999,0.00514999,0.00514999
4901,7419.94,0.25226,0.22894,0.79387,0.94493,0.95466,0.98445,0.96545,0.13636,0.13558,0.74916,0.005149,0.005149,0.005149
4902,7421.4,0.25386,0.22402,0.79095,0.94578,0.95449,0.98507,0.96616,0.13635,0.13549,0.7492,0.00514801,0.00514801,0.00514801
4903,7422.97,0.24106,0.2244,0.79074,0.94683,0.95977,0.98522,0.96674,0.13608,0.13537,0.7492,0.00514702,0.00514702,0.00514702
4904,7424.48,0.23562,0.21937,0.79405,0.94408,0.95645,0.98486,0.96694,0.13651,0.13565,0.74915,0.00514603,0.00514603,0.00514603
4905,7425.99,0.23135,0.21598,0.78689,0.94418,0.95386,0.98409,0.9651,0.13633,0.13552,0.74918,0.00514504,0.00514504,0.00514504
4906,7427.52,0.25667,0.226,0.80226,0.94223,0.95987,0.98451,0.96605,0.13604,0.13548,0.7492,0.00514405,0.00514405,0.00514405
4907,7428.96,0.24966,0.21541,0.79713,0.94187,0.95643,0.9831,0.96545,0.13613,0.13559,0.74921,0.00514306,0.00514306,0.00514306
4908,7430.48,0.24489,0.21912,0.79755,0.94318,0.95965,0.98562,0.9678,0.13587,0.13552,0.74923,0.00514207,0.00514207,0.00514207
4909,7431.97,0.23034,0.20644,0.79204,0.93966,0.95364,0.98287,0.96563,0.13577,0.13551,0.74924,0.00514108,0.00514108,0.00514108
4910,7433.46,0.24488,0.21783,0.78751,0.9387,0.95894,0.9843,0.96678,0.13563,0.13557,0.74924,0.00514009,0.00514009,0.00514009
4911,7434.93,0.26051,0.22644,0.79458,0.93773,0.95474,0.9827,0.96412,0.1356,0.13593,0.74923,0.0051391,0.0051391,0.0051391
4912,7436.44,0.23365,0.21331,0.79464,0.93793,0.95514,0.98349,0.96563,0.1353,0.13567,0.74925,0.00513811,0.00513811,0.00513811
4913,7438,0.24807,0.21705,0.79474,0.93684,0.95632,0.98306,0.96512,0.13531,0.13559,0.74923,0.00513712,0.00513712,0.00513712
4914,7439.58,0.24039,0.21034,0.793,0.93862,0.95521,0.98312,0.96481,0.13519,0.13537,0.74922,0.00513613,0.00513613,0.00513613
4915,7441.07,0.24044,0.21159,0.79536,0.94037,0.95599,0.98413,0.96544,0.13517,0.13548,0.74919,0.00513514,0.00513514,0.00513514
4916,7442.53,0.24097,0.20842,0.7941,0.94078,0.95499,0.98401,0.96559,0.13537,0.1353,0.74917,0.00513415,0.00513415,0.00513415
4917,7444,0.26303,0.23071,0.80097,0.94174,0.95856,0.9845,0.96668,0.13547,0.13546,0.74918,0.00513316,0.00513316,0.00513316
4918,7445.49,0.23208,0.20863,0.79004,0.94624,0.95611,0.98438,0.96508,0.13563,0.13553,0.74915,0.00513217,0.00513217,0.00513217
4919,7446.98,0.25643,0.21702,0.79762,0.94226,0.95231,0.98318,0.96535,0.13566,0.13518,0.74916,0.00513118,0.00513118,0.00513118
4920,7448.49,0.26909,0.22763,0.80411,0.94203,0.95268,0.98317,0.9643,0.13563,0.13504,0.74917,0.00513019,0.00513019,0.00513019
4921,7449.98,0.2436,0.2131,0.79724,0.93574,0.95395,0.98293,0.9637,0.13563,0.13501,0.74925,0.0051292,0.0051292,0.0051292
4922,7451.49,0.27162,0.22857,0.79567,0.93682,0.95606,0.98403,0.96471,0.13575,0.13526,0.74924,0.00512821,0.00512821,0.00512821
4923,7452.98,0.23573,0.21568,0.78846,0.9389,0.95637,0.98417,0.96631,0.13562,0.13547,0.74927,0.00512722,0.00512722,0.00512722
4924,7454.59,0.25385,0.22214,0.78931,0.93918,0.95369,0.98367,0.96469,0.13577,0.13552,0.74921,0.00512623,0.00512623,0.00512623
4925,7456.11,0.24391,0.21339,0.78744,0.94073,0.95621,0.98361,0.96548,0.13579,0.13619,0.74918,0.00512524,0.00512524,0.00512524
4926,7457.63,0.24606,0.22167,0.78718,0.9396,0.95503,0.98251,0.96372,0.13571,0.13608,0.74918,0.00512425,0.00512425,0.00512425
4927,7459.2,0.24704,0.21246,0.79815,0.9364,0.95618,0.98266,0.96514,0.13601,0.13636,0.7492,0.00512326,0.00512326,0.00512326
4928,7460.7,0.25438,0.22103,0.7943,0.93837,0.95584,0.98285,0.96566,0.13626,0.13655,0.74918,0.00512227,0.00512227,0.00512227
4929,7462.1,0.2511,0.2173,0.79835,0.93575,0.95563,0.98411,0.96653,0.1359,0.13618,0.74916,0.00512128,0.00512128,0.00512128
4930,7463.63,0.23789,0.2145,0.79344,0.93707,0.95504,0.98401,0.96643,0.13601,0.1363,0.74912,0.00512029,0.00512029,0.00512029
4931,7465.13,0.24425,0.22113,0.79023,0.93536,0.95458,0.98266,0.96522,0.13611,0.13649,0.7491,0.0051193,0.0051193,0.0051193
4932,7466.59,0.23987,0.21187,0.7877,0.93469,0.95636,0.98302,0.96526,0.13582,0.13621,0.74907,0.00511831,0.00511831,0.00511831
4933,7468.14,0.24531,0.22093,0.79272,0.93713,0.95769,0.98338,0.96473,0.13579,0.136,0.74904,0.00511732,0.00511732,0.00511732
4934,7469.87,0.24091,0.21463,0.79297,0.93553,0.95871,0.98221,0.96395,0.13614,0.13591,0.74905,0.00511633,0.00511633,0.00511633
4935,7471.39,0.26125,0.23464,0.79885,0.93415,0.9562,0.98179,0.96391,0.1361,0.13588,0.74902,0.00511534,0.00511534,0.00511534
4936,7472.92,0.25161,0.22494,0.78879,0.9395,0.95899,0.98398,0.96609,0.13595,0.13564,0.74901,0.00511435,0.00511435,0.00511435
4937,7474.37,0.23743,0.21641,0.79134,0.93495,0.95627,0.98211,0.96362,0.13617,0.13586,0.74899,0.00511336,0.00511336,0.00511336
4938,7475.82,0.24043,0.21483,0.79477,0.93626,0.95969,0.98308,0.96482,0.13607,0.1358,0.74899,0.00511237,0.00511237,0.00511237
4939,7477.3,0.2407,0.21532,0.79519,0.93412,0.95694,0.98291,0.96469,0.13605,0.13585,0.74896,0.00511138,0.00511138,0.00511138
4940,7478.78,0.2471,0.21332,0.79808,0.93246,0.95532,0.98241,0.9646,0.13623,0.13565,0.74896,0.00511039,0.00511039,0.00511039
4941,7480.26,0.26518,0.22558,0.79793,0.93509,0.95674,0.98312,0.9663,0.13589,0.13571,0.74896,0.0051094,0.0051094,0.0051094
4942,7481.72,0.26126,0.22469,0.79306,0.93517,0.95925,0.98429,0.96551,0.13577,0.1356,0.74902,0.00510841,0.00510841,0.00510841
4943,7483.31,0.24565,0.22062,0.80012,0.93011,0.95601,0.98336,0.96523,0.13588,0.13587,0.74902,0.00510742,0.00510742,0.00510742
4944,7484.87,0.25148,0.2143,0.79807,0.9399,0.95691,0.98308,0.96563,0.13588,0.13591,0.74903,0.00510643,0.00510643,0.00510643
4945,7486.39,0.23247,0.20807,0.79521,0.93279,0.94889,0.98351,0.96569,0.13577,0.13579,0.74906,0.00510544,0.00510544,0.00510544
4946,7487.91,0.24952,0.21518,0.80048,0.93641,0.94862,0.9839,0.96669,0.13597,0.13579,0.74909,0.00510445,0.00510445,0.00510445
4947,7489.35,0.21679,0.2027,0.79047,0.93171,0.94657,0.98427,0.96618,0.13569,0.13546,0.74907,0.00510346,0.00510346,0.00510346
4948,7490.81,0.24539,0.21522,0.79811,0.93318,0.94668,0.98332,0.96474,0.13557,0.13533,0.74913,0.00510247,0.00510247,0.00510247
4949,7492.28,0.24254,0.2137,0.80108,0.93332,0.94742,0.98445,0.96744,0.13586,0.13537,0.74913,0.00510148,0.00510148,0.00510148
4950,7493.79,0.25902,0.22482,0.79056,0.93415,0.95026,0.98461,0.96652,0.1357,0.13536,0.74914,0.00510049,0.00510049,0.00510049
4951,7495.29,0.25066,0.22046,0.79278,0.93279,0.94838,0.98396,0.96703,0.13566,0.13515,0.74917,0.0050995,0.0050995,0.0050995
4952,7496.75,0.24446,0.20757,0.79506,0.93379,0.94981,0.98475,0.96627,0.13576,0.13521,0.74916,0.00509851,0.00509851,0.00509851
4953,7498.3,0.22505,0.20424,0.79238,0.93186,0.94743,0.98302,0.96413,0.1356,0.13532,0.74914,0.00509752,0.00509752,0.00509752
4954,7499.87,0.23019,0.21077,0.79669,0.93643,0.95031,0.98372,0.96593,0.13522,0.13479,0.74917,0.00509653,0.00509653,0.00509653
4955,7501.33,0.23756,0.21073,0.79344,0.92596,0.95867,0.98333,0.96631,0.1356,0.13503,0.74912,0.00509554,0.00509554,0.00509554
4956,7502.81,0.24232,0.20333,0.79649,0.93197,0.94915,0.98236,0.96413,0.1354,0.13481,0.74913,0.00509455,0.00509455,0.00509455
4957,7504.29,0.23807,0.21288,0.79611,0.92913,0.94936,0.98226,0.96485,0.1354,0.1348,0.74908,0.00509356,0.00509356,0.00509356
4958,7505.75,0.26444,0.21988,0.80203,0.92045,0.95728,0.98398,0.96941,0.1354,0.13505,0.74908,0.00509257,0.00509257,0.00509257
4959,7507.26,0.261,0.22369,0.79534,0.92133,0.95914,0.98236,0.96563,0.13523,0.13521,0.74908,0.00509158,0.00509158,0.00509158
4960,7508.84,0.26303,0.21797,0.79771,0.92245,0.96167,0.98194,0.96452,0.1356,0.13569,0.74909,0.00509059,0.00509059,0.00509059
4961,7510.33,0.22288,0.20513,0.78944,0.92115,0.96118,0.98277,0.96623,0.13574,0.13564,0.74911,0.0050896,0.0050896,0.0050896
4962,7511.84,0.2397,0.21918,0.79161,0.92171,0.95898,0.98315,0.96815,0.13561,0.13531,0.74909,0.00508861,0.00508861,0.00508861
4963,7513.4,0.25574,0.21827,0.79987,0.92106,0.96333,0.98216,0.96549,0.13565,0.13516,0.74914,0.00508762,0.00508762,0.00508762
4964,7514.99,0.24665,0.21383,0.79421,0.9343,0.95861,0.98067,0.96498,0.13585,0.13496,0.74917,0.00508663,0.00508663,0.00508663
4965,7516.48,0.22694,0.20381,0.792,0.93327,0.95565,0.98257,0.96562,0.13556,0.13496,0.74917,0.00508564,0.00508564,0.00508564
4966,7518,0.24127,0.21967,0.79205,0.94683,0.96217,0.98394,0.96698,0.13544,0.13497,0.74917,0.00508465,0.00508465,0.00508465
4967,7519.49,0.23375,0.2044,0.79514,0.94103,0.95609,0.9836,0.96764,0.13565,0.13506,0.74918,0.00508366,0.00508366,0.00508366
4968,7520.95,0.23909,0.2157,0.7933,0.94393,0.95539,0.98412,0.96621,0.1355,0.13504,0.74915,0.00508267,0.00508267,0.00508267
4969,7522.46,0.23097,0.20835,0.79652,0.94221,0.95061,0.98324,0.96691,0.1355,0.13501,0.74916,0.00508168,0.00508168,0.00508168
4970,7523.94,0.24861,0.21824,0.80022,0.94306,0.95188,0.98399,0.96808,0.13551,0.13487,0.74917,0.00508069,0.00508069,0.00508069
4971,7525.41,0.24068,0.21169,0.79505,0.9424,0.95226,0.98338,0.96827,0.13542,0.13496,0.74914,0.0050797,0.0050797,0.0050797
4972,7526.91,0.2455,0.20954,0.79232,0.93774,0.95879,0.98483,0.96938,0.13524,0.13492,0.74912,0.00507871,0.00507871,0.00507871
4973,7528.48,0.23806,0.2085,0.80087,0.94256,0.95229,0.98283,0.96761,0.13521,0.13489,0.74911,0.00507772,0.00507772,0.00507772
4974,7530.01,0.23201,0.20533,0.78857,0.94332,0.95019,0.98395,0.96847,0.13516,0.13492,0.74908,0.00507673,0.00507673,0.00507673
4975,7531.53,0.24623,0.21385,0.79515,0.94952,0.953,0.98407,0.96809,0.13487,0.1347,0.74903,0.00507574,0.00507574,0.00507574
4976,7532.98,0.26438,0.22158,0.80275,0.95015,0.95287,0.98367,0.96805,0.13495,0.13498,0.749,0.00507475,0.00507475,0.00507475
4977,7534.51,0.24261,0.20863,0.79645,0.95095,0.95329,0.98499,0.96813,0.1346,0.13439,0.749,0.00507376,0.00507376,0.00507376
4978,7536.01,0.25123,0.21335,0.80004,0.95213,0.9537,0.98554,0.96827,0.1344,0.1343,0.74898,0.00507277,0.00507277,0.00507277
4979,7537.5,0.26237,0.21755,0.80306,0.94863,0.95342,0.98451,0.969,0.13429,0.13412,0.749,0.00507178,0.00507178,0.00507178
4980,7538.98,0.25305,0.21409,0.79759,0.94715,0.95194,0.98208,0.96515,0.13388,0.13372,0.74899,0.00507079,0.00507079,0.00507079
4981,7540.54,0.25379,0.21863,0.79811,0.94863,0.95318,0.98422,0.96857,0.13358,0.13363,0.74899,0.0050698,0.0050698,0.0050698
4982,7542.06,0.23915,0.21066,0.79227,0.94698,0.95096,0.98243,0.96609,0.13348,0.13334,0.749,0.00506881,0.00506881,0.00506881
4983,7543.58,0.24975,0.21323,0.79818,0.94969,0.95348,0.98371,0.96812,0.13337,0.13347,0.74899,0.00506782,0.00506782,0.00506782
4984,7545.23,0.2341,0.209,0.7897,0.95011,0.9517,0.98417,0.96807,0.13275,0.13323,0.74895,0.00506683,0.00506683,0.00506683
4985,7546.72,0.25146,0.22351,0.79612,0.94709,0.95183,0.9843,0.96835,0.13262,0.13328,0.74893,0.00506584,0.00506584,0.00506584
4986,7548.27,0.23696,0.21367,0.79535,0.94793,0.95275,0.98541,0.96789,0.13232,0.13326,0.74893,0.00506485,0.00506485,0.00506485
4987,7549.77,0.24351,0.22455,0.79206,0.94979,0.95304,0.98512,0.97053,0.13179,0.13314,0.7489,0.00506386,0.00506386,0.00506386
4988,7551.27,0.2444,0.22366,0.79328,0.94787,0.9493,0.98273,0.9651,0.13174,0.13291,0.7489,0.00506287,0.00506287,0.00506287
4989,7552.78,0.2471,0.21459,0.80556,0.95004,0.95285,0.98482,0.96869,0.13161,0.13319,0.74889,0.00506188,0.00506188,0.00506188
4990,7554.27,0.24567,0.21677,0.79715,0.94604,0.95544,0.98486,0.96751,0.13144,0.13291,0.74891,0.00506089,0.00506089,0.00506089
4991,7555.77,0.26702,0.22447,0.804,0.94854,0.95494,0.98445,0.96692,0.13145,0.13307,0.74893,0.0050599,0.0050599,0.0050599
4992,7557.31,0.26058,0.22233,0.79096,0.9394,0.94995,0.98461,0.96808,0.13128,0.13297,0.74892,0.00505891,0.00505891,0.00505891
4993,7558.87,0.24967,0.21735,0.79864,0.93305,0.94965,0.98319,0.96502,0.1314,0.13333,0.7489,0.00505792,0.00505792,0.00505792
4994,7560.45,0.24712,0.21464,0.79451,0.94565,0.9559,0.98509,0.96985,0.13136,0.13328,0.7489,0.00505693,0.00505693,0.00505693
4995,7561.91,0.23172,0.21262,0.78801,0.93697,0.95011,0.98324,0.96615,0.13141,0.13326,0.74891,0.00505594,0.00505594,0.00505594
4996,7563.4,0.23343,0.21234,0.79147,0.95066,0.95348,0.98438,0.96669,0.13164,0.13305,0.74891,0.00505495,0.00505495,0.00505495
4997,7564.9,0.22018,0.19911,0.78886,0.9335,0.94852,0.98174,0.96387,0.13162,0.13319,0.74892,0.00505396,0.00505396,0.00505396
4998,7566.36,0.24357,0.21777,0.79177,0.93352,0.94978,0.98284,0.96631,0.13175,0.13316,0.74891,0.00505297,0.00505297,0.00505297
4999,7567.87,0.26467,0.2209,0.80051,0.94558,0.95089,0.98375,0.96703,0.13175,0.13365,0.74887,0.00505198,0.00505198,0.00505198
5000,7569.36,0.23236,0.20813,0.79533,0.93803,0.95181,0.98465,0.97014,0.132,0.13381,0.74887,0.00505099,0.00505099,0.00505099
5001,7570.88,0.2378,0.21288,0.78933,0.9496,0.95446,0.98459,0.96959,0.13203,0.13383,0.74885,0.00505,0.00505,0.00505
5002,7572.38,0.25324,0.21366,0.80274,0.93511,0.95029,0.98381,0.96664,0.13234,0.13396,0.74885,0.00504901,0.00504901,0.00504901
5003,7573.89,0.22923,0.20809,0.79706,0.93399,0.95072,0.98282,0.96714,0.13264,0.13431,0.74879,0.00504802,0.00504802,0.00504802
5004,7575.41,0.23376,0.2125,0.7959,0.94672,0.95488,0.9826,0.96596,0.13248,0.13421,0.74881,0.00504703,0.00504703,0.00504703
5005,7576.93,0.25296,0.21783,0.79605,0.93766,0.95194,0.98339,0.96901,0.13283,0.13474,0.74882,0.00504604,0.00504604,0.00504604
5006,7578.43,0.24721,0.20968,0.79917,0.94252,0.95774,0.98359,0.96789,0.133,0.13465,0.74885,0.00504505,0.00504505,0.00504505
5007,7579.91,0.23827,0.20703,0.78902,0.94231,0.95795,0.98407,0.96664,0.13298,0.13457,0.74887,0.00504406,0.00504406,0.00504406
5008,7581.4,0.23045,0.21098,0.78709,0.94385,0.95985,0.98487,0.96842,0.13319,0.13472,0.7489,0.00504307,0.00504307,0.00504307
5009,7582.85,0.22986,0.21235,0.78916,0.94577,0.95956,0.98491,0.96871,0.13338,0.13487,0.74888,0.00504208,0.00504208,0.00504208
5010,7584.35,0.24874,0.2189,0.80004,0.94268,0.95895,0.98407,0.9673,0.13347,0.135,0.74892,0.00504109,0.00504109,0.00504109
5011,7585.88,0.25429,0.2162,0.80185,0.93603,0.95158,0.98282,0.96591,0.13428,0.13551,0.74893,0.0050401,0.0050401,0.0050401
5012,7587.38,0.23525,0.21403,0.78651,0.93993,0.95419,0.98491,0.96938,0.13457,0.13579,0.74893,0.00503911,0.00503911,0.00503911
5013,7588.93,0.23436,0.20861,0.78653,0.93821,0.95123,0.98315,0.96613,0.13483,0.13552,0.74897,0.00503812,0.00503812,0.00503812
5014,7590.57,0.23344,0.20616,0.79134,0.9318,0.96157,0.98445,0.96799,0.1349,0.13579,0.74898,0.00503713,0.00503713,0.00503713
5015,7592.09,0.25178,0.22272,0.79562,0.93822,0.95282,0.98463,0.96661,0.13513,0.13574,0.74897,0.00503614,0.00503614,0.00503614
5016,7593.61,0.22443,0.20933,0.7874,0.93781,0.95243,0.98321,0.96653,0.13536,0.13586,0.74897,0.00503515,0.00503515,0.00503515
5017,7595.13,0.27082,0.22791,0.79587,0.93271,0.96145,0.98497,0.96707,0.13525,0.13555,0.74899,0.00503416,0.00503416,0.00503416
5018,7596.58,0.25597,0.22064,0.79338,0.93185,0.95964,0.98333,0.967,0.1353,0.1355,0.74896,0.00503317,0.00503317,0.00503317
5019,7598.07,0.25601,0.22887,0.79819,0.93864,0.95193,0.98416,0.96582,0.13522,0.13544,0.74899,0.00503218,0.00503218,0.00503218
5020,7599.53,0.24347,0.21806,0.7909,0.93857,0.95146,0.98447,0.96528,0.13478,0.1351,0.74899,0.00503119,0.00503119,0.00503119
5021,7601.11,0.22791,0.20836,0.78605,0.93888,0.95919,0.98466,0.96784,0.13485,0.13497,0.74898,0.0050302,0.0050302,0.0050302
5022,7602.6,0.23444,0.21,0.79344,0.94302,0.95927,0.9846,0.96759,0.1344,0.13466,0.749,0.00502921,0.00502921,0.00502921
5023,7604.16,0.24796,0.21874,0.79816,0.94235,0.9603,0.98384,0.96593,0.13429,0.1345,0.749,0.00502822,0.00502822,0.00502822
5024,7605.77,0.25365,0.22547,0.78428,0.94388,0.95853,0.98245,0.96372,0.13418,0.13431,0.74902,0.00502723,0.00502723,0.00502723
5025,7607.27,0.24531,0.21888,0.79422,0.94534,0.95905,0.98433,0.96543,0.1342,0.13454,0.749,0.00502624,0.00502624,0.00502624
5026,7608.77,0.23716,0.20882,0.79708,0.94839,0.95957,0.98427,0.96779,0.13405,0.13443,0.74901,0.00502525,0.00502525,0.00502525
5027,7610.29,0.25555,0.2242,0.79523,0.94692,0.95264,0.98406,0.96613,0.13374,0.13421,0.74899,0.00502426,0.00502426,0.00502426
5028,7611.75,0.23213,0.20269,0.79415,0.9384,0.95063,0.98267,0.96392,0.13391,0.13443,0.749,0.00502327,0.00502327,0.00502327
5029,7613.24,0.23537,0.21124,0.79505,0.93909,0.95081,0.98493,0.96944,0.13397,0.13451,0.74894,0.00502228,0.00502228,0.00502228
5030,7614.69,0.24929,0.21975,0.79009,0.94015,0.95019,0.98308,0.96712,0.13415,0.1347,0.74897,0.00502129,0.00502129,0.00502129
5031,7616.15,0.24751,0.21622,0.80374,0.93994,0.95486,0.98551,0.96958,0.13435,0.13449,0.74897,0.0050203,0.0050203,0.0050203
5032,7617.65,0.26128,0.2175,0.79924,0.93779,0.95203,0.98354,0.96632,0.13464,0.13492,0.74899,0.00501931,0.00501931,0.00501931
5033,7619.21,0.23726,0.21672,0.79591,0.95127,0.95697,0.98332,0.96489,0.13477,0.13494,0.74902,0.00501832,0.00501832,0.00501832
5034,7620.77,0.25138,0.22303,0.79137,0.94779,0.9558,0.98391,0.96547,0.13488,0.13483,0.74903,0.00501733,0.00501733,0.00501733
5035,7622.23,0.23498,0.21811,0.79629,0.94657,0.95658,0.98429,0.96887,0.13521,0.13482,0.74903,0.00501634,0.00501634,0.00501634
5036,7623.68,0.26516,0.2273,0.80271,0.94745,0.9573,0.98431,0.96748,0.13539,0.13491,0.74902,0.00501535,0.00501535,0.00501535
5037,7625.16,0.25649,0.21799,0.79786,0.94734,0.95665,0.9838,0.96505,0.1356,0.13515,0.74902,0.00501436,0.00501436,0.00501436
5038,7626.64,0.25895,0.22674,0.79221,0.94851,0.95965,0.98431,0.96571,0.13553,0.13536,0.74902,0.00501337,0.00501337,0.00501337
5039,7628.14,0.23943,0.21057,0.79228,0.9469,0.95565,0.98374,0.96626,0.13549,0.13532,0.74897,0.00501238,0.00501238,0.00501238
5040,7629.67,0.23565,0.21424,0.78978,0.94484,0.95508,0.98322,0.96279,0.13574,0.13532,0.74897,0.00501139,0.00501139,0.00501139
5041,7631.18,0.24124,0.21211,0.78899,0.9461,0.95684,0.98338,0.96553,0.13563,0.13497,0.74897,0.0050104,0.0050104,0.0050104
5042,7632.66,0.22945,0.21346,0.7959,0.94926,0.95699,0.98363,0.96632,0.13553,0.13488,0.74898,0.00500941,0.00500941,0.00500941
5043,7634.15,0.24424,0.21296,0.80108,0.94709,0.95695,0.98405,0.96562,0.13562,0.13479,0.749,0.00500842,0.00500842,0.00500842
5044,7635.77,0.24764,0.21717,0.79452,0.94553,0.95824,0.98425,0.96633,0.13574,0.1346,0.74903,0.00500743,0.00500743,0.00500743
5045,7637.23,0.24157,0.21863,0.79734,0.93477,0.95379,0.98391,0.96449,0.13549,0.1346,0.74904,0.00500644,0.00500644,0.00500644
5046,7638.71,0.24301,0.2209,0.79489,0.93299,0.95244,0.98347,0.96601,0.1355,0.13474,0.749,0.00500545,0.00500545,0.00500545
5047,7640.23,0.22293,0.20842,0.78215,0.93579,0.95398,0.98452,0.96547,0.13552,0.1349,0.74901,0.00500446,0.00500446,0.00500446
5048,7641.72,0.24016,0.21662,0.79862,0.93178,0.95449,0.98282,0.96542,0.13543,0.13476,0.74899,0.00500347,0.00500347,0.00500347
5049,7643.16,0.23931,0.21702,0.79822,0.9328,0.95341,0.98377,0.96715,0.13555,0.1349,0.74899,0.00500248,0.00500248,0.00500248
5050,7644.67,0.24924,0.22047,0.79265,0.93136,0.952,0.98169,0.96456,0.13545,0.13455,0.74898,0.00500149,0.00500149,0.00500149
5051,7646.21,0.23536,0.21683,0.79027,0.935,0.95501,0.98391,0.96878,0.13525,0.13452,0.74898,0.0050005,0.0050005,0.0050005
5052,7647.68,0.2453,0.21832,0.79814,0.93235,0.95263,0.98201,0.96383,0.13535,0.13442,0.74898,0.00499951,0.00499951,0.00499951
5053,7649.26,0.23492,0.21116,0.79587,0.93133,0.95236,0.9823,0.96592,0.13539,0.13445,0.74898,0.00499852,0.00499852,0.00499852
5054,7650.74,0.25465,0.22557,0.7956,0.9423,0.95737,0.98321,0.96746,0.13547,0.13442,0.749,0.00499753,0.00499753,0.00499753
5055,7652.23,0.23674,0.207,0.79326,0.92532,0.95038,0.98146,0.96471,0.13538,0.13433,0.74899,0.00499654,0.00499654,0.00499654
5056,7653.75,0.2517,0.22156,0.7947,0.9294,0.9525,0.98211,0.96481,0.13517,0.13446,0.74895,0.00499555,0.00499555,0.00499555
5057,7655.25,0.24365,0.21873,0.79097,0.93174,0.95225,0.98212,0.96622,0.13497,0.13462,0.74894,0.00499456,0.00499456,0.00499456
5058,7656.78,0.24584,0.22039,0.79417,0.93078,0.9543,0.98342,0.96766,0.13476,0.13422,0.74896,0.00499357,0.00499357,0.00499357
5059,7658.22,0.23665,0.21193,0.79012,0.92946,0.95325,0.98188,0.9651,0.13457,0.13417,0.74892,0.00499258,0.00499258,0.00499258
5060,7659.73,0.24781,0.21361,0.79987,0.927,0.95312,0.98224,0.96382,0.13447,0.13405,0.74893,0.00499159,0.00499159,0.00499159
5061,7661.17,0.25886,0.22446,0.80232,0.93207,0.95729,0.98186,0.96451,0.13444,0.13441,0.74888,0.0049906,0.0049906,0.0049906
5062,7662.69,0.24372,0.22269,0.79459,0.93559,0.95677,0.98211,0.96436,0.13399,0.13424,0.74888,0.00498961,0.00498961,0.00498961
5063,7664.22,0.23778,0.2131,0.79175,0.93494,0.95687,0.98285,0.96444,0.13385,0.13398,0.74886,0.00498862,0.00498862,0.00498862
5064,7665.78,0.22954,0.21301,0.78856,0.93757,0.9569,0.98341,0.96668,0.13369,0.13411,0.74883,0.00498763,0.00498763,0.00498763
5065,7667.23,0.24281,0.21597,0.79499,0.93761,0.95751,0.98388,0.9684,0.13368,0.13408,0.74883,0.00498664,0.00498664,0.00498664
5066,7668.74,0.23112,0.20572,0.78918,0.93643,0.95432,0.98238,0.96603,0.13355,0.13388,0.74883,0.00498565,0.00498565,0.00498565
5067,7670.2,0.2256,0.20502,0.78592,0.9345,0.95446,0.98202,0.96537,0.13338,0.13407,0.74879,0.00498466,0.00498466,0.00498466
5068,7671.76,0.2344,0.20453,0.79485,0.93643,0.95872,0.984,0.96747,0.13322,0.13374,0.74877,0.00498367,0.00498367,0.00498367
5069,7673.24,0.23761,0.20671,0.7951,0.93475,0.95504,0.98206,0.96451,0.13302,0.13364,0.74879,0.00498268,0.00498268,0.00498268
5070,7674.69,0.24487,0.21748,0.79612,0.93187,0.95537,0.98222,0.96614,0.13299,0.13352,0.7488,0.00498169,0.00498169,0.00498169
5071,7676.17,0.24502,0.22042,0.79357,0.93213,0.95521,0.98176,0.96643,0.13308,0.13351,0.74872,0.0049807,0.0049807,0.0049807
5072,7677.62,0.22267,0.2065,0.78785,0.92942,0.95474,0.98175,0.96566,0.13276,0.13327,0.74871,0.00497971,0.00497971,0.00497971
5073,7679.19,0.23686,0.21718,0.79648,0.92947,0.9555,0.98374,0.96804,0.13283,0.1333,0.7487,0.00497872,0.00497872,0.00497872
5074,7680.82,0.23222,0.21439,0.78785,0.94597,0.95406,0.98309,0.96696,0.13292,0.13281,0.74864,0.00497773,0.00497773,0.00497773
5075,7682.33,0.23377,0.21949,0.79534,0.94037,0.9534,0.98128,0.96435,0.13289,0.13276,0.74864,0.00497674,0.00497674,0.00497674
5076,7683.77,0.23343,0.21239,0.79923,0.94331,0.95265,0.98185,0.96539,0.13297,0.13289,0.74861,0.00497575,0.00497575,0.00497575
5077,7685.26,0.2321,0.20643,0.79678,0.94295,0.95492,0.98158,0.96751,0.13308,0.13252,0.74859,0.00497476,0.00497476,0.00497476
5078,7686.72,0.23515,0.21255,0.79365,0.94056,0.95196,0.98042,0.96385,0.13321,0.13289,0.74858,0.00497377,0.00497377,0.00497377
5079,7688.21,0.25364,0.2195,0.79447,0.94214,0.9519,0.98098,0.96379,0.13321,0.13276,0.74855,0.00497278,0.00497278,0.00497278
5080,7689.69,0.24339,0.21025,0.80165,0.945,0.95163,0.98082,0.96378,0.13326,0.13324,0.74857,0.00497179,0.00497179,0.00497179
5081,7691.16,0.23993,0.22105,0.78867,0.94149,0.95513,0.98226,0.96653,0.13352,0.13327,0.74859,0.0049708,0.0049708,0.0049708
5082,7692.64,0.26202,0.21869,0.79857,0.93897,0.95592,0.98214,0.96481,0.13359,0.13365,0.74858,0.00496981,0.00496981,0.00496981
5083,7694.22,0.2382,0.21352,0.79392,0.93743,0.95615,0.98241,0.96513,0.13356,0.13365,0.74859,0.00496882,0.00496882,0.00496882
5084,7695.74,0.25545,0.21165,0.79541,0.93792,0.95563,0.98203,0.9668,0.13352,0.1336,0.74859,0.00496783,0.00496783,0.00496783
5085,7697.22,0.22665,0.20976,0.7926,0.93493,0.95579,0.98068,0.96482,0.13367,0.13364,0.7486,0.00496684,0.00496684,0.00496684
5086,7698.7,0.24264,0.21076,0.7956,0.93671,0.95768,0.9816,0.96748,0.13387,0.13374,0.74863,0.00496585,0.00496585,0.00496585
5087,7700.15,0.24437,0.20856,0.79583,0.9367,0.95754,0.98199,0.96632,0.13397,0.13373,0.74864,0.00496486,0.00496486,0.00496486
5088,7701.67,0.25185,0.22226,0.79783,0.93683,0.95387,0.97971,0.96552,0.13403,0.13382,0.74863,0.00496387,0.00496387,0.00496387
5089,7703.15,0.2267,0.20383,0.79467,0.93714,0.95579,0.97989,0.96329,0.13408,0.13389,0.74868,0.00496288,0.00496288,0.00496288
5090,7704.64,0.25364,0.22094,0.7921,0.93901,0.95821,0.98229,0.96652,0.13414,0.13377,0.74872,0.00496189,0.00496189,0.00496189
5091,7706.09,0.24377,0.2139,0.7882,0.93711,0.95801,0.98247,0.96675,0.13432,0.13376,0.74875,0.0049609,0.0049609,0.0049609
5092,7707.66,0.23296,0.21076,0.7912,0.93488,0.9569,0.98257,0.96639,0.13453,0.13452,0.74878,0.00495991,0.00495991,0.00495991
5093,7709.17,0.23648,0.20685,0.78809,0.93432,0.95658,0.9816,0.96433,0.13473,0.13446,0.74882,0.00495892,0.00495892,0.00495892
5094,7710.76,0.24981,0.21603,0.7982,0.93705,0.95784,0.98245,0.965,0.13474,0.13447,0.74884,0.00495793,0.00495793,0.00495793
5095,7712.29,0.2374,0.21339,0.79807,0.9401,0.95196,0.98103,0.96654,0.13479,0.13446,0.74884,0.00495694,0.00495694,0.00495694
5096,7713.76,0.24429,0.20873,0.79715,0.93815,0.95411,0.98161,0.96634,0.1348,0.13446,0.74888,0.00495595,0.00495595,0.00495595
5097,7715.23,0.23819,0.21144,0.79364,0.93697,0.95283,0.98138,0.9657,0.13481,0.1345,0.74885,0.00495496,0.00495496,0.00495496
5098,7716.76,0.23802,0.21084,0.79383,0.93572,0.95265,0.98125,0.9661,0.13481,0.13458,0.74885,0.00495397,0.00495397,0.00495397
5099,7718.26,0.23337,0.20564,0.79764,0.93629,0.95337,0.98081,0.96524,0.13465,0.13444,0.74886,0.00495298,0.00495298,0.00495298
5100,7719.79,0.22417,0.20303,0.78902,0.93903,0.95505,0.9811,0.9646,0.13468,0.13469,0.74885,0.00495199,0.00495199,0.00495199
5101,7721.24,0.23662,0.21242,0.79443,0.9376,0.95781,0.98253,0.96695,0.13467,0.13466,0.74882,0.004951,0.004951,0.004951
5102,7722.74,0.23315,0.20795,0.79508,0.93937,0.95764,0.98276,0.9672,0.13469,0.13473,0.74886,0.00495001,0.00495001,0.00495001
5103,7724.3,0.23546,0.2061,0.8001,0.94182,0.95731,0.98334,0.96789,0.13463,0.13478,0.74883,0.00494902,0.00494902,0.00494902
5104,7726,0.24596,0.21237,0.7962,0.94568,0.95773,0.98273,0.96709,0.13428,0.13474,0.7489,0.00494803,0.00494803,0.00494803
5105,7727.52,0.22946,0.20804,0.7956,0.947,0.95663,0.98331,0.96595,0.13446,0.13487,0.7489,0.00494704,0.00494704,0.00494704
5106,7728.97,0.2324,0.20701,0.79109,0.95155,0.95838,0.98447,0.96674,0.13455,0.13491,0.74892,0.00494605,0.00494605,0.00494605
5107,7730.49,0.23399,0.21061,0.78946,0.94989,0.95781,0.98376,0.96724,0.1344,0.13485,0.74896,0.00494506,0.00494506,0.00494506
5108,7732.01,0.2452,0.213,0.79208,0.94986,0.95699,0.98298,0.96629,0.13437,0.13485,0.74897,0.00494407,0.00494407,0.00494407
5109,7733.46,0.24004,0.20447,0.79017,0.95191,0.9583,0.98456,0.96788,0.13426,0.13464,0.74896,0.00494308,0.00494308,0.00494308
5110,7734.96,0.2585,0.21656,0.79627,0.95023,0.95738,0.98429,0.96758,0.1341,0.1345,0.74901,0.00494209,0.00494209,0.00494209
5111,7736.46,0.25275,0.21458,0.79608,0.95002,0.95608,0.98371,0.96749,0.13428,0.13472,0.74904,0.0049411,0.0049411,0.0049411
5112,7737.98,0.25912,0.22294,0.79663,0.95072,0.95839,0.98464,0.96896,0.1342,0.13436,0.74905,0.00494011,0.00494011,0.00494011
5113,7739.57,0.24684,0.21648,0.79714,0.94708,0.95779,0.98315,0.96578,0.13449,0.1347,0.74908,0.00493912,0.00493912,0.00493912
5114,7741.11,0.25229,0.2179,0.78969,0.94615,0.95515,0.98282,0.96522,0.13473,0.13504,0.74911,0.00493813,0.00493813,0.00493813
5115,7742.64,0.24077,0.20901,0.79843,0.94764,0.95664,0.98302,0.96725,0.13465,0.13521,0.74909,0.00493714,0.00493714,0.00493714
5116,7744.19,0.24051,0.21634,0.79956,0.94596,0.95688,0.98281,0.96694,0.13473,0.13462,0.74913,0.00493615,0.00493615,0.00493615
5117,7745.69,0.22763,0.20687,0.78713,0.9463,0.95625,0.98206,0.96567,0.1348,0.13483,0.74914,0.00493516,0.00493516,0.00493516
5118,7747.14,0.24145,0.21388,0.79945,0.94681,0.95895,0.98431,0.9679,0.13496,0.13474,0.74914,0.00493417,0.00493417,0.00493417
5119,7748.67,0.24435,0.21405,0.79923,0.94757,0.95767,0.98353,0.9654,0.13505,0.13456,0.74914,0.00493318,0.00493318,0.00493318
5120,7750.11,0.2414,0.21335,0.79902,0.94782,0.96066,0.98458,0.96766,0.13518,0.13449,0.74911,0.00493219,0.00493219,0.00493219
5121,7751.56,0.22806,0.20526,0.79224,0.94351,0.95686,0.98212,0.96601,0.13497,0.13437,0.74909,0.0049312,0.0049312,0.0049312
5122,7753.05,0.24665,0.21185,0.78964,0.94596,0.95956,0.98362,0.96561,0.13473,0.13395,0.74912,0.00493021,0.00493021,0.00493021
5123,7754.54,0.23715,0.21222,0.79454,0.94519,0.95863,0.98374,0.96582,0.13477,0.13405,0.74911,0.00492922,0.00492922,0.00492922
5124,7756.14,0.23511,0.21,0.79384,0.94488,0.95744,0.98349,0.9673,0.13462,0.13386,0.74912,0.00492823,0.00492823,0.00492823
5125,7757.7,0.24923,0.22013,0.7954,0.9431,0.9576,0.98121,0.96495,0.13471,0.13389,0.74913,0.00492724,0.00492724,0.00492724
5126,7759.2,0.2265,0.20179,0.78694,0.94312,0.95763,0.98247,0.96493,0.1347,0.13374,0.74913,0.00492625,0.00492625,0.00492625
5127,7760.64,0.2478,0.21732,0.79721,0.93976,0.95782,0.98225,0.96491,0.13463,0.13401,0.74911,0.00492526,0.00492526,0.00492526
5128,7762.11,0.23046,0.20551,0.79264,0.93904,0.95569,0.98138,0.96543,0.13443,0.13371,0.7491,0.00492427,0.00492427,0.00492427
5129,7763.62,0.24698,0.217,0.795,0.94075,0.95589,0.98116,0.96442,0.13438,0.1339,0.74911,0.00492328,0.00492328,0.00492328
5130,7765.07,0.23863,0.21191,0.79215,0.94184,0.95717,0.98157,0.9647,0.13444,0.13378,0.7491,0.00492229,0.00492229,0.00492229
5131,7766.57,0.23896,0.21247,0.79894,0.93829,0.95458,0.98039,0.9626,0.13413,0.13375,0.7491,0.0049213,0.0049213,0.0049213
5132,7768.03,0.23936,0.21797,0.78864,0.93598,0.95776,0.98138,0.96388,0.13417,0.13362,0.74911,0.00492031,0.00492031,0.00492031
5133,7769.61,0.24362,0.22051,0.78788,0.9376,0.9565,0.98112,0.96411,0.13384,0.13363,0.74908,0.00491932,0.00491932,0.00491932
5134,7771.15,0.23306,0.21367,0.79551,0.93823,0.95853,0.98253,0.96485,0.13389,0.13395,0.74906,0.00491833,0.00491833,0.00491833
5135,7772.66,0.26338,0.22565,0.79071,0.93767,0.95677,0.98236,0.96558,0.13385,0.13399,0.74905,0.00491734,0.00491734,0.00491734
5136,7774.17,0.26014,0.22009,0.79548,0.93825,0.95783,0.98307,0.96661,0.13375,0.13391,0.74903,0.00491635,0.00491635,0.00491635
5137,7775.65,0.24501,0.21801,0.79488,0.93695,0.95428,0.98094,0.96355,0.1337,0.13362,0.74905,0.00491536,0.00491536,0.00491536
5138,7777.13,0.24977,0.21454,0.79726,0.93886,0.95508,0.98091,0.96395,0.13397,0.13403,0.74902,0.00491437,0.00491437,0.00491437
5139,7778.6,0.24675,0.22273,0.79237,0.93274,0.95348,0.98077,0.9641,0.1337,0.13371,0.74903,0.00491338,0.00491338,0.00491338
5140,7780.11,0.23996,0.21878,0.78715,0.93869,0.95489,0.9815,0.96529,0.1336,0.13387,0.74902,0.00491239,0.00491239,0.00491239
5141,7781.54,0.24608,0.21529,0.79324,0.93947,0.95491,0.98135,0.96521,0.13356,0.13394,0.74902,0.0049114,0.0049114,0.0049114
5142,7783.03,0.2714,0.22425,0.81172,0.93789,0.95611,0.98267,0.96672,0.13353,0.13379,0.74903,0.00491041,0.00491041,0.00491041
5143,7784.6,0.24578,0.21868,0.80016,0.94127,0.95529,0.98142,0.96403,0.13326,0.13393,0.74903,0.00490942,0.00490942,0.00490942
5144,7786.16,0.24652,0.224,0.79645,0.93804,0.95635,0.98165,0.96417,0.13342,0.13392,0.74902,0.00490843,0.00490843,0.00490843
5145,7787.68,0.24552,0.22235,0.7992,0.93915,0.95874,0.98336,0.96557,0.13331,0.13382,0.74901,0.00490744,0.00490744,0.00490744
5146,7789.16,0.23325,0.21219,0.79037,0.9393,0.9558,0.98231,0.96462,0.13331,0.1339,0.74898,0.00490645,0.00490645,0.00490645
5147,7790.65,0.25655,0.22241,0.7972,0.93882,0.95297,0.9813,0.96471,0.13348,0.13389,0.74898,0.00490546,0.00490546,0.00490546
5148,7792.11,0.24079,0.22208,0.79482,0.93935,0.9573,0.98261,0.96707,0.1334,0.13362,0.749,0.00490447,0.00490447,0.00490447
5149,7793.64,0.25123,0.21987,0.80106,0.94044,0.95335,0.98224,0.96539,0.13342,0.13359,0.749,0.00490348,0.00490348,0.00490348
5150,7795.14,0.22423,0.20818,0.79042,0.93977,0.9553,0.98383,0.96822,0.13352,0.13349,0.74902,0.00490249,0.00490249,0.00490249
5151,7796.63,0.24553,0.22237,0.79199,0.93545,0.95457,0.98185,0.96627,0.13318,0.13326,0.749,0.0049015,0.0049015,0.0049015
5152,7798.13,0.24346,0.21932,0.79138,0.93746,0.95631,0.98322,0.96715,0.13313,0.1331,0.74904,0.00490051,0.00490051,0.00490051
5153,7799.68,0.23046,0.20943,0.78805,0.94066,0.95479,0.98245,0.96699,0.13325,0.13334,0.74904,0.00489952,0.00489952,0.00489952
5154,7801.3,0.26101,0.22204,0.8015,0.93794,0.96165,0.98406,0.96824,0.13319,0.13319,0.74908,0.00489853,0.00489853,0.00489853
5155,7802.81,0.23558,0.21058,0.79199,0.93581,0.95703,0.98275,0.96641,0.13313,0.13298,0.74911,0.00489754,0.00489754,0.00489754
5156,7804.28,0.23037,0.204,0.78984,0.93639,0.95541,0.98184,0.96606,0.13309,0.13284,0.74908,0.00489655,0.00489655,0.00489655
5157,7805.73,0.24089,0.21201,0.78953,0.93658,0.95761,0.98263,0.96755,0.13304,0.13274,0.74908,0.00489556,0.00489556,0.00489556
5158,7807.18,0.22904,0.2083,0.78929,0.93711,0.95765,0.98322,0.96709,0.13301,0.1327,0.74907,0.00489457,0.00489457,0.00489457
5159,7808.65,0.22629,0.20502,0.78477,0.9362,0.95777,0.98266,0.96602,0.13295,0.13266,0.74904,0.00489358,0.00489358,0.00489358
5160,7810.1,0.23738,0.20192,0.79626,0.93863,0.95676,0.98341,0.96726,0.13294,0.13244,0.74909,0.00489259,0.00489259,0.00489259
5161,7811.6,0.24003,0.21178,0.79021,0.93435,0.95567,0.98256,0.96711,0.13287,0.13245,0.74913,0.0048916,0.0048916,0.0048916
5162,7813.03,0.24347,0.21013,0.79557,0.94164,0.95745,0.98295,0.96621,0.13288,0.13247,0.74908,0.00489061,0.00489061,0.00489061
5163,7814.57,0.24721,0.21512,0.79293,0.94178,0.95659,0.98212,0.96656,0.13287,0.13239,0.74914,0.00488962,0.00488962,0.00488962
5164,7816.17,0.2519,0.22157,0.79214,0.94157,0.95725,0.98333,0.96823,0.13299,0.13255,0.74911,0.00488863,0.00488863,0.00488863
5165,7817.71,0.23855,0.21458,0.79449,0.94161,0.95779,0.98266,0.96564,0.13288,0.13237,0.74908,0.00488764,0.00488764,0.00488764
5166,7819.18,0.23342,0.21182,0.7871,0.94037,0.95817,0.98258,0.96658,0.13295,0.13233,0.74909,0.00488665,0.00488665,0.00488665
5167,7820.67,0.24144,0.21793,0.79433,0.94003,0.96202,0.98427,0.96843,0.13303,0.13208,0.74907,0.00488566,0.00488566,0.00488566
5168,7822.14,0.25045,0.21838,0.78974,0.93562,0.95319,0.98179,0.96608,0.1331,0.13208,0.74908,0.00488467,0.00488467,0.00488467
5169,7823.6,0.24094,0.21907,0.78899,0.93598,0.95755,0.98278,0.96626,0.13302,0.13192,0.74912,0.00488368,0.00488368,0.00488368
5170,7825.13,0.22681,0.20847,0.79327,0.93681,0.96035,0.98301,0.96652,0.13286,0.13189,0.74911,0.00488269,0.00488269,0.00488269
5171,7826.63,0.24128,0.21374,0.79003,0.9334,0.96092,0.98222,0.96648,0.13292,0.13177,0.74914,0.0048817,0.0048817,0.0048817
5172,7828.1,0.23304,0.20953,0.79129,0.9354,0.96152,0.98474,0.96787,0.13294,0.13211,0.74916,0.00488071,0.00488071,0.00488071
5173,7829.66,0.26256,0.22639,0.79108,0.93453,0.95984,0.98297,0.96744,0.13294,0.13214,0.74922,0.00487972,0.00487972,0.00487972
5174,7831.22,0.22364,0.20856,0.79336,0.93505,0.96087,0.98339,0.96842,0.13289,0.13209,0.74922,0.00487873,0.00487873,0.00487873
5175,7832.77,0.25933,0.22647,0.80068,0.93428,0.96099,0.98243,0.96544,0.13313,0.13217,0.74923,0.00487774,0.00487774,0.00487774
5176,7834.25,0.22944,0.21604,0.7901,0.93553,0.9594,0.98289,0.96671,0.13305,0.13237,0.74919,0.00487675,0.00487675,0.00487675
5177,7835.75,0.239,0.22142,0.78689,0.93942,0.95611,0.98357,0.96783,0.13294,0.132,0.7492,0.00487576,0.00487576,0.00487576
5178,7837.19,0.25588,0.21614,0.80344,0.93779,0.96029,0.98413,0.96741,0.13314,0.1324,0.74918,0.00487477,0.00487477,0.00487477
5179,7838.68,0.24264,0.21413,0.79525,0.93863,0.95649,0.98378,0.96672,0.13273,0.13217,0.74914,0.00487378,0.00487378,0.00487378
5180,7840.12,0.24524,0.22179,0.79863,0.93727,0.95601,0.98268,0.9662,0.13255,0.13202,0.74912,0.00487279,0.00487279,0.00487279
5181,7841.59,0.23197,0.2053,0.79211,0.93971,0.95795,0.9834,0.96664,0.13261,0.13232,0.7491,0.0048718,0.0048718,0.0048718
5182,7843.12,0.22862,0.20342,0.79257,0.94008,0.95682,0.98333,0.9666,0.1324,0.1325,0.74906,0.00487081,0.00487081,0.00487081
5183,7844.58,0.24445,0.21865,0.79947,0.94253,0.96234,0.98528,0.96812,0.13232,0.13258,0.74903,0.00486982,0.00486982,0.00486982
5184,7846.17,0.2348,0.21159,0.80008,0.93908,0.96013,0.98507,0.96788,0.13236,0.13273,0.74901,0.00486883,0.00486883,0.00486883
5185,7847.72,0.24575,0.21757,0.78687,0.94464,0.96132,0.98487,0.96672,0.13238,0.13261,0.74899,0.00486784,0.00486784,0.00486784
5186,7849.2,0.25151,0.21896,0.79564,0.94143,0.95747,0.98408,0.96737,0.13233,0.13256,0.74897,0.00486685,0.00486685,0.00486685
5187,7850.68,0.24904,0.21811,0.7922,0.9422,0.96191,0.9849,0.96732,0.13226,0.13265,0.74898,0.00486586,0.00486586,0.00486586
5188,7852.19,0.23497,0.21111,0.79365,0.94054,0.9564,0.98229,0.96536,0.13229,0.13272,0.74899,0.00486487,0.00486487,0.00486487
5189,7853.67,0.2554,0.21715,0.79544,0.93999,0.96068,0.983,0.9671,0.13241,0.13258,0.74899,0.00486388,0.00486388,0.00486388
5190,7855.14,0.24062,0.21022,0.79496,0.94051,0.95467,0.98176,0.96426,0.13242,0.13274,0.74899,0.00486289,0.00486289,0.00486289
5191,7856.62,0.24229,0.21889,0.79169,0.93992,0.95656,0.98301,0.96607,0.13243,0.13271,0.74899,0.0048619,0.0048619,0.0048619
5192,7858.07,0.24487,0.20996,0.79874,0.94029,0.95433,0.98269,0.96445,0.13259,0.13276,0.74895,0.00486091,0.00486091,0.00486091
5193,7859.57,0.24503,0.20949,0.79541,0.93871,0.9575,0.9816,0.96338,0.13247,0.13272,0.74893,0.00485992,0.00485992,0.00485992
5194,7861.32,0.23259,0.20975,0.79094,0.93953,0.95726,0.98277,0.96573,0.13244,0.13238,0.74889,0.00485893,0.00485893,0.00485893
5195,7862.86,0.2549,0.22378,0.79945,0.93874,0.95609,0.98179,0.96452,0.13261,0.13256,0.74891,0.00485794,0.00485794,0.00485794
5196,7864.37,0.24005,0.21482,0.79571,0.93923,0.95771,0.98383,0.96775,0.13261,0.13273,0.74887,0.00485695,0.00485695,0.00485695
5197,7865.9,0.2251,0.20762,0.78724,0.93396,0.95423,0.98147,0.96355,0.13273,0.13259,0.74888,0.00485596,0.00485596,0.00485596
5198,7867.4,0.24898,0.21157,0.79872,0.93973,0.95682,0.98246,0.96536,0.13288,0.13252,0.7489,0.00485497,0.00485497,0.00485497
5199,7868.89,0.22615,0.20466,0.7903,0.93935,0.95607,0.98313,0.9656,0.13264,0.13222,0.74887,0.00485398,0.00485398,0.00485398
5200,7870.41,0.23745,0.21276,0.79669,0.93869,0.95623,0.98179,0.96408,0.13305,0.13249,0.74888,0.00485299,0.00485299,0.00485299
5201,7871.85,0.24125,0.21811,0.79415,0.94041,0.9566,0.98283,0.96597,0.13321,0.13253,0.74885,0.004852,0.004852,0.004852
5202,7873.33,0.25275,0.21278,0.79625,0.93966,0.95685,0.98183,0.96497,0.13292,0.13239,0.74881,0.00485101,0.00485101,0.00485101
5203,7874.96,0.23375,0.21275,0.79161,0.93941,0.95651,0.98235,0.96672,0.13285,0.13267,0.74878,0.00485002,0.00485002,0.00485002
5204,7876.51,0.21866,0.20514,0.78804,0.9401,0.95522,0.98176,0.96627,0.13295,0.1327,0.74876,0.00484903,0.00484903,0.00484903
5205,7878.01,0.24012,0.21912,0.79274,0.9423,0.95628,0.98247,0.96594,0.13294,0.13263,0.74878,0.00484804,0.00484804,0.00484804
5206,7879.46,0.24097,0.2166,0.79341,0.94085,0.95735,0.98326,0.96797,0.13292,0.13269,0.74879,0.00484705,0.00484705,0.00484705
5207,7880.94,0.23755,0.20883,0.79909,0.93972,0.95572,0.98219,0.9671,0.13306,0.13265,0.74877,0.00484606,0.00484606,0.00484606
5208,7882.4,0.23053,0.20633,0.78639,0.94042,0.95743,0.98232,0.96736,0.13284,0.13254,0.74877,0.00484507,0.00484507,0.00484507
5209,7883.88,0.21998,0.20413,0.79096,0.94302,0.95836,0.98247,0.9657,0.13275,0.13262,0.74875,0.00484408,0.00484408,0.00484408
5210,7885.36,0.24662,0.2197,0.79303,0.94461,0.95762,0.98236,0.96802,0.13284,0.13262,0.74878,0.00484309,0.00484309,0.00484309
5211,7886.88,0.25689,0.2272,0.79971,0.94116,0.95538,0.98178,0.96701,0.13284,0.13274,0.74876,0.0048421,0.0048421,0.0048421
5212,7888.41,0.24748,0.21653,0.80037,0.93473,0.95848,0.98257,0.96628,0.13288,0.13282,0.74875,0.00484111,0.00484111,0.00484111
5213,7889.97,0.23868,0.21118,0.79943,0.93385,0.95576,0.98182,0.96513,0.13296,0.13298,0.74875,0.00484012,0.00484012,0.00484012
5214,7891.52,0.23217,0.20336,0.79339,0.93571,0.95704,0.98348,0.96723,0.13274,0.13291,0.74874,0.00483913,0.00483913,0.00483913
5215,7893.07,0.22254,0.20393,0.79331,0.93342,0.95585,0.98077,0.96586,0.13252,0.13237,0.74877,0.00483814,0.00483814,0.00483814
5216,7894.55,0.23799,0.2109,0.79262,0.93746,0.95918,0.98354,0.96819,0.13265,0.13256,0.74878,0.00483715,0.00483715,0.00483715
5217,7896.04,0.21789,0.20096,0.78991,0.93517,0.95329,0.98312,0.96663,0.13246,0.13237,0.74878,0.00483616,0.00483616,0.00483616
5218,7897.58,0.23462,0.20903,0.79197,0.94035,0.95481,0.98235,0.96827,0.13233,0.13204,0.7488,0.00483517,0.00483517,0.00483517
5219,7899.09,0.25577,0.22791,0.78475,0.93671,0.95703,0.98375,0.967,0.13241,0.13198,0.74883,0.00483418,0.00483418,0.00483418
5220,7900.58,0.21904,0.20063,0.79208,0.93918,0.95253,0.9817,0.96737,0.13233,0.1321,0.7488,0.00483319,0.00483319,0.00483319
5221,7902.13,0.23619,0.21155,0.79487,0.94066,0.95766,0.98389,0.96979,0.1322,0.1323,0.74882,0.0048322,0.0048322,0.0048322
5222,7903.56,0.22833,0.20428,0.7986,0.93802,0.9567,0.98263,0.9658,0.13233,0.13221,0.74881,0.00483121,0.00483121,0.00483121
5223,7905.06,0.23106,0.20868,0.79006,0.9375,0.95429,0.98171,0.96774,0.13215,0.1322,0.7488,0.00483022,0.00483022,0.00483022
5224,7906.67,0.21831,0.19886,0.78983,0.94039,0.95338,0.98067,0.96603,0.13213,0.13212,0.7488,0.00482923,0.00482923,0.00482923
5225,7908.19,0.24631,0.2148,0.79989,0.94135,0.95449,0.98046,0.96651,0.13217,0.13197,0.7488,0.00482824,0.00482824,0.00482824
5226,7909.7,0.23704,0.21101,0.79335,0.94079,0.95753,0.98273,0.96813,0.13202,0.13178,0.74881,0.00482725,0.00482725,0.00482725
5227,7911.22,0.24529,0.21634,0.79861,0.9401,0.95398,0.98167,0.96749,0.13213,0.13199,0.74879,0.00482626,0.00482626,0.00482626
5228,7912.72,0.22851,0.20608,0.78795,0.94147,0.95274,0.98177,0.96513,0.13224,0.13221,0.74877,0.00482527,0.00482527,0.00482527
5229,7914.2,0.25389,0.21513,0.79444,0.93891,0.95898,0.98328,0.96644,0.13213,0.13223,0.74878,0.00482428,0.00482428,0.00482428
5230,7915.69,0.25427,0.21834,0.78983,0.94143,0.95413,0.98138,0.96613,0.13226,0.13215,0.74874,0.00482329,0.00482329,0.00482329
5231,7917.16,0.25114,0.2059,0.80684,0.94256,0.95673,0.98265,0.96602,0.13216,0.13209,0.74872,0.0048223,0.0048223,0.0048223
5232,7918.71,0.2403,0.21528,0.7941,0.94099,0.95304,0.98148,0.96423,0.13209,0.13199,0.74871,0.00482131,0.00482131,0.00482131
5233,7920.26,0.23014,0.21095,0.78602,0.94025,0.95541,0.98258,0.96552,0.13233,0.13206,0.74867,0.00482032,0.00482032,0.00482032
5234,7921.89,0.24483,0.21684,0.78972,0.94318,0.95625,0.98402,0.96922,0.13238,0.13228,0.74865,0.00481933,0.00481933,0.00481933
5235,7923.34,0.2406,0.21388,0.79335,0.94498,0.9581,0.98374,0.96842,0.13214,0.13225,0.74862,0.00481834,0.00481834,0.00481834
5236,7924.84,0.24032,0.21414,0.79137,0.94363,0.95649,0.98271,0.96569,0.13201,0.13222,0.7486,0.00481735,0.00481735,0.00481735
5237,7926.31,0.24652,0.20977,0.80036,0.94037,0.95885,0.98429,0.96996,0.13216,0.13247,0.74862,0.00481636,0.00481636,0.00481636
5238,7927.8,0.2382,0.21145,0.79435,0.94065,0.9568,0.98344,0.96625,0.13203,0.13218,0.74858,0.00481537,0.00481537,0.00481537
5239,7929.32,0.23964,0.2067,0.79605,0.94774,0.95908,0.9841,0.96696,0.13173,0.13216,0.74854,0.00481438,0.00481438,0.00481438
5240,7930.79,0.23383,0.20627,0.79031,0.94465,0.95754,0.98371,0.96818,0.13171,0.13208,0.7485,0.00481339,0.00481339,0.00481339
5241,7932.24,0.23268,0.20981,0.79312,0.948,0.95752,0.98329,0.96821,0.13157,0.13204,0.7485,0.0048124,0.0048124,0.0048124
5242,7933.72,0.24629,0.21935,0.79113,0.94436,0.9585,0.98479,0.96795,0.13161,0.13184,0.74848,0.00481141,0.00481141,0.00481141
5243,7935.29,0.21907,0.20405,0.7915,0.94734,0.95859,0.98449,0.9677,0.13163,0.13178,0.74846,0.00481042,0.00481042,0.00481042
5244,7936.86,0.2406,0.20973,0.79466,0.94606,0.95689,0.98398,0.9698,0.1315,0.13169,0.74847,0.00480943,0.00480943,0.00480943
5245,7938.35,0.22845,0.20127,0.78517,0.94433,0.95765,0.98429,0.96996,0.13117,0.13158,0.74844,0.00480844,0.00480844,0.00480844
5246,7939.81,0.24429,0.21116,0.7976,0.94609,0.95833,0.98517,0.96939,0.13117,0.13153,0.74842,0.00480745,0.00480745,0.00480745
5247,7941.3,0.2407,0.21744,0.79162,0.94469,0.95613,0.98472,0.96797,0.13122,0.13136,0.74845,0.00480646,0.00480646,0.00480646
5248,7942.82,0.24689,0.21111,0.79536,0.94415,0.95478,0.98365,0.96649,0.13107,0.13149,0.74847,0.00480547,0.00480547,0.00480547
5249,7944.26,0.23887,0.20788,0.79887,0.94811,0.95494,0.98425,0.96786,0.13107,0.13138,0.74845,0.00480448,0.00480448,0.00480448
5250,7945.71,0.24213,0.21225,0.80129,0.94866,0.95723,0.9849,0.9696,0.13107,0.13146,0.74845,0.00480349,0.00480349,0.00480349
5251,7947.24,0.24543,0.21558,0.79113,0.9482,0.95837,0.9852,0.96932,0.13088,0.13162,0.74847,0.0048025,0.0048025,0.0048025
5252,7948.71,0.24553,0.21773,0.79417,0.94526,0.9574,0.9854,0.96798,0.13093,0.13154,0.74849,0.00480151,0.00480151,0.00480151
5253,7950.23,0.24964,0.21762,0.80386,0.94546,0.95804,0.9843,0.96821,0.13094,0.13176,0.74848,0.00480052,0.00480052,0.00480052
5254,7951.85,0.24547,0.21766,0.78957,0.94437,0.958,0.98509,0.96917,0.13118,0.13192,0.74853,0.00479953,0.00479953,0.00479953
5255,7953.31,0.22601,0.20605,0.79033,0.94502,0.95924,0.98462,0.9692,0.13128,0.13202,0.74853,0.00479854,0.00479854,0.00479854
5256,7954.78,0.24179,0.21347,0.79573,0.94169,0.95642,0.98232,0.96663,0.13134,0.13224,0.74855,0.00479755,0.00479755,0.00479755
5257,7956.29,0.24411,0.21807,0.79558,0.94223,0.9586,0.98362,0.967,0.13147,0.13259,0.74862,0.00479656,0.00479656,0.00479656
5258,7957.79,0.25346,0.21611,0.7951,0.94763,0.95839,0.98437,0.96651,0.13161,0.13268,0.7486,0.00479557,0.00479557,0.00479557
5259,7959.26,0.22958,0.20601,0.79123,0.94731,0.95855,0.98379,0.966,0.13169,0.13302,0.74862,0.00479458,0.00479458,0.00479458
5260,7960.77,0.23703,0.20581,0.79259,0.94928,0.96003,0.98413,0.96842,0.13175,0.13296,0.74864,0.00479359,0.00479359,0.00479359
5261,7962.24,0.23701,0.21349,0.79267,0.94485,0.95714,0.98272,0.96511,0.13192,0.13338,0.74863,0.0047926,0.0047926,0.0047926
5262,7963.72,0.24898,0.2233,0.79733,0.94152,0.95999,0.98315,0.96519,0.132,0.13327,0.74866,0.00479161,0.00479161,0.00479161
5263,7965.36,0.25677,0.22875,0.79563,0.94016,0.95677,0.982,0.96562,0.13228,0.1335,0.74862,0.00479062,0.00479062,0.00479062
5264,7966.98,0.24169,0.21366,0.79446,0.94516,0.95943,0.98281,0.96568,0.13245,0.13353,0.74861,0.00478963,0.00478963,0.00478963
5265,7968.5,0.23654,0.21431,0.78603,0.94164,0.95942,0.98202,0.96496,0.13251,0.13351,0.74863,0.00478864,0.00478864,0.00478864
5266,7970.02,0.23033,0.20956,0.79729,0.93972,0.95722,0.98321,0.96489,0.13285,0.1339,0.74858,0.00478765,0.00478765,0.00478765
5267,7971.49,0.25171,0.2158,0.79761,0.94176,0.95809,0.98081,0.96331,0.13273,0.13355,0.74861,0.00478666,0.00478666,0.00478666
5268,7972.99,0.23067,0.20687,0.78991,0.94291,0.95841,0.98246,0.96604,0.13288,0.1338,0.74858,0.00478567,0.00478567,0.00478567
5269,7974.46,0.23162,0.21082,0.78749,0.93905,0.95722,0.98303,0.96592,0.13294,0.13364,0.7486,0.00478468,0.00478468,0.00478468
5270,7975.94,0.24282,0.2195,0.79111,0.94254,0.95725,0.98265,0.96696,0.13291,0.13382,0.74854,0.00478369,0.00478369,0.00478369
5271,7977.39,0.23402,0.22125,0.79212,0.94161,0.95742,0.98361,0.96749,0.13283,0.1335,0.74856,0.0047827,0.0047827,0.0047827
5272,7978.91,0.24586,0.2218,0.78202,0.94008,0.95691,0.98193,0.96569,0.13276,0.13325,0.74859,0.00478171,0.00478171,0.00478171
5273,7980.45,0.24823,0.2141,0.80226,0.94406,0.95825,0.98346,0.96655,0.13264,0.1331,0.74861,0.00478072,0.00478072,0.00478072
5274,7982.03,0.22623,0.21032,0.7873,0.94154,0.95843,0.98432,0.9678,0.13261,0.13323,0.7486,0.00477973,0.00477973,0.00477973
5275,7983.56,0.25132,0.21852,0.80009,0.94278,0.96126,0.98391,0.96771,0.13269,0.13337,0.74858,0.00477874,0.00477874,0.00477874
5276,7985.04,0.25504,0.21864,0.79904,0.94243,0.95935,0.98336,0.96579,0.13258,0.13326,0.74856,0.00477775,0.00477775,0.00477775
5277,7986.52,0.23946,0.21514,0.79425,0.94532,0.95726,0.98207,0.96621,0.13252,0.13295,0.74854,0.00477676,0.00477676,0.00477676
5278,7988.02,0.22921,0.20922,0.78806,0.94389,0.95692,0.98185,0.9669,0.13238,0.13319,0.74855,0.00477577,0.00477577,0.00477577
5279,7989.47,0.22303,0.20435,0.78632,0.93939,0.95799,0.98311,0.96717,0.13245,0.13293,0.74853,0.00477478,0.00477478,0.00477478
5280,7990.93,0.24673,0.21638,0.7904,0.94053,0.9593,0.98348,0.96791,0.13238,0.13291,0.74854,0.00477379,0.00477379,0.00477379
5281,7992.44,0.23676,0.21352,0.7866,0.93928,0.95987,0.9834,0.96773,0.13223,0.13285,0.74853,0.0047728,0.0047728,0.0047728
5282,7993.9,0.24742,0.21588,0.79765,0.94118,0.96085,0.98471,0.9701,0.13227,0.13279,0.74855,0.00477181,0.00477181,0.00477181
5283,7995.39,0.25458,0.21569,0.79703,0.94212,0.9602,0.98413,0.97005,0.13239,0.13277,0.74857,0.00477082,0.00477082,0.00477082
5284,7997,0.23679,0.20754,0.80153,0.94344,0.95963,0.98322,0.96927,0.13231,0.13247,0.74859,0.00476983,0.00476983,0.00476983
5285,7998.44,0.26348,0.21653,0.80474,0.9454,0.96051,0.98377,0.96897,0.13246,0.13271,0.74861,0.00476884,0.00476884,0.00476884
5286,7999.93,0.25258,0.21607,0.79164,0.94568,0.95646,0.98249,0.96691,0.13236,0.13274,0.74861,0.00476785,0.00476785,0.00476785
5287,8001.35,0.22741,0.19799,0.79133,0.94397,0.95379,0.98305,0.96772,0.13238,0.13274,0.74863,0.00476686,0.00476686,0.00476686
5288,8002.81,0.23392,0.20468,0.79051,0.94397,0.95744,0.98398,0.96881,0.13236,0.13259,0.74862,0.00476587,0.00476587,0.00476587
5289,8004.26,0.21665,0.19581,0.79276,0.94548,0.95945,0.98463,0.96782,0.13222,0.13253,0.74862,0.00476488,0.00476488,0.00476488
5290,8005.75,0.2309,0.20944,0.79631,0.94653,0.95658,0.98444,0.96799,0.13228,0.13246,0.74864,0.00476389,0.00476389,0.00476389
5291,8007.17,0.25324,0.21261,0.80124,0.94745,0.957,0.98475,0.96968,0.13241,0.13251,0.74864,0.0047629,0.0047629,0.0047629
5292,8008.66,0.2426,0.20873,0.7959,0.94692,0.95729,0.9855,0.97011,0.13231,0.13251,0.74861,0.00476191,0.00476191,0.00476191
5293,8010.15,0.23674,0.20575,0.78908,0.94695,0.95396,0.98234,0.96797,0.13226,0.13275,0.74857,0.00476092,0.00476092,0.00476092
5294,8011.71,0.24452,0.2083,0.79357,0.94067,0.96034,0.98418,0.96775,0.13212,0.13256,0.74856,0.00475993,0.00475993,0.00475993
5295,8013.28,0.26198,0.21945,0.799,0.93959,0.95523,0.98413,0.97032,0.13203,0.13239,0.74856,0.00475894,0.00475894,0.00475894
5296,8014.78,0.21786,0.2051,0.78764,0.94105,0.95294,0.98396,0.96992,0.13174,0.13199,0.74856,0.00475795,0.00475795,0.00475795
5297,8016.27,0.2314,0.20592,0.79303,0.94157,0.95705,0.98476,0.96775,0.13177,0.13195,0.74855,0.00475696,0.00475696,0.00475696
5298,8017.76,0.25432,0.21741,0.79217,0.94241,0.95402,0.98413,0.96813,0.13168,0.13172,0.74855,0.00475597,0.00475597,0.00475597
5299,8019.26,0.22722,0.20333,0.78687,0.93882,0.9521,0.98389,0.96886,0.13174,0.13183,0.74855,0.00475498,0.00475498,0.00475498
5300,8020.76,0.23214,0.21125,0.7961,0.93605,0.95828,0.98481,0.96942,0.13155,0.13157,0.74852,0.00475399,0.00475399,0.00475399
5301,8022.2,0.2546,0.21728,0.80477,0.93456,0.95855,0.98502,0.96956,0.13164,0.13123,0.74856,0.004753,0.004753,0.004753
5302,8023.71,0.22855,0.20454,0.79022,0.93417,0.9585,0.98383,0.9675,0.13127,0.13117,0.74855,0.00475201,0.00475201,0.00475201
5303,8025.18,0.21966,0.1987,0.799,0.93369,0.95848,0.98425,0.96774,0.13105,0.13117,0.74852,0.00475102,0.00475102,0.00475102
5304,8026.72,0.23988,0.21372,0.79198,0.93663,0.95797,0.98504,0.96775,0.13103,0.13128,0.74851,0.00475003,0.00475003,0.00475003
5305,8028.37,0.23278,0.20624,0.7942,0.93559,0.95426,0.9836,0.96695,0.13093,0.13106,0.74845,0.00474904,0.00474904,0.00474904
5306,8029.82,0.24192,0.20905,0.79076,0.93897,0.95539,0.98233,0.96547,0.13073,0.13088,0.74841,0.00474805,0.00474805,0.00474805
5307,8031.31,0.2466,0.21576,0.79562,0.93331,0.95462,0.98303,0.96631,0.13094,0.13086,0.74838,0.00474706,0.00474706,0.00474706
5308,8032.79,0.23066,0.20652,0.79428,0.93219,0.95698,0.9825,0.96562,0.131,0.13054,0.74829,0.00474607,0.00474607,0.00474607
5309,8034.26,0.23551,0.21157,0.79329,0.93749,0.95486,0.98372,0.96614,0.13099,0.13031,0.74824,0.00474508,0.00474508,0.00474508
5310,8035.75,0.25375,0.2205,0.80163,0.93432,0.95738,0.98321,0.96693,0.13095,0.13049,0.74823,0.00474409,0.00474409,0.00474409
5311,8037.24,0.22033,0.20503,0.79179,0.94246,0.95643,0.98324,0.96603,0.13108,0.13038,0.74823,0.0047431,0.0047431,0.0047431
5312,8038.77,0.23217,0.20666,0.79072,0.94088,0.95224,0.98098,0.96376,0.13097,0.13031,0.74819,0.00474211,0.00474211,0.00474211
5313,8040.3,0.225,0.2054,0.79295,0.94177,0.95336,0.98156,0.96414,0.13114,0.13024,0.74823,0.00474112,0.00474112,0.00474112
5314,8041.95,0.23679,0.20759,0.79424,0.93889,0.9548,0.983,0.9659,0.13167,0.13071,0.74818,0.00474013,0.00474013,0.00474013
5315,8043.52,0.25932,0.21203,0.80035,0.94108,0.95322,0.98403,0.96659,0.13172,0.13076,0.74818,0.00473914,0.00473914,0.00473914
5316,8044.95,0.24627,0.22068,0.79976,0.94172,0.95645,0.98267,0.96645,0.1319,0.13077,0.74818,0.00473815,0.00473815,0.00473815
5317,8046.47,0.23205,0.2101,0.79342,0.94413,0.95589,0.98198,0.96595,0.13203,0.13083,0.74816,0.00473716,0.00473716,0.00473716
5318,8047.96,0.23828,0.21727,0.78937,0.94219,0.95526,0.98309,0.96807,0.13189,0.13055,0.74819,0.00473617,0.00473617,0.00473617
5319,8049.46,0.24849,0.21759,0.7959,0.94691,0.958,0.98472,0.96707,0.13217,0.131,0.74819,0.00473518,0.00473518,0.00473518
5320,8050.95,0.22846,0.21546,0.79332,0.94428,0.95691,0.9835,0.96558,0.13202,0.13099,0.74822,0.00473419,0.00473419,0.00473419
5321,8052.38,0.24024,0.21371,0.79666,0.94391,0.95501,0.98255,0.96481,0.1317,0.13078,0.7482,0.0047332,0.0047332,0.0047332
5322,8053.9,0.23174,0.21161,0.79707,0.93971,0.95936,0.98374,0.96739,0.13172,0.13085,0.7482,0.00473221,0.00473221,0.00473221
5323,8055.42,0.2331,0.21367,0.79416,0.94606,0.95295,0.98298,0.96739,0.13155,0.1308,0.74817,0.00473122,0.00473122,0.00473122
5324,8057.03,0.24629,0.22288,0.79315,0.94245,0.95912,0.98304,0.96466,0.13154,0.13066,0.74816,0.00473023,0.00473023,0.00473023
5325,8058.59,0.22513,0.20994,0.78867,0.94291,0.95576,0.98309,0.96504,0.13169,0.13054,0.74815,0.00472924,0.00472924,0.00472924
5326,8060.03,0.23917,0.21434,0.79977,0.94256,0.95557,0.98261,0.96342,0.13163,0.13036,0.74814,0.00472825,0.00472825,0.00472825
5327,8061.51,0.23711,0.20622,0.79379,0.94382,0.95518,0.98368,0.96754,0.13171,0.13051,0.74819,0.00472726,0.00472726,0.00472726
5328,8062.99,0.24351,0.20665,0.79631,0.94237,0.95773,0.98407,0.96694,0.13157,0.13013,0.74817,0.00472627,0.00472627,0.00472627
5329,8064.49,0.22546,0.20555,0.7924,0.94132,0.95568,0.9826,0.96609,0.13152,0.13012,0.74818,0.00472528,0.00472528,0.00472528
5330,8066.01,0.22699,0.20325,0.8016,0.94323,0.95883,0.9833,0.96476,0.13167,0.13028,0.74821,0.00472429,0.00472429,0.00472429
5331,8067.5,0.2281,0.20672,0.78954,0.94722,0.95848,0.98336,0.96624,0.1313,0.13021,0.74818,0.0047233,0.0047233,0.0047233
5332,8068.97,0.21798,0.19994,0.79022,0.9486,0.95342,0.98238,0.96584,0.13116,0.13007,0.74817,0.00472231,0.00472231,0.00472231
5333,8070.48,0.23903,0.21035,0.79748,0.94933,0.95534,0.98363,0.96501,0.13132,0.13011,0.74818,0.00472132,0.00472132,0.00472132
5334,8072.13,0.22681,0.20754,0.79144,0.94943,0.95521,0.98298,0.96429,0.13116,0.13008,0.74816,0.00472033,0.00472033,0.00472033
5335,8073.7,0.23843,0.21215,0.79087,0.94894,0.95397,0.98164,0.96567,0.13099,0.13007,0.74818,0.00471934,0.00471934,0.00471934
5336,8075.15,0.22695,0.20313,0.79026,0.94606,0.95428,0.98039,0.96323,0.13104,0.13032,0.7482,0.00471835,0.00471835,0.00471835
5337,8076.66,0.24399,0.21487,0.79357,0.94721,0.95417,0.98151,0.9646,0.1309,0.13044,0.74816,0.00471736,0.00471736,0.00471736
5338,8078.21,0.23911,0.21547,0.79777,0.94637,0.95548,0.98191,0.96673,0.13104,0.1305,0.74825,0.00471637,0.00471637,0.00471637
5339,8079.75,0.23236,0.21405,0.78753,0.94843,0.95642,0.98246,0.96755,0.13114,0.1306,0.74825,0.00471538,0.00471538,0.00471538
5340,8081.24,0.22258,0.20449,0.78801,0.94655,0.95377,0.98135,0.9651,0.13092,0.13054,0.74825,0.00471439,0.00471439,0.00471439
5341,8082.72,0.21268,0.19726,0.78901,0.95031,0.95304,0.9821,0.96475,0.13086,0.13032,0.74825,0.0047134,0.0047134,0.0047134
5342,8084.17,0.22871,0.20731,0.7911,0.94717,0.9546,0.98307,0.96618,0.1307,0.13049,0.74827,0.00471241,0.00471241,0.00471241
5343,8085.71,0.23107,0.20592,0.79878,0.94769,0.95883,0.98448,0.96756,0.13077,0.13028,0.74827,0.00471142,0.00471142,0.00471142
5344,8087.29,0.25453,0.21608,0.79933,0.95043,0.95319,0.98397,0.96776,0.13061,0.13051,0.74822,0.00471043,0.00471043,0.00471043
5345,8088.87,0.23012,0.20843,0.79009,0.94799,0.95606,0.98415,0.96672,0.13067,0.13072,0.7482,0.00470944,0.00470944,0.00470944
5346,8090.35,0.22045,0.19605,0.78774,0.94979,0.95479,0.98437,0.96836,0.13049,0.13046,0.74821,0.00470845,0.00470845,0.00470845
5347,8091.89,0.21602,0.19921,0.79254,0.94752,0.95483,0.9837,0.96898,0.13065,0.13035,0.74818,0.00470746,0.00470746,0.00470746
5348,8093.35,0.23107,0.20813,0.79494,0.94711,0.95344,0.98434,0.96849,0.13053,0.13036,0.74819,0.00470647,0.00470647,0.00470647
5349,8094.83,0.23804,0.20396,0.79384,0.95004,0.95786,0.98404,0.96904,0.13031,0.13032,0.74818,0.00470548,0.00470548,0.00470548
5350,8096.34,0.24298,0.21155,0.78881,0.94936,0.95449,0.98335,0.96811,0.13031,0.13031,0.74814,0.00470449,0.00470449,0.00470449
5351,8097.8,0.21521,0.19968,0.78784,0.94995,0.95633,0.98507,0.96993,0.13042,0.13022,0.74814,0.0047035,0.0047035,0.0047035
5352,8099.3,0.23222,0.20656,0.79404,0.94725,0.95875,0.98476,0.96695,0.13029,0.13001,0.74812,0.00470251,0.00470251,0.00470251
5353,8100.84,0.22993,0.20427,0.79466,0.9457,0.9572,0.98312,0.96623,0.13039,0.12998,0.7481,0.00470152,0.00470152,0.00470152
5354,8102.52,0.2229,0.20584,0.789,0.94662,0.95556,0.98406,0.96887,0.13042,0.12989,0.74809,0.00470053,0.00470053,0.00470053
5355,8104.07,0.22941,0.20538,0.79223,0.9441,0.95623,0.98252,0.96594,0.13041,0.12961,0.74808,0.00469954,0.00469954,0.00469954
5356,8105.56,0.23642,0.21239,0.79426,0.94685,0.95907,0.98411,0.96808,0.13057,0.1299,0.7481,0.00469855,0.00469855,0.00469855
5357,8107.07,0.21955,0.20336,0.78788,0.94658,0.95763,0.98347,0.96544,0.13059,0.12962,0.74812,0.00469756,0.00469756,0.00469756
5358,8108.59,0.21711,0.2028,0.79134,0.93889,0.95822,0.98425,0.96719,0.13063,0.12977,0.74811,0.00469657,0.00469657,0.00469657
5359,8110.1,0.23482,0.20998,0.79379,0.94169,0.95899,0.98351,0.96908,0.13056,0.12946,0.74813,0.00469558,0.00469558,0.00469558
5360,8111.58,0.24802,0.21901,0.80047,0.94362,0.95773,0.9842,0.96687,0.13047,0.12966,0.74811,0.00469459,0.00469459,0.00469459
5361,8113.06,0.23055,0.20839,0.79988,0.94292,0.95752,0.98353,0.96632,0.13071,0.12979,0.74814,0.0046936,0.0046936,0.0046936
5362,8114.59,0.2429,0.21159,0.79864,0.94292,0.95618,0.98315,0.96774,0.13068,0.12988,0.74815,0.00469261,0.00469261,0.00469261
5363,8116.14,0.23634,0.20984,0.79704,0.94195,0.95624,0.98267,0.96678,0.13085,0.1302,0.74816,0.00469162,0.00469162,0.00469162
5364,8117.7,0.22203,0.20398,0.78676,0.94471,0.95961,0.98417,0.96588,0.13068,0.13008,0.74814,0.00469063,0.00469063,0.00469063
5365,8119.22,0.23305,0.20656,0.79549,0.93878,0.95631,0.98349,0.96531,0.13096,0.13035,0.74813,0.00468964,0.00468964,0.00468964
5366,8120.72,0.22841,0.20765,0.79338,0.94189,0.9578,0.98424,0.9664,0.13087,0.13048,0.74811,0.00468865,0.00468865,0.00468865
5367,8122.16,0.23207,0.20993,0.79684,0.94376,0.95746,0.98386,0.9679,0.13074,0.13032,0.74811,0.00468766,0.00468766,0.00468766
5368,8123.73,0.23701,0.21043,0.7896,0.94459,0.95677,0.98374,0.96675,0.13069,0.13032,0.74809,0.00468667,0.00468667,0.00468667
5369,8125.22,0.23304,0.20537,0.79466,0.94561,0.95739,0.98328,0.96528,0.13078,0.13034,0.74809,0.00468568,0.00468568,0.00468568
5370,8126.7,0.23499,0.21056,0.79168,0.94835,0.95924,0.98552,0.96754,0.13067,0.13023,0.74809,0.00468469,0.00468469,0.00468469
5371,8128.2,0.2513,0.22046,0.79024,0.94676,0.95727,0.98429,0.96556,0.13077,0.13039,0.7481,0.0046837,0.0046837,0.0046837
5372,8129.69,0.245,0.21755,0.7904,0.94894,0.95939,0.9849,0.96557,0.13102,0.13056,0.74813,0.00468271,0.00468271,0.00468271
5373,8131.23,0.22792,0.20957,0.79375,0.94841,0.95883,0.98491,0.96713,0.13093,0.13059,0.74812,0.00468172,0.00468172,0.00468172
5374,8132.8,0.2529,0.22584,0.79836,0.94438,0.95333,0.98357,0.9676,0.13103,0.13075,0.74813,0.00468073,0.00468073,0.00468073
5375,8134.32,0.23101,0.2131,0.79246,0.94373,0.95772,0.98291,0.96614,0.13114,0.13092,0.74812,0.00467974,0.00467974,0.00467974
5376,8135.81,0.23769,0.21605,0.79325,0.94601,0.9577,0.98367,0.9668,0.13117,0.13075,0.7481,0.00467875,0.00467875,0.00467875
5377,8137.34,0.22173,0.20814,0.79012,0.94666,0.95949,0.98396,0.96727,0.13121,0.13081,0.74809,0.00467776,0.00467776,0.00467776
5378,8138.88,0.22931,0.20618,0.7911,0.94501,0.96135,0.98403,0.96809,0.13133,0.13074,0.74811,0.00467677,0.00467677,0.00467677
5379,8140.34,0.22526,0.20539,0.79261,0.9434,0.96127,0.98357,0.96914,0.13114,0.13058,0.74811,0.00467578,0.00467578,0.00467578
5380,8141.9,0.22388,0.20011,0.78954,0.93527,0.95772,0.98013,0.96391,0.13125,0.13092,0.74809,0.00467479,0.00467479,0.00467479
5381,8143.35,0.23744,0.20451,0.79148,0.93481,0.95764,0.98029,0.96538,0.1314,0.13124,0.74806,0.0046738,0.0046738,0.0046738
5382,8144.86,0.24821,0.21496,0.80066,0.93724,0.96027,0.98198,0.96441,0.13117,0.13103,0.74806,0.00467281,0.00467281,0.00467281
5383,8146.44,0.22457,0.2051,0.79257,0.93752,0.9561,0.98193,0.96598,0.13094,0.13091,0.74808,0.00467182,0.00467182,0.00467182
5384,8147.98,0.23489,0.2089,0.78645,0.94341,0.95682,0.98197,0.96492,0.13091,0.13089,0.74808,0.00467083,0.00467083,0.00467083
5385,8149.49,0.23052,0.20749,0.78881,0.94303,0.95525,0.98161,0.96498,0.1309,0.13103,0.74809,0.00466984,0.00466984,0.00466984
5386,8151.04,0.2366,0.20561,0.79577,0.94522,0.95657,0.98356,0.96657,0.13082,0.13145,0.74809,0.00466885,0.00466885,0.00466885
5387,8152.49,0.23718,0.21309,0.79381,0.94774,0.95894,0.9842,0.96579,0.13056,0.13144,0.74809,0.00466786,0.00466786,0.00466786
5388,8153.94,0.21738,0.20451,0.78929,0.94892,0.95961,0.98433,0.96656,0.13055,0.1314,0.74811,0.00466687,0.00466687,0.00466687
5389,8155.45,0.25636,0.21432,0.80435,0.94793,0.95837,0.98502,0.9693,0.1304,0.13108,0.74811,0.00466588,0.00466588,0.00466588
5390,8156.97,0.22156,0.19889,0.78553,0.94312,0.95519,0.98339,0.96701,0.13054,0.13097,0.74812,0.00466489,0.00466489,0.00466489
5391,8158.49,0.24301,0.2124,0.79302,0.94547,0.95728,0.98525,0.9676,0.13036,0.13086,0.74811,0.0046639,0.0046639,0.0046639
5392,8159.99,0.22676,0.21516,0.79638,0.94963,0.95756,0.98406,0.96621,0.13066,0.13097,0.74812,0.00466291,0.00466291,0.00466291
5393,8161.51,0.24169,0.2163,0.79372,0.94899,0.95996,0.98415,0.96801,0.13066,0.13106,0.74811,0.00466192,0.00466192,0.00466192
5394,8162.98,0.23753,0.21078,0.7949,0.94884,0.95427,0.98365,0.96784,0.13083,0.13104,0.74811,0.00466093,0.00466093,0.00466093
5395,8164.52,0.24864,0.21476,0.79714,0.94655,0.95447,0.98439,0.9687,0.13091,0.13102,0.74816,0.00465994,0.00465994,0.00465994
5396,8165.99,0.22609,0.20952,0.7859,0.94589,0.95118,0.98389,0.96663,0.13106,0.13109,0.74816,0.00465895,0.00465895,0.00465895
5397,8167.47,0.23259,0.20926,0.79177,0.94807,0.95436,0.98384,0.96668,0.13103,0.13107,0.74819,0.00465796,0.00465796,0.00465796
5398,8169.01,0.2464,0.21952,0.79098,0.94887,0.95582,0.98319,0.96649,0.13106,0.13119,0.74816,0.00465697,0.00465697,0.00465697
5399,8170.49,0.22736,0.20442,0.79427,0.94896,0.95675,0.98434,0.96768,0.13123,0.13156,0.74817,0.00465598,0.00465598,0.00465598
5400,8171.98,0.24473,0.21816,0.79069,0.95025,0.9537,0.98312,0.96546,0.13119,0.13161,0.74816,0.00465499,0.00465499,0.00465499
5401,8173.59,0.24042,0.21228,0.79418,0.95191,0.95583,0.98484,0.96897,0.13129,0.13145,0.74816,0.004654,0.004654,0.004654
5402,8175.07,0.24157,0.20624,0.80058,0.9524,0.9589,0.98406,0.96694,0.13145,0.13146,0.74818,0.00465301,0.00465301,0.00465301
5403,8176.6,0.22757,0.20408,0.78992,0.94763,0.9578,0.98392,0.96475,0.13141,0.13138,0.74819,0.00465202,0.00465202,0.00465202
5404,8178.12,0.21849,0.1979,0.79052,0.94269,0.95555,0.98321,0.96784,0.13132,0.13089,0.74818,0.00465103,0.00465103,0.00465103
5405,8179.65,0.23954,0.20814,0.79667,0.94872,0.95863,0.98612,0.97029,0.13126,0.13099,0.74819,0.00465004,0.00465004,0.00465004
5406,8181.1,0.22801,0.20719,0.79258,0.94712,0.95928,0.98518,0.96864,0.13134,0.13086,0.74821,0.00464905,0.00464905,0.00464905
5407,8182.61,0.23105,0.20872,0.79283,0.94557,0.95881,0.98533,0.96744,0.13108,0.13057,0.74821,0.00464806,0.00464806,0.00464806
5408,8184.08,0.2292,0.20818,0.79021,0.94626,0.95776,0.98506,0.96826,0.13115,0.13082,0.7482,0.00464707,0.00464707,0.00464707
5409,8185.56,0.21878,0.19882,0.78979,0.94774,0.95732,0.985,0.96735,0.13118,0.13077,0.74821,0.00464608,0.00464608,0.00464608
5410,8187.07,0.2426,0.21251,0.79409,0.947,0.95708,0.98355,0.96807,0.1314,0.13058,0.74824,0.00464509,0.00464509,0.00464509
5411,8188.55,0.2611,0.21976,0.79801,0.94715,0.95668,0.9835,0.96655,0.13154,0.13052,0.74824,0.0046441,0.0046441,0.0046441
5412,8190.12,0.24281,0.21239,0.7875,0.94368,0.9583,0.9843,0.96871,0.13177,0.13084,0.74825,0.00464311,0.00464311,0.00464311
5413,8191.7,0.23905,0.21754,0.79734,0.93767,0.9557,0.98466,0.96773,0.132,0.1309,0.74823,0.00464212,0.00464212,0.00464212
5414,8193.17,0.24011,0.21409,0.79132,0.93869,0.95553,0.98447,0.96838,0.13187,0.13085,0.74823,0.00464113,0.00464113,0.00464113
5415,8194.63,0.23523,0.2086,0.79165,0.94338,0.9562,0.98459,0.96689,0.13189,0.131,0.74824,0.00464014,0.00464014,0.00464014
5416,8196.12,0.23496,0.20895,0.7922,0.94145,0.95577,0.9845,0.96717,0.13189,0.13081,0.74825,0.00463915,0.00463915,0.00463915
5417,8197.58,0.23018,0.2073,0.7951,0.9395,0.95641,0.98512,0.96944,0.13182,0.13104,0.74827,0.00463816,0.00463816,0.00463816
5418,8199.1,0.2325,0.20491,0.7937,0.94235,0.95919,0.98508,0.96916,0.13188,0.13102,0.74828,0.00463717,0.00463717,0.00463717
5419,8200.63,0.23595,0.21496,0.79343,0.94245,0.9569,0.9852,0.96801,0.13181,0.13109,0.74826,0.00463618,0.00463618,0.00463618
5420,8202.14,0.22941,0.21171,0.78847,0.93984,0.95793,0.98565,0.96859,0.13169,0.13111,0.74824,0.00463519,0.00463519,0.00463519
5421,8203.62,0.23713,0.21039,0.7976,0.93798,0.95669,0.98399,0.96706,0.13171,0.131,0.74827,0.0046342,0.0046342,0.0046342
5422,8205.13,0.22955,0.20348,0.79417,0.93969,0.95696,0.98447,0.96875,0.13148,0.13107,0.74823,0.00463321,0.00463321,0.00463321
5423,8206.68,0.24097,0.21468,0.79604,0.93052,0.95224,0.98477,0.9683,0.13155,0.13125,0.74823,0.00463222,0.00463222,0.00463222
5424,8208.2,0.22809,0.20379,0.79519,0.92829,0.95136,0.98237,0.96611,0.13144,0.13134,0.74824,0.00463123,0.00463123,0.00463123
5425,8209.73,0.22995,0.206,0.7988,0.93068,0.95256,0.98372,0.96764,0.13134,0.13142,0.74824,0.00463024,0.00463024,0.00463024
5426,8211.2,0.23937,0.21722,0.79693,0.92845,0.95262,0.98234,0.96653,0.13109,0.13149,0.7482,0.00462925,0.00462925,0.00462925
5427,8212.67,0.2307,0.21357,0.7902,0.93154,0.95033,0.98299,0.96808,0.13101,0.1313,0.74823,0.00462826,0.00462826,0.00462826
5428,8214.16,0.2361,0.21802,0.79183,0.92835,0.95472,0.98266,0.96768,0.13091,0.13163,0.7482,0.00462727,0.00462727,0.00462727
5429,8215.61,0.24674,0.21765,0.78553,0.93052,0.95411,0.9836,0.96664,0.13089,0.13135,0.74821,0.00462628,0.00462628,0.00462628
5430,8217.12,0.22742,0.20845,0.78992,0.92866,0.9531,0.98327,0.96723,0.13087,0.13153,0.74821,0.00462529,0.00462529,0.00462529
5431,8218.63,0.2257,0.20204,0.79403,0.93019,0.95255,0.98409,0.96888,0.13102,0.13175,0.74817,0.0046243,0.0046243,0.0046243
5432,8220.08,0.22548,0.20777,0.78877,0.92709,0.95195,0.98151,0.96573,0.13098,0.13137,0.74821,0.00462331,0.00462331,0.00462331
5433,8221.66,0.25399,0.22259,0.79288,0.92825,0.95246,0.98299,0.9659,0.13106,0.13137,0.7482,0.00462232,0.00462232,0.00462232
5434,8223.35,0.24682,0.21292,0.80853,0.93078,0.95535,0.98286,0.96695,0.13101,0.13148,0.74819,0.00462133,0.00462133,0.00462133
5435,8224.9,0.2458,0.2153,0.79345,0.93363,0.95689,0.98343,0.96843,0.13108,0.13158,0.74819,0.00462034,0.00462034,0.00462034
5436,8226.42,0.23709,0.21028,0.7975,0.93537,0.95582,0.98156,0.96487,0.13105,0.13146,0.7482,0.00461935,0.00461935,0.00461935
5437,8227.88,0.23282,0.21017,0.80207,0.93446,0.95363,0.98187,0.96528,0.13125,0.13147,0.74817,0.00461836,0.00461836,0.00461836
5438,8229.37,0.23351,0.213,0.7973,0.93746,0.95717,0.98415,0.96652,0.13137,0.13122,0.74819,0.00461737,0.00461737,0.00461737
5439,8230.89,0.2315,0.21745,0.79198,0.93606,0.95647,0.98272,0.96727,0.13144,0.13134,0.74817,0.00461638,0.00461638,0.00461638
5440,8232.39,0.23814,0.21411,0.79554,0.93194,0.95586,0.98164,0.96681,0.1314,0.13126,0.7482,0.00461539,0.00461539,0.00461539
5441,8233.91,0.23943,0.20737,0.79834,0.93297,0.95376,0.98168,0.96621,0.13148,0.1313,0.74822,0.0046144,0.0046144,0.0046144
5442,8235.35,0.22153,0.20244,0.79397,0.93052,0.95814,0.98382,0.96848,0.13155,0.13149,0.74822,0.00461341,0.00461341,0.00461341
5443,8236.91,0.23085,0.21079,0.78647,0.93428,0.95522,0.98307,0.96847,0.13142,0.13111,0.7482,0.00461242,0.00461242,0.00461242
5444,8238.48,0.22338,0.20694,0.79018,0.93371,0.95408,0.98245,0.96776,0.13145,0.13132,0.7482,0.00461143,0.00461143,0.00461143
5445,8239.98,0.24136,0.21779,0.79454,0.93518,0.95804,0.98375,0.96633,0.13149,0.1314,0.74823,0.00461044,0.00461044,0.00461044
5446,8241.5,0.23079,0.21261,0.79421,0.93408,0.95734,0.98387,0.96662,0.13161,0.131,0.74825,0.00460945,0.00460945,0.00460945
5447,8242.92,0.23254,0.20412,0.79268,0.93431,0.95641,0.98388,0.96878,0.13147,0.13133,0.74824,0.00460846,0.00460846,0.00460846
5448,8244.38,0.23107,0.2068,0.79202,0.93396,0.95663,0.98304,0.96549,0.13152,0.13136,0.74824,0.00460747,0.00460747,0.00460747
5449,8245.87,0.21274,0.19877,0.7817,0.93355,0.95091,0.98317,0.96624,0.13125,0.13109,0.74825,0.00460648,0.00460648,0.00460648
5450,8247.39,0.26402,0.22456,0.80483,0.93114,0.95468,0.98237,0.9658,0.13113,0.13114,0.74826,0.00460549,0.00460549,0.00460549
5451,8248.85,0.22258,0.1995,0.79091,0.93315,0.95113,0.98231,0.9665,0.13094,0.13135,0.74822,0.0046045,0.0046045,0.0046045
5452,8250.33,0.23422,0.20941,0.78394,0.92785,0.95636,0.98225,0.96577,0.13072,0.13127,0.74822,0.00460351,0.00460351,0.00460351
5453,8251.88,0.21435,0.19521,0.78606,0.92696,0.95793,0.98261,0.96812,0.13072,0.13099,0.74823,0.00460252,0.00460252,0.00460252
5454,8253.45,0.2676,0.22203,0.80454,0.93053,0.95608,0.98354,0.96656,0.13056,0.13098,0.74824,0.00460153,0.00460153,0.00460153
5455,8254.99,0.2297,0.20637,0.79524,0.9297,0.95661,0.98331,0.96631,0.13065,0.13096,0.74823,0.00460054,0.00460054,0.00460054
5456,8256.46,0.24296,0.21249,0.79313,0.93352,0.95221,0.98261,0.96574,0.13053,0.13077,0.74822,0.00459955,0.00459955,0.00459955
5457,8257.98,0.25333,0.21381,0.80151,0.93754,0.95173,0.98321,0.96771,0.13047,0.13077,0.74822,0.00459856,0.00459856,0.00459856
5458,8259.46,0.22495,0.20545,0.79219,0.93579,0.95137,0.98307,0.96593,0.13046,0.13081,0.74823,0.00459757,0.00459757,0.00459757
5459,8260.93,0.2401,0.21053,0.79642,0.93571,0.95385,0.98316,0.96865,0.13044,0.1308,0.74823,0.00459658,0.00459658,0.00459658
5460,8262.38,0.24,0.21411,0.78764,0.93357,0.95111,0.98292,0.96712,0.13034,0.13112,0.74823,0.00459559,0.00459559,0.00459559
5461,8263.86,0.23642,0.20685,0.79077,0.93793,0.95421,0.98327,0.96741,0.1303,0.13112,0.7482,0.0045946,0.0045946,0.0045946
5462,8265.36,0.24584,0.20939,0.79447,0.94769,0.95915,0.98467,0.96853,0.13025,0.13106,0.74821,0.00459361,0.00459361,0.00459361
5463,8266.91,0.22056,0.20126,0.79181,0.94878,0.95901,0.98465,0.96919,0.13032,0.13126,0.7482,0.00459262,0.00459262,0.00459262
5464,8268.53,0.22614,0.2016,0.78694,0.94528,0.95513,0.9837,0.96676,0.1301,0.13115,0.7482,0.00459163,0.00459163,0.00459163
5465,8270.03,0.25701,0.21815,0.799,0.94461,0.95474,0.9833,0.96895,0.13016,0.13117,0.7482,0.00459064,0.00459064,0.00459064
5466,8271.5,0.22766,0.2047,0.78584,0.94274,0.95468,0.9832,0.96765,0.13009,0.13113,0.74819,0.00458965,0.00458965,0.00458965
5467,8272.97,0.23442,0.20031,0.80303,0.94361,0.95469,0.98295,0.96876,0.13024,0.13131,0.74819,0.00458866,0.00458866,0.00458866
5468,8274.46,0.25087,0.21079,0.7906,0.94967,0.95808,0.9859,0.96929,0.13024,0.13112,0.74821,0.00458767,0.00458767,0.00458767
5469,8275.95,0.24041,0.21009,0.79899,0.9466,0.95714,0.98449,0.96722,0.13031,0.13123,0.7482,0.00458668,0.00458668,0.00458668
5470,8277.44,0.25206,0.21881,0.80182,0.94472,0.95552,0.98372,0.96785,0.13039,0.13123,0.7482,0.00458569,0.00458569,0.00458569
5471,8278.97,0.22833,0.21024,0.7887,0.94796,0.95677,0.98507,0.96941,0.13039,0.13127,0.74821,0.0045847,0.0045847,0.0045847
5472,8280.46,0.21588,0.19875,0.79069,0.94833,0.95604,0.98463,0.96898,0.1304,0.13114,0.74821,0.00458371,0.00458371,0.00458371
5473,8281.99,0.23963,0.212,0.79725,0.94556,0.95523,0.98255,0.96739,0.13037,0.13134,0.74819,0.00458272,0.00458272,0.00458272
5474,8283.51,0.24269,0.21505,0.7897,0.94745,0.95608,0.98386,0.96917,0.13034,0.13106,0.74818,0.00458173,0.00458173,0.00458173
5475,8284.96,0.23241,0.20965,0.7852,0.9475,0.95631,0.98447,0.96715,0.13041,0.13126,0.74818,0.00458074,0.00458074,0.00458074
5476,8286.47,0.22948,0.20871,0.79035,0.94551,0.95528,0.98457,0.96742,0.1304,0.13108,0.74814,0.00457975,0.00457975,0.00457975
5477,8287.99,0.22437,0.20187,0.78827,0.94725,0.9562,0.98533,0.96973,0.13046,0.13081,0.74811,0.00457876,0.00457876,0.00457876
5478,8289.47,0.21628,0.19645,0.78727,0.94642,0.95537,0.98375,0.96641,0.13031,0.13094,0.74809,0.00457777,0.00457777,0.00457777
5479,8290.94,0.22964,0.20491,0.78758,0.94718,0.96011,0.98498,0.96897,0.13036,0.13088,0.74804,0.00457678,0.00457678,0.00457678
5480,8292.45,0.23478,0.20377,0.79521,0.9503,0.95915,0.9854,0.96938,0.1304,0.13096,0.74802,0.00457579,0.00457579,0.00457579
5481,8293.91,0.22392,0.20102,0.78811,0.95193,0.95944,0.98536,0.97006,0.13039,0.13112,0.748,0.0045748,0.0045748,0.0045748
5482,8295.4,0.22724,0.20102,0.7941,0.94746,0.95655,0.98324,0.96764,0.13013,0.13109,0.74795,0.00457381,0.00457381,0.00457381
5483,8296.88,0.23738,0.20816,0.79394,0.94656,0.95839,0.9846,0.9686,0.13019,0.13109,0.74795,0.00457282,0.00457282,0.00457282
5484,8298.48,0.25735,0.22251,0.78842,0.94701,0.95713,0.98327,0.96674,0.13018,0.13103,0.74794,0.00457183,0.00457183,0.00457183
5485,8300.02,0.2263,0.20798,0.79444,0.94957,0.95663,0.98457,0.97013,0.13012,0.13108,0.74793,0.00457084,0.00457084,0.00457084
5486,8301.49,0.24597,0.21643,0.79471,0.95093,0.95923,0.9848,0.97064,0.13016,0.1311,0.7479,0.00456985,0.00456985,0.00456985
5487,8302.98,0.24311,0.21176,0.79243,0.95012,0.95653,0.98377,0.96798,0.13011,0.13101,0.7479,0.00456886,0.00456886,0.00456886
5488,8304.51,0.21802,0.20195,0.78925,0.94543,0.95848,0.98406,0.96879,0.13006,0.13123,0.74789,0.00456787,0.00456787,0.00456787
5489,8306.02,0.24563,0.21355,0.79385,0.94852,0.95838,0.98495,0.96953,0.12995,0.1311,0.74787,0.00456688,0.00456688,0.00456688
5490,8307.48,0.23503,0.21313,0.79235,0.94872,0.95772,0.98399,0.96922,0.12996,0.13114,0.74787,0.00456589,0.00456589,0.00456589
5491,8308.96,0.22809,0.20586,0.79359,0.94518,0.95821,0.98424,0.96726,0.12986,0.13119,0.74788,0.0045649,0.0045649,0.0045649
5492,8310.42,0.22193,0.20621,0.79212,0.94453,0.95528,0.98351,0.96806,0.12972,0.13112,0.74791,0.00456391,0.00456391,0.00456391
5493,8311.98,0.23964,0.21658,0.79144,0.95015,0.95997,0.98516,0.97069,0.12991,0.13137,0.74794,0.00456292,0.00456292,0.00456292
5494,8313.62,0.22755,0.20809,0.78825,0.94567,0.95755,0.98405,0.97005,0.13009,0.13155,0.74796,0.00456193,0.00456193,0.00456193
5495,8315.08,0.23814,0.21891,0.78812,0.94816,0.95626,0.98389,0.96795,0.1303,0.13198,0.74795,0.00456094,0.00456094,0.00456094
5496,8316.59,0.23613,0.21703,0.78361,0.94344,0.9556,0.98378,0.96795,0.13026,0.1318,0.74798,0.00455995,0.00455995,0.00455995
5497,8318.11,0.22281,0.21065,0.78779,0.94462,0.95616,0.9842,0.96908,0.13036,0.1319,0.74798,0.00455896,0.00455896,0.00455896
5498,8319.59,0.23944,0.21433,0.79545,0.94508,0.95613,0.98368,0.96923,0.13035,0.13205,0.74798,0.00455797,0.00455797,0.00455797
5499,8321.1,0.23089,0.20724,0.79191,0.95041,0.95461,0.98365,0.96759,0.13033,0.13231,0.74796,0.00455698,0.00455698,0.00455698
5500,8322.6,0.21689,0.20517,0.79212,0.95246,0.95853,0.98558,0.97169,0.13041,0.13258,0.74801,0.00455599,0.00455599,0.00455599
5501,8324.09,0.22348,0.21003,0.78733,0.95066,0.95738,0.98516,0.97069,0.13046,0.13263,0.74803,0.004555,0.004555,0.004555
5502,8325.55,0.23221,0.20903,0.79543,0.94959,0.95849,0.98487,0.97017,0.13031,0.13295,0.74803,0.00455401,0.00455401,0.00455401
5503,8327.15,0.22924,0.21203,0.79576,0.94792,0.95728,0.98494,0.96981,0.13027,0.1325,0.74803,0.00455302,0.00455302,0.00455302
5504,8328.7,0.22002,0.19976,0.78414,0.94445,0.95683,0.98387,0.96849,0.13042,0.13274,0.74802,0.00455203,0.00455203,0.00455203
5505,8330.19,0.23102,0.20022,0.79305,0.94654,0.95676,0.98374,0.96738,0.13038,0.1326,0.74806,0.00455104,0.00455104,0.00455104
5506,8331.68,0.24114,0.2095,0.7958,0.95007,0.95838,0.98567,0.97158,0.13018,0.13252,0.74803,0.00455005,0.00455005,0.00455005
5507,8333.11,0.23073,0.20445,0.79393,0.95072,0.95431,0.9847,0.96818,0.13002,0.13225,0.74806,0.00454906,0.00454906,0.00454906
5508,8334.62,0.24308,0.21496,0.79651,0.95261,0.95858,0.98553,0.97173,0.12991,0.13222,0.74807,0.00454807,0.00454807,0.00454807
5509,8336.13,0.21868,0.20107,0.78698,0.95396,0.95998,0.98571,0.96932,0.12987,0.13211,0.74807,0.00454708,0.00454708,0.00454708
5510,8337.58,0.21106,0.19207,0.7912,0.95452,0.96079,0.98537,0.96883,0.12985,0.13199,0.74807,0.00454609,0.00454609,0.00454609
5511,8339.05,0.23425,0.20117,0.79326,0.95067,0.95995,0.98601,0.97023,0.13,0.13228,0.7481,0.0045451,0.0045451,0.0045451
5512,8340.56,0.2328,0.21019,0.79482,0.9526,0.95993,0.98584,0.96873,0.12997,0.13241,0.74811,0.00454411,0.00454411,0.00454411
5513,8342.07,0.23448,0.20125,0.79683,0.95112,0.95391,0.9842,0.96564,0.13017,0.13235,0.74811,0.00454312,0.00454312,0.00454312
5514,8343.76,0.23499,0.20597,0.79577,0.94666,0.95501,0.98412,0.96661,0.13024,0.13244,0.74814,0.00454213,0.00454213,0.00454213
5515,8345.25,0.2159,0.20242,0.78514,0.95101,0.95753,0.98371,0.96659,0.13031,0.13216,0.74813,0.00454114,0.00454114,0.00454114
5516,8346.75,0.24608,0.20881,0.80354,0.95314,0.9597,0.98514,0.96884,0.13035,0.13241,0.74814,0.00454015,0.00454015,0.00454015
5517,8348.26,0.23764,0.20834,0.79255,0.95141,0.95988,0.98515,0.96764,0.13038,0.13235,0.74816,0.00453916,0.00453916,0.00453916
5518,8349.78,0.24202,0.20734,0.79264,0.95112,0.96112,0.98475,0.96733,0.13053,0.13222,0.74818,0.00453817,0.00453817,0.00453817
5519,8351.27,0.23419,0.21213,0.79179,0.95224,0.95698,0.98464,0.96637,0.13064,0.13219,0.7482,0.00453718,0.00453718,0.00453718
5520,8352.79,0.2347,0.21406,0.78871,0.95001,0.95571,0.98365,0.96633,0.13076,0.13221,0.74823,0.00453619,0.00453619,0.00453619
5521,8354.35,0.21147,0.19605,0.78635,0.94224,0.95528,0.98395,0.96513,0.13099,0.13234,0.74823,0.0045352,0.0045352,0.0045352
5522,8355.84,0.24349,0.21022,0.79381,0.9462,0.9556,0.98398,0.96665,0.13104,0.1323,0.74826,0.00453421,0.00453421,0.00453421
5523,8357.3,0.21623,0.19563,0.79024,0.94856,0.95621,0.98381,0.96645,0.13107,0.13241,0.74829,0.00453322,0.00453322,0.00453322
5524,8358.88,0.23611,0.20402,0.79753,0.94637,0.95582,0.9833,0.96716,0.13121,0.1323,0.74836,0.00453223,0.00453223,0.00453223
5525,8360.38,0.23786,0.20299,0.79448,0.95333,0.95778,0.98481,0.96708,0.13102,0.13223,0.74838,0.00453124,0.00453124,0.00453124
5526,8361.85,0.22861,0.20413,0.78966,0.95145,0.95779,0.98451,0.96847,0.13129,0.13234,0.7484,0.00453025,0.00453025,0.00453025
5527,8363.32,0.24556,0.21696,0.79339,0.9513,0.95519,0.98376,0.96665,0.13175,0.1323,0.74849,0.00452926,0.00452926,0.00452926
5528,8364.79,0.23984,0.2143,0.79216,0.95159,0.95597,0.98469,0.96966,0.13178,0.13227,0.74848,0.00452827,0.00452827,0.00452827
5529,8366.25,0.23479,0.20855,0.79811,0.94834,0.95547,0.98412,0.96722,0.132,0.13234,0.74856,0.00452728,0.00452728,0.00452728
5530,8367.78,0.22057,0.20244,0.7897,0.94543,0.95484,0.98268,0.96537,0.13224,0.13263,0.74865,0.00452629,0.00452629,0.00452629
5531,8369.25,0.22667,0.20194,0.79024,0.94511,0.95475,0.98218,0.96552,0.13221,0.13293,0.74865,0.0045253,0.0045253,0.0045253
5532,8370.78,0.23298,0.20543,0.7954,0.94751,0.95577,0.98439,0.96767,0.13225,0.13276,0.74873,0.00452431,0.00452431,0.00452431
5533,8372.39,0.2364,0.21161,0.79396,0.94557,0.95515,0.98378,0.96856,0.13216,0.13246,0.74882,0.00452332,0.00452332,0.00452332
5534,8373.99,0.24602,0.21877,0.7905,0.94872,0.95379,0.98303,0.96827,0.13217,0.13237,0.74879,0.00452233,0.00452233,0.00452233
5535,8375.48,0.21983,0.20391,0.78795,0.94798,0.95376,0.98288,0.96798,0.13216,0.13228,0.74882,0.00452134,0.00452134,0.00452134
5536,8376.98,0.2252,0.19721,0.79581,0.94808,0.95667,0.98552,0.9712,0.13209,0.13189,0.7488,0.00452035,0.00452035,0.00452035
5537,8378.45,0.23683,0.2076,0.79582,0.94768,0.9553,0.98461,0.96894,0.13169,0.13157,0.74877,0.00451936,0.00451936,0.00451936
5538,8379.94,0.22503,0.20396,0.79326,0.94745,0.95628,0.98389,0.96989,0.13178,0.13146,0.74879,0.00451837,0.00451837,0.00451837
5539,8381.44,0.23668,0.2126,0.78774,0.94794,0.95476,0.98389,0.96564,0.13187,0.13118,0.74878,0.00451738,0.00451738,0.00451738
5540,8382.91,0.22736,0.20938,0.79784,0.94903,0.95555,0.98394,0.96733,0.13187,0.13119,0.74877,0.00451639,0.00451639,0.00451639
5541,8384.45,0.22229,0.20356,0.79051,0.94999,0.95491,0.98349,0.96542,0.13208,0.13097,0.74879,0.0045154,0.0045154,0.0045154
5542,8385.95,0.23498,0.2143,0.79336,0.94657,0.9542,0.98283,0.96622,0.13199,0.13066,0.74877,0.00451441,0.00451441,0.00451441
5543,8387.47,0.23352,0.21697,0.79959,0.94767,0.9554,0.98353,0.96665,0.13191,0.13074,0.74876,0.00451342,0.00451342,0.00451342
5544,8389,0.2471,0.21047,0.79318,0.94895,0.95591,0.98477,0.96748,0.13214,0.1309,0.74878,0.00451243,0.00451243,0.00451243
5545,8390.52,0.22778,0.20649,0.79441,0.95063,0.95598,0.98274,0.96577,0.13223,0.13088,0.74876,0.00451144,0.00451144,0.00451144
5546,8392.02,0.22812,0.20787,0.78729,0.95149,0.95726,0.98546,0.9667,0.1322,0.13065,0.74873,0.00451045,0.00451045,0.00451045
5547,8393.46,0.22264,0.20536,0.79099,0.95038,0.95702,0.98396,0.96636,0.13214,0.13074,0.7487,0.00450946,0.00450946,0.00450946
5548,8395,0.22831,0.20809,0.79795,0.95157,0.95515,0.98503,0.96792,0.13202,0.13072,0.74867,0.00450847,0.00450847,0.00450847
5549,8396.46,0.22875,0.20558,0.79263,0.94527,0.9545,0.98324,0.96543,0.13205,0.131,0.74864,0.00450748,0.00450748,0.00450748
5550,8397.94,0.21865,0.19896,0.79246,0.94711,0.95473,0.98336,0.96588,0.132,0.13096,0.7486,0.00450649,0.00450649,0.00450649
5551,8399.4,0.21606,0.19675,0.79098,0.94515,0.9561,0.98307,0.96669,0.13194,0.13072,0.74862,0.0045055,0.0045055,0.0045055
5552,8400.85,0.22023,0.20028,0.78929,0.95043,0.95911,0.98457,0.96707,0.13175,0.13075,0.74858,0.00450451,0.00450451,0.00450451
5553,8402.38,0.25932,0.21258,0.81017,0.94648,0.95543,0.98318,0.96611,0.13182,0.13067,0.74859,0.00450352,0.00450352,0.00450352
5554,8403.97,0.25454,0.21467,0.81607,0.94813,0.95635,0.9838,0.96686,0.13157,0.13051,0.74857,0.00450253,0.00450253,0.00450253
5555,8405.46,0.2358,0.20523,0.79097,0.94918,0.95716,0.9842,0.969,0.13145,0.13048,0.74855,0.00450154,0.00450154,0.00450154
5556,8406.96,0.2432,0.21715,0.78852,0.95269,0.95658,0.98381,0.96692,0.13124,0.13031,0.74855,0.00450055,0.00450055,0.00450055
5557,8408.47,0.23435,0.20296,0.79805,0.94157,0.95619,0.98425,0.96782,0.13119,0.13029,0.74852,0.00449956,0.00449956,0.00449956
5558,8409.96,0.23363,0.21012,0.78474,0.93835,0.95093,0.9832,0.96559,0.13122,0.13048,0.74852,0.00449857,0.00449857,0.00449857
5559,8411.47,0.24995,0.22071,0.79324,0.93884,0.95047,0.98459,0.96824,0.1312,0.13025,0.74851,0.00449758,0.00449758,0.00449758
5560,8412.98,0.24806,0.21483,0.79513,0.93924,0.95293,0.98334,0.96704,0.13089,0.13011,0.74851,0.00449659,0.00449659,0.00449659
5561,8414.43,0.23935,0.20801,0.80088,0.93997,0.95339,0.98448,0.96678,0.13076,0.13005,0.74851,0.0044956,0.0044956,0.0044956
5562,8415.95,0.23467,0.20799,0.79338,0.94114,0.95379,0.98579,0.97076,0.13072,0.12998,0.74852,0.00449461,0.00449461,0.00449461
5563,8417.5,0.2347,0.21042,0.78951,0.93887,0.9505,0.98446,0.96788,0.13059,0.12989,0.74851,0.00449362,0.00449362,0.00449362
5564,8419.03,0.23838,0.21176,0.79266,0.93833,0.94795,0.9844,0.96742,0.1307,0.12993,0.7485,0.00449263,0.00449263,0.00449263
5565,8420.57,0.22334,0.2055,0.79101,0.93698,0.95452,0.9857,0.97002,0.13075,0.1299,0.74852,0.00449164,0.00449164,0.00449164
5566,8422.1,0.23284,0.217,0.79433,0.93981,0.94726,0.98383,0.96691,0.13076,0.1303,0.74854,0.00449065,0.00449065,0.00449065
5567,8423.58,0.24042,0.2177,0.79685,0.93852,0.95407,0.98477,0.96918,0.1307,0.13028,0.74853,0.00448966,0.00448966,0.00448966
5568,8425.05,0.23174,0.21593,0.78311,0.93505,0.95112,0.98321,0.9691,0.13074,0.1303,0.74854,0.00448867,0.00448867,0.00448867
5569,8426.61,0.2207,0.20464,0.79158,0.93545,0.95046,0.98231,0.96682,0.13094,0.13047,0.74852,0.00448768,0.00448768,0.00448768
5570,8428.09,0.24453,0.21795,0.79391,0.94414,0.9549,0.9828,0.96771,0.13087,0.13063,0.7485,0.00448669,0.00448669,0.00448669
5571,8429.54,0.22887,0.20884,0.79507,0.94468,0.95537,0.98183,0.96801,0.13095,0.1308,0.7485,0.0044857,0.0044857,0.0044857
5572,8431.04,0.23049,0.20219,0.79237,0.9446,0.95506,0.98269,0.96578,0.13084,0.13102,0.74848,0.00448471,0.00448471,0.00448471
5573,8432.54,0.23954,0.21273,0.79097,0.94572,0.955,0.98395,0.96725,0.13075,0.13119,0.74845,0.00448372,0.00448372,0.00448372
5574,8434.07,0.25486,0.21842,0.80043,0.94669,0.95283,0.98113,0.96578,0.13103,0.13137,0.74847,0.00448273,0.00448273,0.00448273
5575,8435.54,0.21648,0.20081,0.79212,0.93897,0.95132,0.98293,0.96754,0.13092,0.13098,0.74846,0.00448174,0.00448174,0.00448174
5576,8437.02,0.24378,0.21449,0.79575,0.93939,0.95322,0.9825,0.96472,0.13102,0.13115,0.74846,0.00448075,0.00448075,0.00448075
5577,8438.47,0.22338,0.20172,0.79068,0.94065,0.95277,0.98352,0.96747,0.13112,0.13102,0.74849,0.00447976,0.00447976,0.00447976
5578,8440.02,0.25616,0.21536,0.80099,0.94213,0.95134,0.98369,0.96769,0.13121,0.13115,0.74847,0.00447877,0.00447877,0.00447877
5579,8441.49,0.26803,0.22577,0.80076,0.94215,0.95291,0.984,0.96805,0.13117,0.13117,0.74845,0.00447778,0.00447778,0.00447778
5580,8443,0.24175,0.21673,0.79215,0.94142,0.954,0.98441,0.96782,0.13125,0.13117,0.74848,0.00447679,0.00447679,0.00447679
5581,8444.51,0.24918,0.2085,0.80416,0.94099,0.95245,0.98271,0.96392,0.13158,0.13105,0.7485,0.0044758,0.0044758,0.0044758
5582,8445.97,0.21515,0.20075,0.79093,0.93904,0.95315,0.98275,0.96394,0.13148,0.13103,0.74852,0.00447481,0.00447481,0.00447481
5583,8447.51,0.24807,0.21721,0.79689,0.93773,0.95265,0.98129,0.96385,0.13148,0.13108,0.7485,0.00447382,0.00447382,0.00447382
5584,8449.08,0.22255,0.20447,0.79251,0.93927,0.95313,0.98235,0.96406,0.13147,0.13072,0.74847,0.00447283,0.00447283,0.00447283
5585,8450.63,0.23996,0.21705,0.79571,0.93621,0.95215,0.9834,0.96794,0.13146,0.13081,0.74846,0.00447184,0.00447184,0.00447184
5586,8452.1,0.23094,0.19971,0.79531,0.9391,0.95235,0.98262,0.96488,0.13129,0.13049,0.74845,0.00447085,0.00447085,0.00447085
5587,8453.58,0.22952,0.2089,0.79419,0.93894,0.95198,0.98183,0.96386,0.13119,0.13073,0.74844,0.00446986,0.00446986,0.00446986
5588,8455.04,0.22537,0.20472,0.78563,0.94013,0.95586,0.98333,0.96527,0.13107,0.13066,0.74846,0.00446887,0.00446887,0.00446887
5589,8456.54,0.23697,0.20766,0.79896,0.93991,0.95129,0.98135,0.96611,0.13122,0.13059,0.74844,0.00446788,0.00446788,0.00446788
5590,8458.06,0.24125,0.21789,0.79216,0.93824,0.95202,0.98181,0.96611,0.13129,0.13047,0.74845,0.00446689,0.00446689,0.00446689
5591,8459.54,0.22588,0.20676,0.79084,0.93823,0.95405,0.98272,0.96735,0.13126,0.1302,0.74847,0.0044659,0.0044659,0.0044659
5592,8461.02,0.23068,0.19995,0.79061,0.94071,0.95631,0.98253,0.96575,0.13132,0.13057,0.74845,0.00446491,0.00446491,0.00446491
5593,8462.57,0.23284,0.20964,0.79093,0.93967,0.95269,0.9832,0.96595,0.13126,0.1306,0.74846,0.00446392,0.00446392,0.00446392
5594,8464.21,0.25211,0.22052,0.79638,0.94912,0.95727,0.98384,0.96691,0.13129,0.13029,0.74847,0.00446293,0.00446293,0.00446293
5595,8465.81,0.22901,0.21186,0.7894,0.94738,0.95625,0.98347,0.96632,0.13147,0.13046,0.74845,0.00446194,0.00446194,0.00446194
5596,8467.33,0.23186,0.20505,0.79399,0.9443,0.95522,0.98271,0.96423,0.1316,0.13031,0.74847,0.00446095,0.00446095,0.00446095
5597,8468.82,0.23607,0.2109,0.79133,0.94519,0.95514,0.98271,0.96427,0.13164,0.1301,0.7485,0.00445996,0.00445996,0.00445996
5598,8470.34,0.23661,0.20933,0.79393,0.9426,0.95285,0.98096,0.96532,0.13139,0.13017,0.74847,0.00445897,0.00445897,0.00445897
5599,8471.86,0.23878,0.2108,0.79315,0.94403,0.95578,0.984,0.9684,0.13147,0.12978,0.74849,0.00445798,0.00445798,0.00445798
5600,8473.37,0.21963,0.19862,0.78762,0.94754,0.95681,0.9839,0.96684,0.13137,0.12961,0.74849,0.00445699,0.00445699,0.00445699
5601,8474.86,0.25126,0.2058,0.79921,0.94441,0.95736,0.98374,0.9669,0.1314,0.12965,0.74852,0.004456,0.004456,0.004456
5602,8476.36,0.2211,0.20372,0.78969,0.94474,0.95551,0.98384,0.96827,0.13136,0.12958,0.74852,0.00445501,0.00445501,0.00445501
5603,8477.87,0.24244,0.20605,0.79487,0.9451,0.95576,0.98361,0.96511,0.13138,0.12961,0.74852,0.00445402,0.00445402,0.00445402
5604,8479.4,0.22676,0.20517,0.80029,0.94317,0.95664,0.98316,0.96667,0.13128,0.12951,0.74854,0.00445303,0.00445303,0.00445303
5605,8480.92,0.21819,0.19731,0.78801,0.94373,0.95901,0.98332,0.96744,0.13126,0.12951,0.74848,0.00445204,0.00445204,0.00445204
5606,8482.4,0.23138,0.20957,0.79165,0.94448,0.95806,0.98407,0.96925,0.13123,0.1294,0.74844,0.00445105,0.00445105,0.00445105
5607,8483.89,0.23898,0.20787,0.79213,0.94254,0.95932,0.98329,0.96834,0.13119,0.1294,0.74841,0.00445006,0.00445006,0.00445006
5608,8485.4,0.21555,0.1994,0.79065,0.93756,0.95453,0.98415,0.96708,0.13109,0.12937,0.7483,0.00444907,0.00444907,0.00444907
5609,8486.86,0.24627,0.21357,0.79452,0.93973,0.95281,0.98439,0.96615,0.13102,0.12948,0.74828,0.00444808,0.00444808,0.00444808
5610,8488.36,0.21544,0.19918,0.78557,0.93699,0.95331,0.98448,0.96879,0.1309,0.12918,0.74828,0.00444709,0.00444709,0.00444709
5611,8489.89,0.23125,0.20799,0.78995,0.9344,0.95148,0.98241,0.96681,0.13091,0.12921,0.74826,0.0044461,0.0044461,0.0044461
5612,8491.34,0.24277,0.21088,0.79734,0.93429,0.95464,0.98416,0.9679,0.13089,0.12918,0.74823,0.00444511,0.00444511,0.00444511
5613,8492.86,0.23744,0.21017,0.79863,0.93238,0.95338,0.98467,0.96925,0.131,0.1294,0.7482,0.00444412,0.00444412,0.00444412
5614,8494.41,0.23016,0.20771,0.79005,0.93465,0.95849,0.9846,0.96957,0.13093,0.12908,0.74818,0.00444313,0.00444313,0.00444313
5615,8495.93,0.24362,0.21314,0.79652,0.93426,0.95309,0.98347,0.9685,0.13087,0.12893,0.74817,0.00444214,0.00444214,0.00444214
5616,8497.4,0.23111,0.20928,0.78904,0.94166,0.95253,0.98396,0.96628,0.13095,0.12916,0.74817,0.00444115,0.00444115,0.00444115
5617,8498.88,0.2595,0.21261,0.79069,0.94064,0.95252,0.98308,0.96643,0.1308,0.12913,0.74813,0.00444016,0.00444016,0.00444016
5618,8500.37,0.21947,0.2021,0.78718,0.94352,0.95045,0.98279,0.96734,0.13089,0.1291,0.74811,0.00443917,0.00443917,0.00443917
5619,8501.9,0.24142,0.21286,0.79187,0.93498,0.95153,0.98379,0.96808,0.13102,0.12901,0.74815,0.00443818,0.00443818,0.00443818
5620,8503.46,0.23272,0.21205,0.78624,0.93647,0.95216,0.98336,0.96579,0.13118,0.1289,0.74812,0.00443719,0.00443719,0.00443719
5621,8504.91,0.23459,0.20632,0.80319,0.93623,0.95143,0.98386,0.96677,0.13116,0.12896,0.74811,0.0044362,0.0044362,0.0044362
5622,8506.35,0.23186,0.20163,0.79172,0.93509,0.95175,0.98374,0.96721,0.13132,0.12882,0.74815,0.00443521,0.00443521,0.00443521
5623,8507.88,0.25741,0.21222,0.80861,0.94087,0.95705,0.98259,0.96733,0.13131,0.12898,0.74816,0.00443422,0.00443422,0.00443422
5624,8509.44,0.2078,0.19515,0.78856,0.93788,0.95365,0.98442,0.96799,0.1313,0.12911,0.74815,0.00443323,0.00443323,0.00443323
5625,8510.97,0.23661,0.20939,0.79381,0.93613,0.95229,0.98414,0.9659,0.13122,0.12881,0.74818,0.00443224,0.00443224,0.00443224
5626,8512.48,0.23524,0.21487,0.79215,0.93707,0.95434,0.98495,0.96878,0.13125,0.12877,0.74819,0.00443125,0.00443125,0.00443125
5627,8513.99,0.2512,0.22006,0.79152,0.9348,0.95254,0.98277,0.96467,0.13147,0.12877,0.74819,0.00443026,0.00443026,0.00443026
5628,8515.51,0.24738,0.21105,0.79382,0.93726,0.95293,0.98313,0.96543,0.1314,0.12882,0.74818,0.00442927,0.00442927,0.00442927
5629,8517,0.23062,0.20686,0.78883,0.93688,0.95394,0.98435,0.9677,0.13154,0.12914,0.74819,0.00442828,0.00442828,0.00442828
5630,8518.52,0.24927,0.22432,0.78894,0.93348,0.95316,0.98432,0.96868,0.13151,0.12923,0.74818,0.00442729,0.00442729,0.00442729
5631,8519.97,0.23012,0.20952,0.78676,0.93489,0.95326,0.98417,0.96825,0.13144,0.12928,0.74815,0.0044263,0.0044263,0.0044263
5632,8521.49,0.22207,0.20415,0.79527,0.93353,0.95296,0.98329,0.96766,0.13144,0.12953,0.74813,0.00442531,0.00442531,0.00442531
5633,8523.03,0.22028,0.20619,0.79409,0.93427,0.95354,0.98409,0.9665,0.13125,0.12949,0.74812,0.00442432,0.00442432,0.00442432
5634,8524.54,0.24115,0.2116,0.79739,0.93171,0.95045,0.98294,0.96644,0.13117,0.12931,0.74812,0.00442333,0.00442333,0.00442333
5635,8526.01,0.2465,0.20398,0.79469,0.93379,0.95266,0.98344,0.96697,0.13112,0.12938,0.7481,0.00442234,0.00442234,0.00442234
5636,8527.46,0.23772,0.21218,0.7909,0.93378,0.9529,0.98454,0.96836,0.13104,0.12914,0.74809,0.00442135,0.00442135,0.00442135
5637,8528.95,0.2416,0.20906,0.79256,0.93148,0.95472,0.98425,0.96653,0.13079,0.12925,0.74808,0.00442036,0.00442036,0.00442036
5638,8530.47,0.23432,0.20737,0.79167,0.92956,0.9508,0.98278,0.96699,0.1308,0.12928,0.74801,0.00441937,0.00441937,0.00441937
5639,8531.91,0.22188,0.19985,0.79629,0.92979,0.95081,0.98285,0.96529,0.13068,0.12937,0.74802,0.00441838,0.00441838,0.00441838
5640,8533.4,0.23653,0.20305,0.79432,0.93762,0.95886,0.98228,0.96677,0.13069,0.12926,0.74804,0.00441739,0.00441739,0.00441739
5641,8534.9,0.23308,0.20614,0.79078,0.93918,0.96015,0.98408,0.96701,0.13044,0.12906,0.74802,0.0044164,0.0044164,0.0044164
5642,8536.31,0.22908,0.20427,0.79812,0.93787,0.95638,0.98257,0.96836,0.13034,0.12902,0.74802,0.00441541,0.00441541,0.00441541
5643,8537.89,0.22659,0.20969,0.78456,0.93849,0.95689,0.9822,0.96511,0.13026,0.12874,0.74799,0.00441442,0.00441442,0.00441442
5644,8539.47,0.22413,0.20082,0.79096,0.94287,0.95669,0.9833,0.96644,0.12998,0.12854,0.74798,0.00441343,0.00441343,0.00441343
5645,8540.97,0.24183,0.21044,0.7994,0.94223,0.95728,0.98328,0.96652,0.12998,0.12877,0.74793,0.00441244,0.00441244,0.00441244
5646,8542.49,0.22317,0.21001,0.78403,0.94141,0.95529,0.98351,0.96771,0.12995,0.12889,0.7479,0.00441145,0.00441145,0.00441145
5647,8543.99,0.22655,0.20815,0.79191,0.94494,0.95697,0.98377,0.96806,0.12986,0.12894,0.74787,0.00441046,0.00441046,0.00441046
5648,8545.46,0.22173,0.20468,0.78825,0.94525,0.95749,0.98292,0.96741,0.12979,0.12878,0.74786,0.00440947,0.00440947,0.00440947
5649,8546.91,0.24719,0.21747,0.7937,0.94391,0.95949,0.98473,0.96969,0.12979,0.12881,0.74784,0.00440848,0.00440848,0.00440848
5650,8548.42,0.2338,0.20783,0.79038,0.94384,0.95809,0.98541,0.97086,0.12972,0.12872,0.74777,0.00440749,0.00440749,0.00440749
5651,8549.91,0.23353,0.2087,0.79006,0.94425,0.95971,0.98535,0.97081,0.12987,0.12878,0.74776,0.0044065,0.0044065,0.0044065
5652,8551.4,0.24432,0.21111,0.79738,0.94419,0.95553,0.98417,0.96856,0.12979,0.12887,0.74772,0.00440551,0.00440551,0.00440551
5653,8552.96,0.2466,0.21148,0.7878,0.94836,0.95972,0.98524,0.96939,0.12993,0.12885,0.74771,0.00440452,0.00440452,0.00440452
5654,8554.53,0.2377,0.20873,0.79817,0.94636,0.95674,0.98267,0.96723,0.12996,0.12893,0.74768,0.00440353,0.00440353,0.00440353
5655,8556.02,0.22797,0.20639,0.78931,0.9455,0.95612,0.98196,0.96538,0.1299,0.12878,0.74768,0.00440254,0.00440254,0.00440254
5656,8557.5,0.2427,0.21456,0.79197,0.95095,0.95686,0.98379,0.96893,0.13003,0.12869,0.74769,0.00440155,0.00440155,0.00440155
5657,8558.93,0.21498,0.19917,0.78585,0.94672,0.95761,0.98425,0.97043,0.1302,0.12896,0.74768,0.00440056,0.00440056,0.00440056
5658,8560.48,0.23504,0.20398,0.79962,0.94449,0.95771,0.98437,0.9695,0.13023,0.12867,0.74769,0.00439957,0.00439957,0.00439957
5659,8561.97,0.22844,0.19564,0.79434,0.94358,0.95738,0.98447,0.96941,0.13023,0.12879,0.74767,0.00439858,0.00439858,0.00439858
5660,8563.47,0.22859,0.20279,0.78684,0.94408,0.95571,0.98424,0.97043,0.13004,0.12849,0.74767,0.00439759,0.00439759,0.00439759
5661,8564.94,0.22729,0.20216,0.78873,0.94602,0.95728,0.98442,0.97005,0.12999,0.12823,0.74769,0.0043966,0.0043966,0.0043966
5662,8566.43,0.21648,0.20012,0.78598,0.94164,0.95627,0.98283,0.96599,0.12984,0.1282,0.74767,0.00439561,0.00439561,0.00439561
5663,8567.97,0.23922,0.20688,0.79831,0.94696,0.95718,0.98509,0.96999,0.12995,0.12836,0.74765,0.00439462,0.00439462,0.00439462
5664,8569.7,0.23027,0.20441,0.78937,0.94101,0.95479,0.98376,0.96806,0.12985,0.1283,0.74762,0.00439363,0.00439363,0.00439363
5665,8571.27,0.22824,0.20322,0.79026,0.94412,0.95755,0.98418,0.96984,0.1298,0.1279,0.74764,0.00439264,0.00439264,0.00439264
5666,8572.74,0.2347,0.20491,0.79646,0.94653,0.95758,0.98389,0.96969,0.12964,0.12787,0.74764,0.00439165,0.00439165,0.00439165
5667,8574.27,0.21531,0.19775,0.79027,0.94857,0.95718,0.9847,0.969,0.12949,0.12789,0.74763,0.00439066,0.00439066,0.00439066
5668,8575.79,0.24266,0.20673,0.79576,0.94677,0.95524,0.98395,0.96747,0.12943,0.12764,0.7476,0.00438967,0.00438967,0.00438967
5669,8577.29,0.24042,0.2083,0.79323,0.94577,0.95598,0.98238,0.96806,0.12937,0.12756,0.74762,0.00438868,0.00438868,0.00438868
5670,8578.78,0.22771,0.20746,0.78548,0.948,0.95802,0.98444,0.96937,0.12938,0.12786,0.74761,0.00438769,0.00438769,0.00438769
5671,8580.27,0.21251,0.20211,0.78535,0.94714,0.95645,0.98445,0.9676,0.12932,0.12761,0.74761,0.0043867,0.0043867,0.0043867
5672,8581.76,0.22257,0.20141,0.79177,0.9449,0.95554,0.98308,0.96714,0.12916,0.12773,0.74761,0.00438571,0.00438571,0.00438571
5673,8583.31,0.24674,0.21454,0.79518,0.94351,0.95618,0.98322,0.96794,0.12938,0.1278,0.74764,0.00438472,0.00438472,0.00438472
5674,8584.88,0.24119,0.21037,0.78862,0.94687,0.95744,0.98425,0.9708,0.12937,0.1277,0.74763,0.00438373,0.00438373,0.00438373
5675,8586.41,0.22571,0.20895,0.78543,0.94831,0.95807,0.98356,0.96795,0.1292,0.1277,0.74763,0.00438274,0.00438274,0.00438274
5676,8587.86,0.24983,0.21519,0.79598,0.94539,0.95561,0.98351,0.96826,0.12922,0.12783,0.74765,0.00438175,0.00438175,0.00438175
5677,8589.45,0.23489,0.21141,0.79004,0.94535,0.95721,0.98395,0.97089,0.12918,0.12765,0.74765,0.00438076,0.00438076,0.00438076
5678,8590.95,0.22605,0.20002,0.79216,0.94373,0.95663,0.9836,0.97031,0.12914,0.12796,0.74765,0.00437977,0.00437977,0.00437977
5679,8592.39,0.23889,0.21415,0.79144,0.93826,0.95562,0.98173,0.96703,0.12929,0.12791,0.74767,0.00437878,0.00437878,0.00437878
5680,8593.91,0.22432,0.20315,0.78987,0.94272,0.9568,0.98351,0.96887,0.12912,0.12787,0.74766,0.00437779,0.00437779,0.00437779
5681,8595.38,0.22924,0.21253,0.78952,0.94476,0.95704,0.98418,0.9692,0.1291,0.1279,0.74764,0.0043768,0.0043768,0.0043768
5682,8596.86,0.23199,0.20493,0.78932,0.94179,0.95586,0.98095,0.96579,0.12931,0.12791,0.74768,0.00437581,0.00437581,0.00437581
5683,8598.42,0.22438,0.20921,0.79208,0.94251,0.95673,0.98225,0.96727,0.12916,0.12806,0.74768,0.00437482,0.00437482,0.00437482
5684,8599.98,0.22294,0.20091,0.79405,0.94503,0.95864,0.98283,0.96669,0.12912,0.12816,0.74767,0.00437383,0.00437383,0.00437383
5685,8601.49,0.21399,0.20461,0.78859,0.94338,0.95751,0.98241,0.9673,0.12904,0.128,0.74768,0.00437284,0.00437284,0.00437284
5686,8603.01,0.22054,0.2013,0.7981,0.93168,0.95343,0.98331,0.96676,0.12904,0.12777,0.74765,0.00437185,0.00437185,0.00437185
5687,8604.51,0.21723,0.19804,0.79084,0.93566,0.95531,0.9833,0.96711,0.12882,0.12766,0.74764,0.00437086,0.00437086,0.00437086
5688,8605.96,0.2067,0.19321,0.78923,0.93313,0.95393,0.98412,0.9688,0.12885,0.12783,0.74763,0.00436987,0.00436987,0.00436987
5689,8607.46,0.22742,0.20587,0.79493,0.93854,0.95407,0.98387,0.96747,0.12882,0.1276,0.7476,0.00436888,0.00436888,0.00436888
5690,8608.96,0.23903,0.21089,0.79285,0.93133,0.95405,0.98108,0.96517,0.1287,0.12742,0.74762,0.00436789,0.00436789,0.00436789
5691,8610.42,0.23371,0.2088,0.78935,0.93558,0.95595,0.98483,0.9688,0.12866,0.12742,0.7476,0.0043669,0.0043669,0.0043669
5692,8611.84,0.23097,0.19857,0.7936,0.93597,0.95461,0.98342,0.96616,0.12879,0.1275,0.74757,0.00436591,0.00436591,0.00436591
5693,8613.38,0.23056,0.19879,0.79116,0.94117,0.95462,0.98401,0.96705,0.12874,0.1277,0.74755,0.00436492,0.00436492,0.00436492
5694,8614.98,0.22624,0.19769,0.79296,0.93517,0.95497,0.98398,0.96877,0.12873,0.1277,0.74754,0.00436393,0.00436393,0.00436393
5695,8616.53,0.23254,0.20774,0.7893,0.93926,0.95487,0.9849,0.96714,0.12873,0.12758,0.74748,0.00436294,0.00436294,0.00436294
5696,8618.04,0.23416,0.20874,0.78919,0.93901,0.95449,0.98372,0.96769,0.12877,0.12761,0.74748,0.00436195,0.00436195,0.00436195
5697,8619.57,0.22834,0.20036,0.78839,0.9398,0.95333,0.98231,0.96547,0.12882,0.12781,0.7475,0.00436096,0.00436096,0.00436096
5698,8621.1,0.22964,0.20399,0.79336,0.95248,0.95872,0.98487,0.96875,0.12877,0.1279,0.74746,0.00435997,0.00435997,0.00435997
5699,8622.6,0.25078,0.21313,0.79434,0.94912,0.95686,0.98458,0.96877,0.12881,0.12798,0.74748,0.00435898,0.00435898,0.00435898
5700,8624.16,0.22403,0.20089,0.79193,0.95178,0.95664,0.9838,0.96812,0.12884,0.12815,0.7475,0.00435799,0.00435799,0.00435799
5701,8625.68,0.23028,0.20776,0.79295,0.94929,0.96102,0.98421,0.96832,0.12892,0.12811,0.74748,0.004357,0.004357,0.004357
5702,8627.21,0.23481,0.20771,0.79655,0.9472,0.95539,0.98436,0.96783,0.12907,0.12842,0.74747,0.00435601,0.00435601,0.00435601
5703,8628.77,0.22203,0.2056,0.78464,0.94921,0.96088,0.98495,0.96772,0.12899,0.12817,0.74746,0.00435502,0.00435502,0.00435502
5704,8630.41,0.22271,0.20604,0.78987,0.94948,0.95469,0.98329,0.96727,0.1289,0.12801,0.74745,0.00435403,0.00435403,0.00435403
5705,8631.86,0.23364,0.20293,0.78898,0.94674,0.95815,0.98427,0.96764,0.12891,0.12807,0.74743,0.00435304,0.00435304,0.00435304
5706,8633.35,0.22637,0.20302,0.79537,0.94171,0.95216,0.98363,0.96602,0.12903,0.12802,0.74746,0.00435205,0.00435205,0.00435205
5707,8634.82,0.22856,0.20559,0.79194,0.94117,0.95274,0.98327,0.96674,0.12905,0.12826,0.74744,0.00435106,0.00435106,0.00435106
5708,8636.31,0.23018,0.19963,0.79577,0.94049,0.95226,0.98305,0.96746,0.12889,0.12818,0.74738,0.00435007,0.00435007,0.00435007
5709,8637.82,0.22017,0.19913,0.79304,0.94103,0.95439,0.98432,0.96866,0.12888,0.12809,0.7474,0.00434908,0.00434908,0.00434908
5710,8639.29,0.21901,0.19791,0.79628,0.93823,0.95332,0.98382,0.96942,0.12899,0.12789,0.7474,0.00434809,0.00434809,0.00434809
5711,8640.73,0.23325,0.20091,0.79244,0.93705,0.95021,0.98449,0.96836,0.12894,0.1278,0.74741,0.0043471,0.0043471,0.0043471
5712,8642.2,0.22615,0.20008,0.79292,0.93765,0.95399,0.98409,0.96801,0.12892,0.12782,0.7474,0.00434611,0.00434611,0.00434611
5713,8643.76,0.21874,0.19868,0.79415,0.93761,0.95317,0.98418,0.96972,0.12877,0.12774,0.74737,0.00434512,0.00434512,0.00434512
5714,8645.25,0.2264,0.20375,0.78971,0.94094,0.95368,0.98551,0.96957,0.12855,0.12742,0.74738,0.00434413,0.00434413,0.00434413
5715,8646.75,0.23816,0.21329,0.7957,0.94035,0.95242,0.98499,0.97088,0.1287,0.12759,0.74736,0.00434314,0.00434314,0.00434314
5716,8648.21,0.23235,0.20612,0.79833,0.93925,0.95355,0.98534,0.97053,0.12852,0.12754,0.74732,0.00434215,0.00434215,0.00434215
5717,8649.67,0.22052,0.20543,0.78381,0.94289,0.95135,0.9845,0.96974,0.12834,0.1274,0.74731,0.00434116,0.00434116,0.00434116
5718,8651.15,0.24049,0.20858,0.79547,0.94199,0.95385,0.98348,0.96723,0.12841,0.12754,0.7473,0.00434017,0.00434017,0.00434017
5719,8652.66,0.22335,0.20911,0.7889,0.9401,0.95473,0.98472,0.96936,0.12836,0.12767,0.7473,0.00433918,0.00433918,0.00433918
5720,8654.16,0.23284,0.2098,0.79134,0.94,0.95266,0.98529,0.9686,0.12835,0.12745,0.74729,0.00433819,0.00433819,0.00433819
5721,8655.61,0.23665,0.20918,0.78824,0.9385,0.95206,0.98347,0.96874,0.12849,0.12769,0.74727,0.0043372,0.0043372,0.0043372
5722,8657.13,0.22157,0.19679,0.79183,0.9343,0.94651,0.98306,0.96635,0.12859,0.12807,0.74731,0.00433621,0.00433621,0.00433621
5723,8658.65,0.24411,0.20876,0.80106,0.93752,0.95414,0.98544,0.97055,0.12839,0.12792,0.74728,0.00433522,0.00433522,0.00433522
5724,8660.23,0.2196,0.20077,0.79089,0.93561,0.94923,0.98403,0.96769,0.12845,0.12777,0.74729,0.00433423,0.00433423,0.00433423
5725,8661.76,0.21892,0.20239,0.78283,0.93755,0.95155,0.98537,0.97034,0.12832,0.12772,0.74727,0.00433324,0.00433324,0.00433324
5726,8663.28,0.22096,0.20244,0.79515,0.9378,0.9516,0.98381,0.96735,0.12825,0.12781,0.74726,0.00433225,0.00433225,0.00433225
5727,8664.79,0.22323,0.20116,0.78973,0.94468,0.9527,0.98328,0.96599,0.12833,0.12791,0.74723,0.00433126,0.00433126,0.00433126
5728,8666.29,0.21509,0.20036,0.78613,0.9462,0.95529,0.98558,0.96941,0.12824,0.12771,0.74721,0.00433027,0.00433027,0.00433027
5729,8667.79,0.25533,0.21717,0.79233,0.93864,0.95303,0.98499,0.96915,0.12811,0.12772,0.74721,0.00432928,0.00432928,0.00432928
5730,8669.31,0.22111,0.20364,0.7891,0.94666,0.95281,0.98468,0.96718,0.12819,0.12743,0.74722,0.00432829,0.00432829,0.00432829
5731,8670.83,0.22212,0.19972,0.79001,0.94401,0.95489,0.98563,0.96888,0.12816,0.12783,0.74717,0.0043273,0.0043273,0.0043273
5732,8672.3,0.24405,0.21224,0.7954,0.9445,0.95704,0.98633,0.96912,0.12817,0.1278,0.74717,0.00432631,0.00432631,0.00432631
5733,8673.9,0.22326,0.20361,0.79031,0.94584,0.955,0.98563,0.97047,0.12831,0.12766,0.74718,0.00432532,0.00432532,0.00432532
5734,8675.45,0.23854,0.20885,0.78868,0.94729,0.95251,0.9852,0.9685,0.12805,0.12747,0.74717,0.00432433,0.00432433,0.00432433
5735,8676.96,0.25101,0.21346,0.80422,0.94604,0.95781,0.98628,0.96936,0.12805,0.12739,0.7472,0.00432334,0.00432334,0.00432334
5736,8678.41,0.22657,0.20688,0.78874,0.94459,0.95965,0.98665,0.97026,0.12817,0.12746,0.74723,0.00432235,0.00432235,0.00432235
5737,8679.94,0.23086,0.20461,0.79359,0.94452,0.95702,0.98647,0.97038,0.12813,0.12746,0.74721,0.00432136,0.00432136,0.00432136
5738,8681.43,0.2234,0.20241,0.78843,0.94403,0.95707,0.98591,0.96943,0.12814,0.12751,0.74722,0.00432037,0.00432037,0.00432037
5739,8682.89,0.21899,0.19937,0.78995,0.94456,0.95575,0.98523,0.96773,0.12811,0.12764,0.74722,0.00431938,0.00431938,0.00431938
5740,8684.42,0.23074,0.20046,0.79271,0.94309,0.95817,0.98621,0.96874,0.12808,0.1273,0.74725,0.00431839,0.00431839,0.00431839
5741,8685.87,0.22984,0.20093,0.79306,0.94674,0.9519,0.98557,0.96903,0.12817,0.12756,0.74723,0.0043174,0.0043174,0.0043174
5742,8687.38,0.22349,0.19888,0.79733,0.94403,0.95813,0.98516,0.96703,0.12813,0.12753,0.74724,0.00431641,0.00431641,0.00431641
5743,8688.99,0.22523,0.20524,0.79244,0.94311,0.95669,0.98534,0.9692,0.12814,0.12748,0.74726,0.00431542,0.00431542,0.00431542
5744,8690.56,0.22883,0.19984,0.79804,0.94485,0.95666,0.98663,0.96976,0.1282,0.12769,0.74727,0.00431443,0.00431443,0.00431443
5745,8692.06,0.23964,0.20725,0.79805,0.94495,0.95204,0.98492,0.96727,0.12815,0.12776,0.74727,0.00431344,0.00431344,0.00431344
5746,8693.58,0.21679,0.20277,0.79197,0.94238,0.95452,0.98452,0.96764,0.12821,0.12773,0.74725,0.00431245,0.00431245,0.00431245
5747,8695.03,0.23146,0.20909,0.78943,0.94551,0.95719,0.98615,0.96964,0.12815,0.12772,0.74724,0.00431146,0.00431146,0.00431146
5748,8696.48,0.22651,0.20248,0.79428,0.94253,0.95102,0.98548,0.9675,0.12827,0.12782,0.74725,0.00431047,0.00431047,0.00431047
5749,8697.97,0.2162,0.20722,0.78843,0.94574,0.95667,0.98547,0.96756,0.12828,0.12781,0.74726,0.00430948,0.00430948,0.00430948
5750,8699.46,0.22602,0.20202,0.78952,0.94666,0.95707,0.98552,0.96879,0.12829,0.12781,0.74727,0.00430849,0.00430849,0.00430849
5751,8700.95,0.23316,0.20572,0.7913,0.94285,0.9524,0.98487,0.96836,0.12835,0.12777,0.74728,0.0043075,0.0043075,0.0043075
5752,8702.46,0.24135,0.21137,0.79265,0.94243,0.95391,0.98442,0.96836,0.12841,0.12791,0.74729,0.00430651,0.00430651,0.00430651
5753,8704.03,0.22814,0.20435,0.79218,0.94075,0.95379,0.98432,0.96648,0.12836,0.1279,0.74728,0.00430552,0.00430552,0.00430552
5754,8705.54,0.2398,0.20656,0.78918,0.94915,0.95707,0.98508,0.96962,0.12832,0.12767,0.74732,0.00430453,0.00430453,0.00430453
5755,8707.09,0.21559,0.20163,0.78939,0.93464,0.95223,0.98358,0.96728,0.12828,0.12781,0.74732,0.00430354,0.00430354,0.00430354
5756,8708.55,0.21314,0.19662,0.78115,0.9359,0.94893,0.98354,0.96947,0.12836,0.12782,0.74731,0.00430255,0.00430255,0.00430255
5757,8710.03,0.2205,0.20294,0.7919,0.93659,0.95019,0.98369,0.96753,0.12844,0.12796,0.74734,0.00430156,0.00430156,0.00430156
5758,8711.54,0.22506,0.20097,0.79113,0.93827,0.95517,0.98586,0.97167,0.12826,0.12752,0.74737,0.00430057,0.00430057,0.00430057
5759,8713.04,0.23298,0.21529,0.79015,0.93655,0.9543,0.98534,0.96804,0.12818,0.12759,0.74737,0.00429958,0.00429958,0.00429958
5760,8714.51,0.22754,0.20415,0.78385,0.93623,0.95079,0.98418,0.96919,0.12842,0.12784,0.74739,0.00429859,0.00429859,0.00429859
5761,8716.08,0.23996,0.20151,0.79767,0.93602,0.95008,0.98455,0.96895,0.1283,0.12785,0.74741,0.0042976,0.0042976,0.0042976
5762,8717.56,0.21481,0.20077,0.78735,0.93668,0.95073,0.98429,0.96844,0.12836,0.1279,0.7474,0.00429661,0.00429661,0.00429661
5763,8719.1,0.22711,0.20435,0.78703,0.93819,0.95127,0.98562,0.96847,0.12847,0.12799,0.74742,0.00429562,0.00429562,0.00429562
5764,8720.66,0.22823,0.20272,0.78705,0.93886,0.95142,0.98606,0.97052,0.12825,0.12796,0.74744,0.00429463,0.00429463,0.00429463
5765,8722.15,0.20703,0.1968,0.78502,0.93682,0.95527,0.9852,0.9689,0.1282,0.12813,0.7474,0.00429364,0.00429364,0.00429364
5766,8723.61,0.23096,0.21067,0.79068,0.93519,0.9495,0.98493,0.96997,0.12823,0.12808,0.74739,0.00429265,0.00429265,0.00429265
5767,8725.08,0.22306,0.20103,0.7935,0.935,0.95181,0.98601,0.96921,0.1281,0.12795,0.74739,0.00429166,0.00429166,0.00429166
5768,8726.61,0.2143,0.20258,0.78492,0.93221,0.9539,0.98486,0.96795,0.12801,0.12822,0.74736,0.00429067,0.00429067,0.00429067
5769,8728.07,0.21274,0.20035,0.79517,0.93232,0.95003,0.98409,0.96774,0.12809,0.1281,0.74737,0.00428968,0.00428968,0.00428968
5770,8729.56,0.22377,0.20302,0.79561,0.9334,0.95163,0.98529,0.96973,0.12811,0.128,0.74739,0.00428869,0.00428869,0.00428869
5771,8731.02,0.23897,0.21145,0.80137,0.93447,0.95036,0.98444,0.96736,0.12809,0.12809,0.74733,0.0042877,0.0042877,0.0042877
5772,8732.49,0.23429,0.21143,0.79131,0.93174,0.9484,0.9833,0.96759,0.12814,0.12797,0.74736,0.00428671,0.00428671,0.00428671
5773,8734.01,0.21662,0.20116,0.78919,0.94399,0.95317,0.98353,0.96907,0.12821,0.12793,0.74732,0.00428572,0.00428572,0.00428572
5774,8735.57,0.21359,0.20293,0.78368,0.94113,0.957,0.98488,0.96761,0.12816,0.12791,0.7473,0.00428473,0.00428473,0.00428473
5775,8737.09,0.22384,0.19606,0.79047,0.93891,0.95386,0.9833,0.96613,0.12814,0.12778,0.74731,0.00428374,0.00428374,0.00428374
5776,8738.56,0.22569,0.19957,0.79294,0.94343,0.95682,0.98478,0.96752,0.12824,0.12762,0.74727,0.00428275,0.00428275,0.00428275
5777,8740.07,0.23094,0.20947,0.78823,0.94357,0.95597,0.98243,0.96411,0.12805,0.12742,0.74727,0.00428176,0.00428176,0.00428176
5778,8741.55,0.23055,0.20114,0.79756,0.94605,0.9548,0.98351,0.96544,0.12815,0.12764,0.74728,0.00428077,0.00428077,0.00428077
5779,8743.05,0.22892,0.20206,0.79308,0.9459,0.95605,0.98359,0.96553,0.12823,0.12761,0.74727,0.00427978,0.00427978,0.00427978
5780,8744.52,0.24331,0.21069,0.79066,0.94634,0.95697,0.98444,0.96646,0.1281,0.12774,0.74724,0.00427879,0.00427879,0.00427879
5781,8746,0.22818,0.20249,0.79513,0.93365,0.9531,0.9843,0.96729,0.12812,0.1277,0.74725,0.0042778,0.0042778,0.0042778
5782,8747.5,0.22886,0.20436,0.78908,0.93282,0.95113,0.98249,0.96566,0.12824,0.12769,0.74723,0.00427681,0.00427681,0.00427681
5783,8749.02,0.23641,0.20318,0.79043,0.93674,0.95037,0.98453,0.96979,0.12807,0.12784,0.7472,0.00427582,0.00427582,0.00427582
5784,8750.66,0.23288,0.2116,0.79042,0.93764,0.95123,0.98514,0.97042,0.1282,0.12797,0.74719,0.00427483,0.00427483,0.00427483
5785,8752.25,0.22465,0.20285,0.79084,0.93897,0.95397,0.98578,0.96858,0.12837,0.12794,0.74718,0.00427384,0.00427384,0.00427384
5786,8753.77,0.24295,0.21495,0.78928,0.93657,0.95242,0.98415,0.96803,0.12843,0.12825,0.74716,0.00427285,0.00427285,0.00427285
5787,8755.25,0.22942,0.20973,0.79976,0.93505,0.95257,0.98455,0.96835,0.12845,0.12849,0.74715,0.00427186,0.00427186,0.00427186
5788,8756.8,0.23492,0.20996,0.78593,0.9349,0.95155,0.98414,0.96695,0.12845,0.12852,0.74712,0.00427087,0.00427087,0.00427087
5789,8758.28,0.21979,0.20314,0.79017,0.93398,0.95134,0.98474,0.97016,0.12838,0.12878,0.74711,0.00426988,0.00426988,0.00426988
5790,8759.79,0.21046,0.20241,0.79001,0.93392,0.95301,0.9847,0.96982,0.12821,0.12869,0.74712,0.00426889,0.00426889,0.00426889
5791,8761.23,0.22531,0.21178,0.79521,0.94495,0.95502,0.98352,0.96725,0.12822,0.12838,0.74711,0.0042679,0.0042679,0.0042679
5792,8762.77,0.21065,0.19292,0.79209,0.94723,0.95492,0.98483,0.9678,0.12821,0.12838,0.74708,0.00426691,0.00426691,0.00426691
5793,8764.25,0.22428,0.20131,0.79003,0.94586,0.95395,0.98467,0.96961,0.12806,0.1285,0.74708,0.00426592,0.00426592,0.00426592
5794,8765.86,0.21054,0.19748,0.78613,0.95096,0.95691,0.98496,0.96836,0.12802,0.12838,0.74706,0.00426493,0.00426493,0.00426493
5795,8767.36,0.22726,0.20585,0.78715,0.94838,0.95467,0.98535,0.96871,0.12804,0.12826,0.74705,0.00426394,0.00426394,0.00426394
5796,8768.83,0.23212,0.20311,0.789,0.94723,0.95503,0.98481,0.969,0.12802,0.12816,0.74711,0.00426295,0.00426295,0.00426295
5797,8770.35,0.21999,0.19935,0.78884,0.94743,0.95371,0.98474,0.96826,0.12796,0.12812,0.7471,0.00426196,0.00426196,0.00426196
5798,8771.83,0.23237,0.20204,0.79469,0.95135,0.95706,0.98552,0.96792,0.12792,0.12806,0.74709,0.00426097,0.00426097,0.00426097
5799,8773.31,0.22425,0.20791,0.78788,0.9492,0.95652,0.98551,0.96777,0.12791,0.12802,0.74712,0.00425998,0.00425998,0.00425998
5800,8774.8,0.22081,0.20319,0.78865,0.95369,0.95654,0.986,0.96946,0.12796,0.1282,0.74711,0.00425899,0.00425899,0.00425899
5801,8776.35,0.24092,0.20683,0.79755,0.95244,0.95252,0.98416,0.96859,0.12776,0.12812,0.74714,0.004258,0.004258,0.004258
5802,8777.81,0.21133,0.1976,0.79354,0.95253,0.95406,0.98496,0.96884,0.12776,0.12822,0.74712,0.00425701,0.00425701,0.00425701
5803,8779.34,0.22943,0.20754,0.78879,0.95354,0.9561,0.98594,0.96931,0.12777,0.12857,0.74712,0.00425602,0.00425602,0.00425602
5804,8780.89,0.21102,0.19437,0.79604,0.95311,0.95532,0.9842,0.96625,0.12784,0.12867,0.74711,0.00425503,0.00425503,0.00425503
5805,8782.35,0.21057,0.19342,0.78638,0.95087,0.95484,0.98489,0.96714,0.1277,0.12888,0.7471,0.00425404,0.00425404,0.00425404
5806,8783.88,0.21062,0.19361,0.78925,0.95383,0.95592,0.98619,0.97042,0.12774,0.1286,0.74713,0.00425305,0.00425305,0.00425305
5807,8785.39,0.21786,0.20315,0.7903,0.95331,0.95565,0.98555,0.96853,0.12778,0.12849,0.74717,0.00425206,0.00425206,0.00425206
5808,8786.85,0.21465,0.19741,0.78676,0.95402,0.95441,0.98478,0.9697,0.12766,0.12828,0.74715,0.00425107,0.00425107,0.00425107
5809,8788.34,0.24243,0.20416,0.80063,0.95376,0.95716,0.98473,0.96789,0.1277,0.12826,0.74717,0.00425008,0.00425008,0.00425008
5810,8789.8,0.21682,0.19486,0.79636,0.95326,0.95811,0.985,0.9694,0.12761,0.12806,0.74718,0.00424909,0.00424909,0.00424909
5811,8791.3,0.23877,0.20403,0.79922,0.95313,0.95746,0.98579,0.96756,0.12766,0.12822,0.74723,0.0042481,0.0042481,0.0042481
5812,8792.78,0.20811,0.19273,0.79646,0.94879,0.95522,0.98436,0.96607,0.12773,0.1281,0.74726,0.00424711,0.00424711,0.00424711
5813,8794.28,0.24768,0.20719,0.7909,0.94919,0.95587,0.98464,0.96687,0.12781,0.12828,0.74728,0.00424612,0.00424612,0.00424612
5814,8795.82,0.2186,0.20188,0.79517,0.94665,0.95534,0.98477,0.96591,0.12759,0.12806,0.74728,0.00424513,0.00424513,0.00424513
5815,8797.37,0.21395,0.19641,0.79031,0.94996,0.95582,0.98568,0.96776,0.12783,0.1282,0.74728,0.00424414,0.00424414,0.00424414
5816,8798.9,0.23202,0.20959,0.78944,0.94938,0.95527,0.98496,0.96982,0.12785,0.12808,0.7473,0.00424315,0.00424315,0.00424315
5817,8800.51,0.2307,0.20322,0.79625,0.94851,0.95493,0.98311,0.96599,0.1277,0.12796,0.74724,0.00424216,0.00424216,0.00424216
5818,8802.04,0.21596,0.19666,0.79298,0.94969,0.95715,0.98495,0.96739,0.12763,0.12792,0.74723,0.00424117,0.00424117,0.00424117
5819,8803.56,0.21854,0.20035,0.79054,0.94809,0.95612,0.98327,0.96828,0.12754,0.12784,0.74723,0.00424018,0.00424018,0.00424018
5820,8805.01,0.22118,0.20252,0.79197,0.94734,0.95652,0.98403,0.96916,0.12748,0.12796,0.7472,0.00423919,0.00423919,0.00423919
5821,8806.5,0.2288,0.19888,0.79445,0.94788,0.95518,0.98332,0.96477,0.12758,0.12764,0.7472,0.0042382,0.0042382,0.0042382
5822,8807.94,0.20827,0.19205,0.79108,0.94821,0.95645,0.98454,0.96994,0.12755,0.12772,0.74722,0.00423721,0.00423721,0.00423721
5823,8809.47,0.22662,0.20168,0.78998,0.95017,0.95667,0.98524,0.97067,0.12748,0.12768,0.74719,0.00423622,0.00423622,0.00423622
5824,8811.24,0.22114,0.19962,0.79139,0.94848,0.95704,0.98506,0.96767,0.1275,0.12766,0.7472,0.00423523,0.00423523,0.00423523
5825,8812.7,0.22225,0.19827,0.79256,0.9447,0.95537,0.98338,0.96598,0.12744,0.12756,0.74718,0.00423424,0.00423424,0.00423424
5826,8814.23,0.22541,0.20764,0.78766,0.94627,0.95584,0.98424,0.96812,0.1275,0.12763,0.74719,0.00423325,0.00423325,0.00423325
5827,8815.77,0.2184,0.20037,0.79522,0.94474,0.95522,0.98262,0.96713,0.12749,0.12784,0.7472,0.00423226,0.00423226,0.00423226
5828,8817.25,0.21917,0.20279,0.78813,0.94726,0.95707,0.98425,0.96868,0.12746,0.12772,0.7472,0.00423127,0.00423127,0.00423127
5829,8818.71,0.23508,0.20724,0.78789,0.94723,0.95774,0.98456,0.9682,0.12743,0.12761,0.74717,0.00423028,0.00423028,0.00423028
5830,8820.26,0.22797,0.20693,0.79384,0.94196,0.95475,0.983,0.96652,0.12755,0.12775,0.7472,0.00422929,0.00422929,0.00422929
5831,8821.76,0.23486,0.21146,0.79469,0.94509,0.95552,0.98491,0.9678,0.12753,0.12776,0.74718,0.0042283,0.0042283,0.0042283
5832,8823.22,0.24877,0.213,0.79986,0.94558,0.95543,0.98465,0.96963,0.12766,0.12766,0.74722,0.00422731,0.00422731,0.00422731
5833,8824.79,0.22852,0.21087,0.78598,0.94503,0.95425,0.98426,0.96791,0.12782,0.12792,0.74718,0.00422632,0.00422632,0.00422632
5834,8826.38,0.21655,0.2037,0.7887,0.94572,0.9565,0.98403,0.96834,0.12779,0.12776,0.74724,0.00422533,0.00422533,0.00422533
5835,8827.9,0.23377,0.20727,0.7961,0.94593,0.95573,0.98557,0.97021,0.12772,0.12769,0.74721,0.00422434,0.00422434,0.00422434
5836,8829.4,0.22918,0.2068,0.79394,0.9478,0.95287,0.98463,0.97006,0.12785,0.12771,0.74721,0.00422335,0.00422335,0.00422335
5837,8830.87,0.23482,0.20775,0.788,0.95233,0.95589,0.98524,0.97002,0.12788,0.12771,0.7472,0.00422236,0.00422236,0.00422236
5838,8832.36,0.22564,0.20533,0.79581,0.95288,0.95662,0.98578,0.97125,0.12778,0.12746,0.74722,0.00422137,0.00422137,0.00422137
5839,8833.85,0.24194,0.21262,0.7951,0.94826,0.9562,0.9844,0.96751,0.12786,0.12751,0.74722,0.00422038,0.00422038,0.00422038
5840,8835.32,0.22321,0.20147,0.79148,0.94927,0.95674,0.98607,0.96876,0.1279,0.12759,0.74723,0.00421939,0.00421939,0.00421939
5841,8836.84,0.23349,0.20693,0.79265,0.94787,0.95526,0.98445,0.9671,0.12807,0.1275,0.74724,0.0042184,0.0042184,0.0042184
5842,8838.31,0.21841,0.19547,0.78855,0.946,0.9553,0.98544,0.9692,0.12808,0.12748,0.74728,0.00421741,0.00421741,0.00421741
5843,8839.89,0.23063,0.20968,0.78767,0.94506,0.95612,0.98582,0.97026,0.12815,0.12746,0.74727,0.00421642,0.00421642,0.00421642
5844,8841.43,0.22646,0.20293,0.79193,0.94574,0.95716,0.98536,0.96818,0.12806,0.12747,0.74728,0.00421543,0.00421543,0.00421543
5845,8842.99,0.22371,0.1981,0.79139,0.94484,0.9562,0.98476,0.97029,0.1281,0.12736,0.74733,0.00421444,0.00421444,0.00421444
5846,8844.51,0.22433,0.20178,0.78948,0.94293,0.95489,0.98422,0.96766,0.12805,0.12744,0.74732,0.00421345,0.00421345,0.00421345
5847,8845.99,0.2182,0.20184,0.78882,0.94531,0.956,0.98586,0.96966,0.1281,0.12742,0.74728,0.00421246,0.00421246,0.00421246
5848,8847.46,0.23064,0.20297,0.79344,0.94785,0.95828,0.98634,0.97086,0.12811,0.12746,0.74728,0.00421147,0.00421147,0.00421147
5849,8848.9,0.2309,0.21248,0.78665,0.94659,0.95664,0.98472,0.96757,0.1282,0.12742,0.74728,0.00421048,0.00421048,0.00421048
5850,8850.39,0.21105,0.1982,0.78925,0.94624,0.95698,0.98596,0.97166,0.12814,0.12727,0.74728,0.00420949,0.00420949,0.00420949
5851,8851.86,0.2177,0.19956,0.78918,0.94551,0.95451,0.98498,0.96954,0.12819,0.12725,0.74731,0.0042085,0.0042085,0.0042085
5852,8853.33,0.23323,0.20937,0.79552,0.94877,0.95825,0.98652,0.97112,0.12808,0.12726,0.7473,0.00420751,0.00420751,0.00420751
5853,8854.86,0.23501,0.21077,0.79104,0.94739,0.95491,0.98523,0.9702,0.12815,0.12733,0.7473,0.00420652,0.00420652,0.00420652
5854,8856.43,0.21367,0.19274,0.794,0.94971,0.95736,0.98568,0.96853,0.12814,0.12743,0.74729,0.00420553,0.00420553,0.00420553
5855,8857.89,0.21653,0.19564,0.78501,0.95017,0.95633,0.98637,0.97144,0.1281,0.12727,0.74727,0.00420454,0.00420454,0.00420454
5856,8859.38,0.2211,0.2013,0.80043,0.94705,0.95739,0.98699,0.9716,0.12813,0.12752,0.74726,0.00420355,0.00420355,0.00420355
5857,8860.87,0.22354,0.19956,0.79068,0.9477,0.95791,0.98607,0.97022,0.12822,0.12775,0.74726,0.00420256,0.00420256,0.00420256
5858,8862.35,0.21681,0.19992,0.78666,0.94675,0.95623,0.98534,0.96967,0.12828,0.12779,0.74721,0.00420157,0.00420157,0.00420157
5859,8863.84,0.22644,0.20569,0.79388,0.94762,0.95729,0.98559,0.9707,0.12828,0.12779,0.74722,0.00420058,0.00420058,0.00420058
5860,8865.37,0.22893,0.2079,0.79067,0.94665,0.95569,0.9849,0.96849,0.12843,0.12789,0.7472,0.00419959,0.00419959,0.00419959
5861,8866.82,0.21707,0.20029,0.79306,0.9445,0.95557,0.98661,0.97031,0.12843,0.12786,0.74718,0.0041986,0.0041986,0.0041986
5862,8868.3,0.2268,0.1999,0.79488,0.94242,0.95549,0.9835,0.96777,0.12855,0.12805,0.74715,0.00419761,0.00419761,0.00419761
5863,8869.88,0.23597,0.20662,0.78848,0.94768,0.95697,0.98499,0.97017,0.12866,0.12837,0.74716,0.00419662,0.00419662,0.00419662
5864,8871.43,0.21071,0.19759,0.79505,0.94599,0.95744,0.98563,0.97197,0.12868,0.12799,0.74719,0.00419563,0.00419563,0.00419563
5865,8872.93,0.2275,0.20378,0.79489,0.94326,0.9557,0.98501,0.97011,0.12873,0.1281,0.74719,0.00419464,0.00419464,0.00419464
5866,8874.42,0.22476,0.20519,0.7867,0.94608,0.95575,0.98414,0.97006,0.12898,0.12809,0.74723,0.00419365,0.00419365,0.00419365
5867,8875.93,0.22367,0.20128,0.79466,0.94618,0.95586,0.98472,0.96975,0.12884,0.12803,0.74722,0.00419266,0.00419266,0.00419266
5868,8877.45,0.22344,0.20379,0.79619,0.94657,0.9552,0.98434,0.96921,0.12882,0.12785,0.74722,0.00419167,0.00419167,0.00419167
5869,8878.93,0.23718,0.21118,0.79548,0.94214,0.95552,0.9832,0.96827,0.12876,0.1278,0.74722,0.00419068,0.00419068,0.00419068
5870,8880.43,0.23124,0.2009,0.79662,0.94461,0.95564,0.98437,0.97124,0.12877,0.12778,0.74724,0.00418969,0.00418969,0.00418969
5871,8881.92,0.22893,0.20418,0.79754,0.9403,0.95621,0.98331,0.96915,0.12865,0.12758,0.74726,0.0041887,0.0041887,0.0041887
5872,8883.41,0.2146,0.19913,0.78548,0.94088,0.95647,0.98267,0.96775,0.12859,0.12778,0.74729,0.00418771,0.00418771,0.00418771
5873,8884.98,0.23865,0.20377,0.79795,0.93997,0.95631,0.98208,0.96734,0.12852,0.12756,0.74728,0.00418672,0.00418672,0.00418672
5874,8886.52,0.22799,0.20196,0.79105,0.94176,0.95605,0.98371,0.96954,0.12856,0.12778,0.74727,0.00418573,0.00418573,0.00418573
5875,8888.03,0.24788,0.21388,0.79553,0.94171,0.95622,0.98307,0.96726,0.12863,0.12751,0.74729,0.00418474,0.00418474,0.00418474
5876,8889.57,0.22172,0.20166,0.79257,0.9437,0.95794,0.98469,0.97084,0.12853,0.12753,0.74732,0.00418375,0.00418375,0.00418375
5877,8890.99,0.23067,0.20737,0.79535,0.94029,0.9561,0.98313,0.96884,0.12855,0.12732,0.74732,0.00418276,0.00418276,0.00418276
5878,8892.56,0.22923,0.20966,0.79147,0.94118,0.95501,0.98195,0.96566,0.1286,0.12752,0.74731,0.00418177,0.00418177,0.00418177
5879,8894.07,0.23642,0.20846,0.7956,0.9443,0.95501,0.98352,0.96703,0.12862,0.12764,0.74731,0.00418078,0.00418078,0.00418078
5880,8895.59,0.2184,0.20175,0.78273,0.94124,0.95486,0.9819,0.96662,0.12877,0.12767,0.74733,0.00417979,0.00417979,0.00417979
5881,8897.11,0.21937,0.20092,0.78771,0.94605,0.95499,0.98344,0.96924,0.1287,0.12767,0.74735,0.0041788,0.0041788,0.0041788
5882,8898.58,0.22035,0.20498,0.78681,0.94693,0.95498,0.98389,0.96828,0.12871,0.12761,0.74735,0.00417781,0.00417781,0.00417781
5883,8900.09,0.21569,0.19561,0.78693,0.94712,0.95511,0.98336,0.96825,0.12871,0.12754,0.74736,0.00417682,0.00417682,0.00417682
5884,8901.69,0.24712,0.21583,0.79135,0.94519,0.9566,0.98417,0.96922,0.12883,0.12785,0.74734,0.00417583,0.00417583,0.00417583
5885,8903.21,0.21201,0.19665,0.79572,0.94641,0.95464,0.98321,0.96877,0.12881,0.12773,0.74734,0.00417484,0.00417484,0.00417484
5886,8904.7,0.209,0.19562,0.79525,0.94826,0.95544,0.98446,0.96971,0.12882,0.12777,0.74734,0.00417385,0.00417385,0.00417385
5887,8906.2,0.20971,0.19671,0.78341,0.94637,0.95488,0.98413,0.97007,0.12867,0.12782,0.74731,0.00417286,0.00417286,0.00417286
5888,8907.69,0.22676,0.2078,0.78427,0.94429,0.95543,0.98362,0.97004,0.12856,0.12764,0.74732,0.00417187,0.00417187,0.00417187
5889,8909.19,0.22463,0.20798,0.7894,0.948,0.95536,0.98369,0.97033,0.12857,0.12773,0.74732,0.00417088,0.00417088,0.00417088
5890,8910.68,0.21666,0.20082,0.79701,0.94605,0.95609,0.98371,0.9692,0.12845,0.12777,0.74727,0.00416989,0.00416989,0.00416989
5891,8912.13,0.21624,0.19707,0.78931,0.9426,0.95492,0.98282,0.97009,0.12848,0.12793,0.74729,0.0041689,0.0041689,0.0041689
5892,8913.65,0.22071,0.19388,0.80029,0.94335,0.95493,0.98235,0.96823,0.12848,0.12772,0.74726,0.00416791,0.00416791,0.00416791
5893,8915.19,0.21863,0.20407,0.78828,0.94523,0.95534,0.98275,0.96881,0.12837,0.12779,0.74726,0.00416692,0.00416692,0.00416692
5894,8916.82,0.23523,0.213,0.7908,0.94851,0.95708,0.98473,0.97124,0.1284,0.12781,0.74725,0.00416593,0.00416593,0.00416593
5895,8918.33,0.22385,0.19981,0.79709,0.94747,0.95768,0.98472,0.96945,0.12829,0.12769,0.74722,0.00416494,0.00416494,0.00416494
5896,8919.82,0.2162,0.19589,0.79032,0.9492,0.95715,0.98558,0.97101,0.12821,0.12762,0.74721,0.00416395,0.00416395,0.00416395
5897,8921.34,0.22291,0.2038,0.78879,0.94588,0.9548,0.98418,0.96918,0.12834,0.12746,0.74721,0.00416296,0.00416296,0.00416296
5898,8922.8,0.23138,0.2025,0.79478,0.94733,0.95558,0.984,0.96834,0.12839,0.12784,0.7472,0.00416197,0.00416197,0.00416197
5899,8924.3,0.21009,0.19574,0.79022,0.94945,0.9579,0.98613,0.97093,0.12822,0.12751,0.74725,0.00416098,0.00416098,0.00416098
5900,8925.82,0.20783,0.19197,0.79058,0.94726,0.95557,0.98472,0.97053,0.12824,0.12751,0.74724,0.00415999,0.00415999,0.00415999
5901,8927.28,0.22917,0.20337,0.79357,0.94767,0.95701,0.98508,0.96968,0.12834,0.12773,0.74722,0.004159,0.004159,0.004159
5902,8928.77,0.24105,0.20903,0.79483,0.94544,0.95713,0.98375,0.9688,0.12847,0.12772,0.74725,0.00415801,0.00415801,0.00415801
5903,8930.29,0.21615,0.19397,0.78994,0.94449,0.95565,0.98399,0.96731,0.12825,0.1275,0.74728,0.00415702,0.00415702,0.00415702
5904,8931.85,0.22403,0.2025,0.78819,0.94734,0.95807,0.98437,0.96923,0.12828,0.12734,0.74727,0.00415603,0.00415603,0.00415603
5905,8933.37,0.21631,0.19613,0.79289,0.94802,0.95908,0.98528,0.96924,0.12827,0.12749,0.74726,0.00415504,0.00415504,0.00415504
5906,8934.85,0.22858,0.20007,0.79363,0.94243,0.95674,0.98409,0.96971,0.12839,0.12755,0.74726,0.00415405,0.00415405,0.00415405
5907,8936.32,0.22589,0.20676,0.79271,0.94398,0.95822,0.98475,0.96906,0.12837,0.12764,0.74726,0.00415306,0.00415306,0.00415306
5908,8937.84,0.2388,0.2072,0.79641,0.94353,0.95832,0.98436,0.96959,0.12864,0.12782,0.74731,0.00415207,0.00415207,0.00415207
5909,8939.3,0.22317,0.20147,0.79842,0.9391,0.95614,0.98442,0.96926,0.1287,0.12777,0.74732,0.00415108,0.00415108,0.00415108
5910,8940.78,0.21899,0.19839,0.79835,0.94598,0.95854,0.98568,0.97195,0.12878,0.12778,0.74735,0.00415009,0.00415009,0.00415009
5911,8942.26,0.22066,0.19729,0.78821,0.93802,0.95619,0.98444,0.96881,0.12872,0.12803,0.74733,0.0041491,0.0041491,0.0041491
5912,8943.77,0.21378,0.19356,0.78944,0.93869,0.95989,0.98559,0.97199,0.12872,0.12788,0.74733,0.00414811,0.00414811,0.00414811
5913,8945.36,0.222,0.20242,0.78666,0.93907,0.95767,0.98307,0.97002,0.12883,0.12779,0.74732,0.00414712,0.00414712,0.00414712
5914,8946.97,0.21773,0.19831,0.78801,0.94282,0.9584,0.98441,0.96853,0.12897,0.12806,0.7473,0.00414613,0.00414613,0.00414613
5915,8948.48,0.22301,0.19769,0.78868,0.94404,0.96007,0.98491,0.97031,0.12911,0.128,0.74728,0.00414514,0.00414514,0.00414514
5916,8950.04,0.24272,0.21273,0.79229,0.9439,0.95839,0.98445,0.97048,0.12908,0.12788,0.74727,0.00414415,0.00414415,0.00414415
5917,8951.53,0.23711,0.21455,0.79162,0.94371,0.95791,0.98474,0.97038,0.12919,0.12823,0.74727,0.00414316,0.00414316,0.00414316
5918,8953.01,0.22765,0.19606,0.79755,0.94328,0.95929,0.98458,0.96987,0.12934,0.12811,0.74729,0.00414217,0.00414217,0.00414217
5919,8954.48,0.21999,0.19996,0.79047,0.94354,0.95858,0.98494,0.96963,0.12919,0.12814,0.74725,0.00414118,0.00414118,0.00414118
5920,8955.98,0.2285,0.20899,0.78989,0.94393,0.95857,0.98498,0.96915,0.12928,0.12822,0.74726,0.00414019,0.00414019,0.00414019
5921,8957.44,0.2173,0.19808,0.79448,0.94298,0.95796,0.98464,0.97066,0.12947,0.12836,0.74725,0.0041392,0.0041392,0.0041392
5922,8958.92,0.23152,0.20364,0.79894,0.94301,0.95937,0.98517,0.96985,0.12954,0.12841,0.74725,0.00413821,0.00413821,0.00413821
5923,8960.48,0.2203,0.20352,0.7921,0.94207,0.95855,0.98454,0.96984,0.12959,0.12831,0.74726,0.00413722,0.00413722,0.00413722
5924,8962,0.21738,0.20113,0.79167,0.93919,0.9569,0.98433,0.96985,0.12958,0.12846,0.74728,0.00413623,0.00413623,0.00413623
5925,8963.5,0.22051,0.20015,0.78383,0.94074,0.95774,0.98509,0.96927,0.12964,0.12836,0.74728,0.00413524,0.00413524,0.00413524
5926,8965.03,0.24475,0.20843,0.79329,0.94278,0.95779,0.98507,0.97066,0.1296,0.12866,0.74726,0.00413425,0.00413425,0.00413425
5927,8966.54,0.23436,0.20519,0.78682,0.94101,0.95787,0.98468,0.97059,0.12971,0.1286,0.74724,0.00413326,0.00413326,0.00413326
5928,8968.05,0.22239,0.19397,0.80104,0.9435,0.95923,0.98423,0.96799,0.12959,0.12848,0.74722,0.00413227,0.00413227,0.00413227
5929,8969.56,0.22601,0.20215,0.7963,0.94153,0.95837,0.98446,0.96772,0.12941,0.1288,0.74719,0.00413128,0.00413128,0.00413128
5930,8970.97,0.20994,0.19964,0.79056,0.93947,0.95776,0.98266,0.96562,0.12955,0.12904,0.74718,0.00413029,0.00413029,0.00413029
5931,8972.46,0.21719,0.19699,0.78813,0.93994,0.95621,0.98346,0.96817,0.12941,0.129,0.74717,0.0041293,0.0041293,0.0041293
5932,8973.93,0.2362,0.20441,0.80445,0.93925,0.95698,0.98371,0.96732,0.12909,0.12917,0.74715,0.00412831,0.00412831,0.00412831
5933,8975.48,0.23454,0.20491,0.79539,0.94006,0.95625,0.98374,0.96901,0.12917,0.12913,0.74712,0.00412732,0.00412732,0.00412732
5934,8977.02,0.2315,0.20328,0.79071,0.94249,0.95795,0.98411,0.97048,0.12919,0.12884,0.7471,0.00412633,0.00412633,0.00412633
5935,8978.54,0.22483,0.19586,0.79554,0.94404,0.96206,0.98504,0.97086,0.12914,0.12877,0.74707,0.00412534,0.00412534,0.00412534
5936,8980.06,0.23344,0.21045,0.7905,0.94464,0.9602,0.98369,0.9681,0.1294,0.12887,0.74708,0.00412435,0.00412435,0.00412435
5937,8981.53,0.23555,0.20823,0.79149,0.94128,0.9593,0.98456,0.96932,0.12954,0.12908,0.74708,0.00412336,0.00412336,0.00412336
5938,8983.02,0.24913,0.20714,0.79599,0.94429,0.96221,0.98398,0.96719,0.12972,0.12906,0.74705,0.00412237,0.00412237,0.00412237
5939,8984.54,0.23874,0.21078,0.79377,0.94541,0.96282,0.98419,0.9672,0.12967,0.12905,0.74707,0.00412138,0.00412138,0.00412138
5940,8986.01,0.23828,0.20914,0.7941,0.94377,0.95864,0.98417,0.96933,0.12964,0.12903,0.74705,0.00412039,0.00412039,0.00412039
5941,8987.48,0.22733,0.20376,0.79257,0.94156,0.9604,0.98179,0.96691,0.12955,0.12896,0.74706,0.0041194,0.0041194,0.0041194
5942,8988.97,0.23499,0.20617,0.79549,0.94541,0.95827,0.98376,0.9666,0.12944,0.1288,0.74707,0.00411841,0.00411841,0.00411841
5943,8990.49,0.22049,0.19996,0.79574,0.94116,0.96022,0.9846,0.96852,0.12937,0.12895,0.74704,0.00411742,0.00411742,0.00411742
5944,8992.07,0.2267,0.20481,0.79332,0.94403,0.95993,0.98445,0.969,0.12894,0.12882,0.74704,0.00411643,0.00411643,0.00411643
5945,8993.55,0.23425,0.20247,0.79713,0.94076,0.95887,0.98255,0.96462,0.12897,0.12889,0.74703,0.00411544,0.00411544,0.00411544
5946,8995.04,0.22953,0.20067,0.79269,0.93803,0.95866,0.98264,0.96478,0.12888,0.12886,0.74705,0.00411445,0.00411445,0.00411445
5947,8996.55,0.23089,0.20864,0.79151,0.94513,0.96097,0.98483,0.96831,0.12884,0.12877,0.74706,0.00411346,0.00411346,0.00411346
5948,8998.04,0.21928,0.20652,0.79459,0.94391,0.95987,0.9832,0.96477,0.12897,0.1289,0.74707,0.00411247,0.00411247,0.00411247
5949,8999.55,0.23015,0.2104,0.79261,0.94167,0.95815,0.98241,0.96672,0.12873,0.12861,0.74705,0.00411148,0.00411148,0.00411148
5950,9001.06,0.2281,0.21089,0.79705,0.94046,0.95736,0.98272,0.96682,0.12842,0.12856,0.74707,0.00411049,0.00411049,0.00411049
5951,9002.56,0.2142,0.20315,0.7888,0.94198,0.95949,0.98314,0.96409,0.12853,0.12857,0.74707,0.0041095,0.0041095,0.0041095
5952,9004.04,0.2204,0.20191,0.79912,0.94526,0.95991,0.98335,0.96605,0.12819,0.12854,0.74704,0.00410851,0.00410851,0.00410851
5953,9005.59,0.21404,0.20257,0.78435,0.94533,0.95902,0.984,0.9668,0.12792,0.12849,0.74707,0.00410752,0.00410752,0.00410752
5954,9007.13,0.21954,0.2006,0.7879,0.94212,0.95905,0.98402,0.9655,0.1281,0.12876,0.74706,0.00410653,0.00410653,0.00410653
5955,9008.67,0.22854,0.20161,0.79456,0.94413,0.95919,0.98417,0.96845,0.12797,0.1285,0.74707,0.00410554,0.00410554,0.00410554
5956,9010.18,0.2224,0.20432,0.78648,0.94107,0.95901,0.98322,0.96661,0.12798,0.12852,0.74706,0.00410455,0.00410455,0.00410455
5957,9011.65,0.21413,0.19732,0.78844,0.94355,0.96208,0.98428,0.96689,0.12796,0.12845,0.74706,0.00410356,0.00410356,0.00410356
5958,9013.13,0.22836,0.2136,0.7958,0.94382,0.96016,0.98381,0.96756,0.12789,0.12835,0.74707,0.00410257,0.00410257,0.00410257
5959,9014.62,0.21426,0.19819,0.79344,0.94395,0.96148,0.98487,0.96777,0.12761,0.12816,0.74706,0.00410158,0.00410158,0.00410158
5960,9016.12,0.23048,0.20394,0.78738,0.94278,0.95987,0.98346,0.9665,0.12749,0.12828,0.74704,0.00410059,0.00410059,0.00410059
5961,9017.59,0.21093,0.19747,0.78371,0.94438,0.96224,0.98478,0.96983,0.12729,0.12786,0.74704,0.0040996,0.0040996,0.0040996
5962,9019.08,0.21622,0.19477,0.79011,0.94409,0.96078,0.98429,0.96814,0.12711,0.12758,0.74701,0.00409861,0.00409861,0.00409861
5963,9020.6,0.22402,0.20156,0.79477,0.94343,0.96063,0.98396,0.96662,0.12708,0.12764,0.74703,0.00409762,0.00409762,0.00409762
5964,9022.14,0.22343,0.20183,0.79552,0.94394,0.96085,0.98469,0.96809,0.12708,0.12773,0.747,0.00409663,0.00409663,0.00409663
5965,9023.64,0.22222,0.20495,0.78915,0.94138,0.96069,0.98358,0.96544,0.1271,0.12758,0.74702,0.00409564,0.00409564,0.00409564
5966,9025.12,0.23296,0.20338,0.79378,0.94275,0.9563,0.98282,0.96487,0.12712,0.12726,0.74701,0.00409465,0.00409465,0.00409465
5967,9026.57,0.21645,0.19654,0.79085,0.94612,0.96234,0.98426,0.96636,0.12708,0.12742,0.74701,0.00409366,0.00409366,0.00409366
5968,9028.08,0.21368,0.19344,0.79446,0.94674,0.96308,0.9845,0.96747,0.12708,0.12754,0.74703,0.00409267,0.00409267,0.00409267
5969,9029.56,0.23537,0.21153,0.79571,0.94755,0.96312,0.9846,0.96787,0.12706,0.12758,0.74702,0.00409168,0.00409168,0.00409168
5970,9031.01,0.21952,0.1957,0.79233,0.94173,0.96141,0.98356,0.96872,0.12711,0.1276,0.74702,0.00409069,0.00409069,0.00409069
5971,9032.53,0.23316,0.20383,0.78909,0.93927,0.95826,0.98276,0.96564,0.1268,0.12756,0.74701,0.0040897,0.0040897,0.0040897
5972,9034.03,0.22184,0.19854,0.7881,0.94537,0.96127,0.98292,0.96618,0.12679,0.12754,0.74701,0.00408871,0.00408871,0.00408871
5973,9035.6,0.22573,0.20072,0.78763,0.94425,0.9598,0.98266,0.96632,0.12664,0.12736,0.74702,0.00408772,0.00408772,0.00408772
5974,9037.2,0.20973,0.19512,0.78489,0.94543,0.95625,0.98381,0.96772,0.12675,0.12765,0.74701,0.00408673,0.00408673,0.00408673
5975,9038.7,0.21463,0.19548,0.78625,0.94411,0.95987,0.9836,0.97058,0.12675,0.12733,0.74704,0.00408574,0.00408574,0.00408574
5976,9040.17,0.21137,0.19308,0.79442,0.94181,0.95833,0.98376,0.96951,0.12676,0.12761,0.747,0.00408475,0.00408475,0.00408475
5977,9041.67,0.22655,0.19208,0.79012,0.94277,0.96151,0.98327,0.96865,0.12663,0.1274,0.747,0.00408376,0.00408376,0.00408376
5978,9043.16,0.22669,0.19979,0.79409,0.94104,0.96348,0.98394,0.97044,0.12675,0.1275,0.74699,0.00408277,0.00408277,0.00408277
5979,9044.61,0.21297,0.19556,0.78472,0.94253,0.9609,0.98437,0.96919,0.12652,0.1274,0.74701,0.00408178,0.00408178,0.00408178
5980,9046.12,0.21236,0.19271,0.78681,0.94135,0.96154,0.98303,0.96714,0.12674,0.1275,0.74701,0.00408079,0.00408079,0.00408079
5981,9047.57,0.21321,0.19635,0.79242,0.942,0.95998,0.98342,0.96859,0.12664,0.12737,0.74704,0.0040798,0.0040798,0.0040798
5982,9049.11,0.22764,0.20512,0.79138,0.94023,0.95899,0.98372,0.96883,0.12659,0.12738,0.74705,0.00407881,0.00407881,0.00407881
5983,9050.67,0.22219,0.20666,0.78542,0.94141,0.9632,0.98396,0.97085,0.12654,0.12728,0.74707,0.00407782,0.00407782,0.00407782
5984,9052.21,0.20819,0.19116,0.79186,0.94057,0.96063,0.98205,0.96577,0.12668,0.12738,0.74707,0.00407683,0.00407683,0.00407683
5985,9053.75,0.22273,0.20069,0.78957,0.93933,0.9582,0.98187,0.96802,0.12658,0.12747,0.74708,0.00407584,0.00407584,0.00407584
5986,9055.23,0.2287,0.20785,0.78954,0.93897,0.96058,0.98278,0.96683,0.12676,0.12758,0.74709,0.00407485,0.00407485,0.00407485
5987,9056.7,0.21111,0.19682,0.78974,0.93919,0.96011,0.98348,0.96722,0.12688,0.12768,0.74709,0.00407386,0.00407386,0.00407386
5988,9058.17,0.22179,0.201,0.79073,0.93761,0.95673,0.98123,0.96518,0.12672,0.12755,0.74707,0.00407287,0.00407287,0.00407287
5989,9059.67,0.22769,0.20589,0.79613,0.94068,0.9604,0.98218,0.96739,0.12685,0.12768,0.74708,0.00407188,0.00407188,0.00407188
5990,9061.15,0.24014,0.21003,0.79585,0.93939,0.95981,0.98275,0.9678,0.12702,0.12779,0.74707,0.00407089,0.00407089,0.00407089
5991,9062.68,0.22338,0.20657,0.78579,0.94151,0.95734,0.98142,0.96607,0.12697,0.12783,0.74706,0.0040699,0.0040699,0.0040699
5992,9064.19,0.22243,0.20451,0.78798,0.94579,0.95562,0.98142,0.96582,0.12702,0.12789,0.74705,0.00406891,0.00406891,0.00406891
5993,9065.75,0.23697,0.20581,0.79686,0.94277,0.96007,0.98235,0.96851,0.12706,0.128,0.74704,0.00406792,0.00406792,0.00406792
5994,9067.29,0.22,0.19694,0.79594,0.94336,0.95942,0.98158,0.96542,0.12704,0.12792,0.74703,0.00406693,0.00406693,0.00406693
5995,9068.82,0.23002,0.21228,0.79084,0.9438,0.95823,0.98234,0.9686,0.12708,0.1279,0.74704,0.00406594,0.00406594,0.00406594
5996,9070.33,0.21371,0.20146,0.78963,0.94372,0.96098,0.9834,0.97016,0.1272,0.12796,0.74704,0.00406495,0.00406495,0.00406495
5997,9071.8,0.2337,0.20405,0.79276,0.94325,0.95857,0.98254,0.96755,0.12725,0.12809,0.74706,0.00406396,0.00406396,0.00406396
5998,9073.3,0.22852,0.20857,0.79356,0.94573,0.95549,0.98138,0.96798,0.12737,0.12783,0.74703,0.00406297,0.00406297,0.00406297
5999,9074.79,0.20472,0.19033,0.79079,0.94128,0.95894,0.98303,0.96823,0.12751,0.12822,0.74703,0.00406198,0.00406198,0.00406198
6000,9076.25,0.20745,0.19652,0.79,0.94297,0.95816,0.98123,0.96635,0.12754,0.12814,0.74704,0.00406099,0.00406099,0.00406099
6001,9077.75,0.23336,0.2125,0.79127,0.94213,0.9589,0.98156,0.9655,0.12762,0.128,0.74703,0.00406,0.00406,0.00406
6002,9079.25,0.21532,0.20288,0.78789,0.93871,0.96155,0.98245,0.96885,0.12766,0.12805,0.74706,0.00405901,0.00405901,0.00405901
6003,9080.83,0.2127,0.19828,0.7889,0.93796,0.95887,0.98188,0.96542,0.12764,0.12809,0.74705,0.00405802,0.00405802,0.00405802
6004,9082.42,0.21861,0.20284,0.79302,0.94169,0.95484,0.98248,0.96969,0.12744,0.12797,0.74704,0.00405703,0.00405703,0.00405703
6005,9083.89,0.22813,0.20633,0.79264,0.94412,0.96054,0.98363,0.96933,0.12765,0.12791,0.74708,0.00405604,0.00405604,0.00405604
6006,9085.34,0.22281,0.19626,0.78967,0.94052,0.95482,0.98111,0.96488,0.12772,0.12806,0.74705,0.00405505,0.00405505,0.00405505
6007,9086.91,0.23335,0.20549,0.79026,0.93835,0.95836,0.98242,0.96806,0.12788,0.12826,0.74705,0.00405406,0.00405406,0.00405406
6008,9088.4,0.2412,0.20813,0.79325,0.94153,0.96088,0.98406,0.96966,0.12796,0.1281,0.74708,0.00405307,0.00405307,0.00405307
6009,9089.89,0.23395,0.21101,0.78664,0.93958,0.95473,0.98267,0.96787,0.12803,0.1282,0.74708,0.00405208,0.00405208,0.00405208
6010,9091.4,0.21498,0.20157,0.79097,0.93881,0.95808,0.98381,0.96866,0.12808,0.12862,0.74705,0.00405109,0.00405109,0.00405109
6011,9092.84,0.21551,0.20121,0.79051,0.93972,0.95613,0.98314,0.96647,0.12806,0.12849,0.74708,0.0040501,0.0040501,0.0040501
6012,9094.36,0.20952,0.19758,0.78802,0.94185,0.96037,0.9841,0.97108,0.12809,0.12884,0.74708,0.00404911,0.00404911,0.00404911
6013,9095.87,0.22214,0.19415,0.79252,0.94093,0.95635,0.98412,0.96787,0.12823,0.12889,0.7471,0.00404812,0.00404812,0.00404812
6014,9097.39,0.23152,0.21053,0.79255,0.93877,0.95545,0.98377,0.9689,0.12821,0.12879,0.7471,0.00404713,0.00404713,0.00404713
6015,9098.96,0.23385,0.21107,0.79567,0.94168,0.96036,0.98416,0.96849,0.1284,0.12885,0.74707,0.00404614,0.00404614,0.00404614
6016,9100.49,0.23272,0.20428,0.79471,0.93919,0.95529,0.98296,0.96671,0.12849,0.1292,0.74709,0.00404515,0.00404515,0.00404515
6017,9102.01,0.21963,0.20195,0.79235,0.93946,0.95864,0.98396,0.96935,0.12854,0.12904,0.74711,0.00404416,0.00404416,0.00404416
6018,9103.49,0.21562,0.19177,0.79034,0.93787,0.96282,0.98433,0.9688,0.12867,0.12916,0.74714,0.00404317,0.00404317,0.00404317
6019,9104.97,0.22944,0.21135,0.79248,0.94151,0.95562,0.9835,0.96724,0.12847,0.1291,0.7471,0.00404218,0.00404218,0.00404218
6020,9106.44,0.2211,0.20152,0.78714,0.94521,0.95966,0.98445,0.97185,0.12854,0.1291,0.74711,0.00404119,0.00404119,0.00404119
6021,9107.92,0.23858,0.20439,0.7965,0.94543,0.96241,0.9847,0.97041,0.12868,0.12926,0.74711,0.0040402,0.0040402,0.0040402
6022,9109.47,0.2284,0.20073,0.79495,0.94035,0.95963,0.98439,0.97101,0.12861,0.129,0.74713,0.00403921,0.00403921,0.00403921
6023,9111.05,0.21625,0.19799,0.79589,0.93987,0.96039,0.98376,0.9692,0.12856,0.12885,0.74713,0.00403822,0.00403822,0.00403822
6024,9112.64,0.20645,0.19259,0.79276,0.93908,0.95825,0.98386,0.9713,0.12855,0.12891,0.74714,0.00403723,0.00403723,0.00403723
6025,9114.2,0.21942,0.19567,0.78426,0.94135,0.9605,0.98542,0.97218,0.12865,0.12885,0.74714,0.00403624,0.00403624,0.00403624
6026,9115.69,0.22779,0.19984,0.79502,0.94396,0.95777,0.98325,0.97055,0.12872,0.12891,0.74715,0.00403525,0.00403525,0.00403525
6027,9117.17,0.2269,0.1986,0.79354,0.94354,0.95974,0.98491,0.97119,0.12885,0.12876,0.74713,0.00403426,0.00403426,0.00403426
6028,9118.68,0.21543,0.19906,0.78922,0.94609,0.95975,0.98471,0.96927,0.12865,0.12853,0.74713,0.00403327,0.00403327,0.00403327
6029,9120.17,0.21045,0.19847,0.79002,0.94607,0.9607,0.98357,0.97063,0.12872,0.1285,0.74714,0.00403228,0.00403228,0.00403228
6030,9121.69,0.20092,0.18892,0.78749,0.94444,0.95983,0.98389,0.96928,0.12887,0.1288,0.74712,0.00403129,0.00403129,0.00403129
6031,9123.2,0.21005,0.1941,0.78991,0.94567,0.96172,0.98463,0.97136,0.12906,0.1287,0.74714,0.0040303,0.0040303,0.0040303
6032,9124.69,0.21654,0.196,0.78989,0.94355,0.95945,0.98321,0.96743,0.12903,0.12868,0.74715,0.00402931,0.00402931,0.00402931
6033,9126.3,0.22783,0.20165,0.78952,0.94228,0.95967,0.98283,0.96725,0.12919,0.1289,0.74713,0.00402832,0.00402832,0.00402832
6034,9127.93,0.21631,0.19906,0.78655,0.9419,0.95695,0.98286,0.96929,0.12927,0.12908,0.74712,0.00402733,0.00402733,0.00402733
6035,9129.44,0.22233,0.19648,0.79567,0.9391,0.95678,0.98349,0.96809,0.1294,0.12917,0.74715,0.00402634,0.00402634,0.00402634
6036,9130.9,0.21459,0.19608,0.79235,0.93715,0.95685,0.98398,0.96946,0.12952,0.12917,0.74716,0.00402535,0.00402535,0.00402535
6037,9132.43,0.21421,0.19533,0.78598,0.93767,0.96059,0.98473,0.96773,0.12938,0.12894,0.74716,0.00402436,0.00402436,0.00402436
6038,9133.84,0.22237,0.1979,0.78594,0.94306,0.95783,0.98369,0.96894,0.12954,0.12903,0.74717,0.00402337,0.00402337,0.00402337
6039,9135.31,0.21843,0.1954,0.79443,0.94118,0.95818,0.98418,0.96968,0.1295,0.12892,0.74719,0.00402238,0.00402238,0.00402238
6040,9136.83,0.22518,0.20476,0.79025,0.94051,0.95905,0.98394,0.97119,0.12925,0.12888,0.74717,0.00402139,0.00402139,0.00402139
6041,9138.3,0.20831,0.19337,0.79114,0.93853,0.95846,0.98446,0.96959,0.12917,0.12873,0.74717,0.0040204,0.0040204,0.0040204
6042,9139.78,0.22908,0.20032,0.79321,0.93899,0.95867,0.98453,0.97054,0.12915,0.1287,0.74716,0.00401941,0.00401941,0.00401941
6043,9141.36,0.21109,0.1878,0.78641,0.93802,0.95602,0.98301,0.96686,0.1291,0.12875,0.74715,0.00401842,0.00401842,0.00401842
6044,9142.93,0.22573,0.20414,0.79321,0.93946,0.95773,0.9834,0.97001,0.12903,0.12867,0.74715,0.00401743,0.00401743,0.00401743
6045,9144.45,0.21829,0.19983,0.78579,0.9392,0.95762,0.983,0.96891,0.12901,0.12853,0.74713,0.00401644,0.00401644,0.00401644
6046,9145.95,0.2269,0.2033,0.79369,0.94052,0.9562,0.98296,0.96958,0.12905,0.12878,0.74712,0.00401545,0.00401545,0.00401545
6047,9147.44,0.23993,0.21,0.79382,0.94144,0.96149,0.98533,0.97082,0.129,0.12874,0.74711,0.00401446,0.00401446,0.00401446
6048,9148.92,0.21206,0.1883,0.79235,0.9363,0.9561,0.98322,0.96923,0.12906,0.12833,0.74714,0.00401347,0.00401347,0.00401347
6049,9150.46,0.22761,0.20469,0.78813,0.93827,0.95865,0.98319,0.96823,0.12892,0.12845,0.74712,0.00401248,0.00401248,0.00401248
6050,9151.94,0.22628,0.20032,0.78618,0.9388,0.95924,0.98414,0.97073,0.12897,0.1286,0.74711,0.00401149,0.00401149,0.00401149
6051,9153.44,0.22247,0.20461,0.79164,0.93988,0.9614,0.98411,0.97065,0.12889,0.12865,0.74712,0.0040105,0.0040105,0.0040105
6052,9154.94,0.21031,0.19074,0.7892,0.94015,0.96256,0.98463,0.96898,0.12901,0.12843,0.7471,0.00400951,0.00400951,0.00400951
6053,9156.44,0.22116,0.20144,0.78705,0.93961,0.96167,0.98398,0.96992,0.12923,0.12843,0.74714,0.00400852,0.00400852,0.00400852
6054,9157.97,0.23029,0.20876,0.78924,0.93672,0.95697,0.98284,0.96772,0.12923,0.12831,0.74714,0.00400753,0.00400753,0.00400753
6055,9159.48,0.22407,0.202,0.78974,0.93976,0.96248,0.98546,0.9687,0.12922,0.12829,0.74714,0.00400654,0.00400654,0.00400654
6056,9161,0.2261,0.20476,0.79089,0.93811,0.96245,0.98533,0.96898,0.12925,0.12839,0.74714,0.00400555,0.00400555,0.00400555
6057,9162.45,0.22626,0.2054,0.78767,0.93787,0.96049,0.9845,0.96911,0.12912,0.12826,0.74714,0.00400456,0.00400456,0.00400456
6058,9163.94,0.21025,0.19375,0.79015,0.93788,0.95988,0.98487,0.97044,0.12923,0.12818,0.74715,0.00400357,0.00400357,0.00400357
6059,9165.39,0.22303,0.19511,0.79267,0.93987,0.95749,0.98349,0.96884,0.12928,0.1281,0.74715,0.00400258,0.00400258,0.00400258
6060,9166.85,0.23956,0.20526,0.79422,0.94318,0.96211,0.98459,0.96886,0.12913,0.1281,0.74715,0.00400159,0.00400159,0.00400159
6061,9168.46,0.2264,0.19833,0.78771,0.94321,0.95817,0.98438,0.967,0.12894,0.12774,0.74713,0.0040006,0.0040006,0.0040006
6062,9169.9,0.2075,0.19136,0.78755,0.94359,0.96224,0.98519,0.97121,0.129,0.12773,0.74715,0.00399961,0.00399961,0.00399961
6063,9171.48,0.22836,0.20346,0.78742,0.9425,0.95979,0.98425,0.96882,0.12898,0.12756,0.74714,0.00399862,0.00399862,0.00399862
6064,9173.02,0.20975,0.1932,0.79293,0.94453,0.95855,0.98332,0.96667,0.12886,0.12737,0.74712,0.00399763,0.00399763,0.00399763
6065,9174.59,0.22993,0.20542,0.78495,0.94731,0.95736,0.98467,0.96863,0.12884,0.1273,0.74713,0.00399664,0.00399664,0.00399664
6066,9176.06,0.22426,0.20027,0.79159,0.94744,0.96123,0.98432,0.97007,0.12884,0.12716,0.74712,0.00399565,0.00399565,0.00399565
6067,9177.56,0.2211,0.20225,0.79093,0.94587,0.95829,0.9845,0.96621,0.12894,0.1275,0.74711,0.00399466,0.00399466,0.00399466
6068,9179.06,0.22035,0.19498,0.78953,0.94233,0.9621,0.98473,0.96823,0.12892,0.12777,0.74711,0.00399367,0.00399367,0.00399367
6069,9180.55,0.20604,0.19222,0.79279,0.94434,0.95699,0.98308,0.96696,0.12888,0.12759,0.74709,0.00399268,0.00399268,0.00399268
6070,9182.07,0.22017,0.20706,0.78721,0.94027,0.95862,0.98398,0.9679,0.12914,0.12748,0.74709,0.00399169,0.00399169,0.00399169
6071,9183.55,0.22359,0.20244,0.7877,0.9428,0.96128,0.98504,0.97106,0.12919,0.12765,0.74709,0.0039907,0.0039907,0.0039907
6072,9185.03,0.22174,0.19451,0.78898,0.94213,0.96043,0.9841,0.96911,0.12905,0.12768,0.74706,0.00398971,0.00398971,0.00398971
6073,9186.6,0.21584,0.19968,0.7926,0.9442,0.95905,0.98467,0.97039,0.12929,0.12787,0.74705,0.00398872,0.00398872,0.00398872
6074,9188.13,0.22205,0.20118,0.78826,0.94605,0.96146,0.98443,0.96999,0.1294,0.12757,0.74707,0.00398773,0.00398773,0.00398773
6075,9189.65,0.23587,0.20735,0.78985,0.94486,0.95909,0.98423,0.96846,0.12923,0.12759,0.74707,0.00398674,0.00398674,0.00398674
6076,9191.21,0.21199,0.20203,0.7875,0.94697,0.9623,0.98535,0.97067,0.1293,0.12775,0.74703,0.00398575,0.00398575,0.00398575
6077,9192.7,0.23458,0.20758,0.79812,0.94636,0.96072,0.98468,0.97103,0.12927,0.12792,0.74704,0.00398476,0.00398476,0.00398476
6078,9194.2,0.23765,0.21471,0.79471,0.94334,0.9591,0.9835,0.96933,0.12912,0.12784,0.74701,0.00398377,0.00398377,0.00398377
6079,9195.68,0.22396,0.203,0.79241,0.94151,0.95916,0.98377,0.96725,0.12887,0.12776,0.74704,0.00398278,0.00398278,0.00398278
6080,9197.17,0.22906,0.20378,0.79203,0.94498,0.96081,0.98524,0.96999,0.12896,0.12779,0.74703,0.00398179,0.00398179,0.00398179
6081,9198.66,0.21535,0.19678,0.78871,0.94606,0.95995,0.98502,0.9702,0.12879,0.12767,0.74701,0.0039808,0.0039808,0.0039808
6082,9200.15,0.22426,0.21003,0.78971,0.94247,0.96085,0.98575,0.97188,0.12884,0.12753,0.747,0.00397981,0.00397981,0.00397981
6083,9201.7,0.22489,0.20805,0.7877,0.94302,0.96064,0.98616,0.97175,0.12878,0.12728,0.74701,0.00397882,0.00397882,0.00397882
6084,9203.25,0.23356,0.20481,0.79292,0.94483,0.96085,0.98535,0.96989,0.12867,0.12736,0.747,0.00397783,0.00397783,0.00397783
6085,9204.78,0.2235,0.20363,0.79161,0.94504,0.95711,0.98339,0.9682,0.12877,0.12724,0.74702,0.00397684,0.00397684,0.00397684
6086,9206.22,0.22528,0.20106,0.7897,0.94573,0.96058,0.98477,0.96986,0.12869,0.12724,0.74706,0.00397585,0.00397585,0.00397585
6087,9207.69,0.22847,0.21049,0.79211,0.94401,0.95997,0.98386,0.96884,0.12872,0.12715,0.74707,0.00397486,0.00397486,0.00397486
6088,9209.22,0.23379,0.20466,0.79375,0.9414,0.95998,0.98352,0.96815,0.12875,0.12715,0.74706,0.00397387,0.00397387,0.00397387
6089,9210.66,0.21888,0.19459,0.78957,0.94419,0.96055,0.98462,0.97082,0.12881,0.12697,0.7471,0.00397288,0.00397288,0.00397288
6090,9212.2,0.23249,0.20545,0.79164,0.94589,0.9615,0.98576,0.97153,0.12891,0.12726,0.7471,0.00397189,0.00397189,0.00397189
6091,9213.72,0.23061,0.20321,0.79321,0.94785,0.96008,0.98558,0.96974,0.1288,0.1271,0.74711,0.0039709,0.0039709,0.0039709
6092,9215.16,0.20548,0.19257,0.7911,0.94301,0.95908,0.98527,0.97074,0.12897,0.12702,0.74714,0.00396991,0.00396991,0.00396991
6093,9216.7,0.21736,0.19627,0.79122,0.94362,0.9561,0.98406,0.96843,0.12886,0.12696,0.74714,0.00396892,0.00396892,0.00396892
6094,9218.21,0.21033,0.196,0.78976,0.94473,0.96054,0.98557,0.97063,0.12867,0.12702,0.74718,0.00396793,0.00396793,0.00396793
6095,9219.72,0.2174,0.19355,0.79373,0.94285,0.96062,0.98548,0.9728,0.12886,0.12708,0.74714,0.00396694,0.00396694,0.00396694
6096,9221.2,0.23801,0.20281,0.7944,0.94254,0.96119,0.98533,0.97194,0.12894,0.12729,0.74714,0.00396595,0.00396595,0.00396595
6097,9222.71,0.20344,0.18783,0.78286,0.94264,0.95632,0.9846,0.97103,0.12886,0.12745,0.7472,0.00396496,0.00396496,0.00396496
6098,9224.25,0.22233,0.19673,0.79302,0.9456,0.9586,0.9857,0.97099,0.1289,0.12727,0.7472,0.00396397,0.00396397,0.00396397
6099,9225.72,0.19956,0.19221,0.7958,0.94465,0.96281,0.98656,0.97289,0.12887,0.12709,0.74718,0.00396298,0.00396298,0.00396298
6100,9227.33,0.22153,0.20421,0.78708,0.94493,0.96275,0.98634,0.97043,0.12898,0.12699,0.74717,0.00396199,0.00396199,0.00396199
6101,9228.82,0.22617,0.1997,0.79011,0.94438,0.96039,0.98561,0.97174,0.12905,0.12695,0.74718,0.003961,0.003961,0.003961
6102,9230.31,0.20382,0.1896,0.78942,0.94655,0.96183,0.98551,0.96982,0.12901,0.12693,0.74719,0.00396001,0.00396001,0.00396001
6103,9231.86,0.21822,0.20064,0.78504,0.94581,0.95944,0.98463,0.96874,0.12892,0.12721,0.74716,0.00395902,0.00395902,0.00395902
6104,9233.37,0.21205,0.19756,0.79263,0.94658,0.9596,0.98513,0.97049,0.12892,0.12725,0.74718,0.00395803,0.00395803,0.00395803
6105,9234.92,0.22019,0.20146,0.79057,0.94675,0.95811,0.98438,0.96951,0.12888,0.12711,0.74716,0.00395704,0.00395704,0.00395704
6106,9236.39,0.22505,0.20404,0.79094,0.94399,0.96296,0.98554,0.97114,0.12893,0.12712,0.74715,0.00395605,0.00395605,0.00395605
6107,9237.85,0.21272,0.19426,0.78951,0.94497,0.95808,0.98446,0.97189,0.12894,0.12708,0.74713,0.00395506,0.00395506,0.00395506
6108,9239.34,0.23311,0.20665,0.78936,0.94294,0.95694,0.98313,0.96926,0.1289,0.12711,0.74712,0.00395407,0.00395407,0.00395407
6109,9240.85,0.22831,0.20552,0.79234,0.94377,0.96074,0.98476,0.96986,0.12898,0.12726,0.74709,0.00395308,0.00395308,0.00395308
6110,9242.36,0.221,0.20289,0.79371,0.94349,0.95887,0.98332,0.96944,0.12886,0.1273,0.74707,0.00395209,0.00395209,0.00395209
6111,9243.83,0.21764,0.19896,0.78765,0.9427,0.95885,0.98442,0.96785,0.12889,0.12727,0.74707,0.0039511,0.0039511,0.0039511
6112,9245.34,0.20956,0.20217,0.78884,0.94542,0.95918,0.98438,0.97058,0.12881,0.12741,0.74707,0.00395011,0.00395011,0.00395011
6113,9246.86,0.21688,0.19442,0.79459,0.94374,0.96132,0.98485,0.9716,0.12886,0.12744,0.74708,0.00394912,0.00394912,0.00394912
6114,9248.57,0.20927,0.19401,0.78716,0.94331,0.95757,0.98327,0.96836,0.12894,0.12754,0.74709,0.00394813,0.00394813,0.00394813
6115,9250.11,0.21224,0.19626,0.79025,0.94452,0.95851,0.98468,0.97044,0.12889,0.12754,0.74708,0.00394714,0.00394714,0.00394714
6116,9251.63,0.22411,0.20049,0.7983,0.94395,0.96196,0.98615,0.97053,0.12874,0.12748,0.74709,0.00394615,0.00394615,0.00394615
6117,9253.1,0.20055,0.19105,0.78739,0.94598,0.95682,0.98407,0.96947,0.12876,0.12745,0.74709,0.00394516,0.00394516,0.00394516
6118,9254.59,0.21235,0.19635,0.78828,0.94809,0.95859,0.98488,0.97019,0.12881,0.12758,0.74709,0.00394417,0.00394417,0.00394417
6119,9256.05,0.22765,0.20381,0.79503,0.95067,0.9584,0.98451,0.96972,0.12884,0.12763,0.74709,0.00394318,0.00394318,0.00394318
6120,9257.5,0.22631,0.20241,0.79645,0.95176,0.95862,0.98515,0.96831,0.12891,0.12778,0.74712,0.00394219,0.00394219,0.00394219
6121,9259,0.21077,0.19195,0.78406,0.95457,0.95778,0.98499,0.96971,0.1289,0.12757,0.74712,0.0039412,0.0039412,0.0039412
6122,9260.5,0.22144,0.19883,0.79216,0.951,0.95939,0.98553,0.97201,0.12891,0.1276,0.74709,0.00394021,0.00394021,0.00394021
6123,9262.06,0.21447,0.19567,0.78961,0.95182,0.96078,0.98542,0.96968,0.12893,0.12744,0.7471,0.00393922,0.00393922,0.00393922
6124,9263.52,0.22182,0.20118,0.79432,0.95036,0.95609,0.9849,0.96844,0.12879,0.12758,0.74709,0.00393823,0.00393823,0.00393823
6125,9265.03,0.21311,0.19495,0.79411,0.95047,0.95876,0.98518,0.97206,0.12864,0.1271,0.74706,0.00393724,0.00393724,0.00393724
6126,9266.49,0.22687,0.20645,0.796,0.95078,0.95818,0.98476,0.96988,0.12855,0.12724,0.74705,0.00393625,0.00393625,0.00393625
6127,9268.01,0.2175,0.20088,0.79026,0.94817,0.96448,0.98562,0.97173,0.12855,0.12717,0.74704,0.00393526,0.00393526,0.00393526
6128,9269.51,0.22332,0.20701,0.78765,0.94982,0.95617,0.98484,0.97006,0.12833,0.12704,0.74702,0.00393427,0.00393427,0.00393427
6129,9271.01,0.20603,0.19283,0.78579,0.94964,0.95683,0.9846,0.97052,0.12838,0.12723,0.74703,0.00393328,0.00393328,0.00393328
6130,9272.5,0.20676,0.19325,0.7905,0.93964,0.96302,0.98488,0.96977,0.12836,0.12722,0.74701,0.00393229,0.00393229,0.00393229
6131,9273.98,0.21567,0.19756,0.79074,0.9436,0.96474,0.98448,0.96962,0.12825,0.12711,0.74697,0.0039313,0.0039313,0.0039313
6132,9275.46,0.21189,0.18902,0.79899,0.94671,0.95817,0.98431,0.9675,0.1282,0.12715,0.74698,0.00393031,0.00393031,0.00393031
6133,9277.01,0.21039,0.19115,0.79043,0.94418,0.96297,0.98533,0.96866,0.12822,0.12702,0.74697,0.00392932,0.00392932,0.00392932
6134,9278.54,0.22179,0.20089,0.79525,0.94423,0.96228,0.98386,0.96904,0.12823,0.12711,0.74697,0.00392833,0.00392833,0.00392833
6135,9280.03,0.21978,0.2011,0.79046,0.944,0.96085,0.98474,0.96997,0.12823,0.127,0.74699,0.00392734,0.00392734,0.00392734
6136,9281.53,0.2188,0.20139,0.78883,0.94488,0.96322,0.98352,0.96944,0.12812,0.12703,0.74696,0.00392635,0.00392635,0.00392635
6137,9283,0.2134,0.19618,0.79107,0.9435,0.96221,0.98374,0.96957,0.12805,0.127,0.74694,0.00392536,0.00392536,0.00392536
6138,9284.49,0.22291,0.19775,0.79673,0.94524,0.96413,0.98439,0.97005,0.12806,0.12691,0.74694,0.00392437,0.00392437,0.00392437
6139,9286.03,0.22201,0.19834,0.79286,0.94621,0.96485,0.98534,0.972,0.12807,0.12689,0.74696,0.00392338,0.00392338,0.00392338
6140,9287.49,0.21452,0.20473,0.79029,0.94431,0.9641,0.98365,0.96794,0.12824,0.1269,0.74698,0.00392239,0.00392239,0.00392239
6141,9288.96,0.22947,0.20232,0.79052,0.94574,0.95819,0.98345,0.96727,0.12817,0.12687,0.74696,0.0039214,0.0039214,0.0039214
6142,9290.48,0.21692,0.20064,0.7966,0.94085,0.96325,0.98354,0.96775,0.12819,0.1269,0.74695,0.00392041,0.00392041,0.00392041
6143,9292.01,0.22496,0.20584,0.79467,0.94297,0.96235,0.98289,0.96784,0.12816,0.12693,0.74695,0.00391942,0.00391942,0.00391942
6144,9293.57,0.23568,0.20546,0.80336,0.94417,0.95992,0.98433,0.97077,0.12804,0.127,0.74697,0.00391843,0.00391843,0.00391843
6145,9295.08,0.2326,0.21129,0.79063,0.94584,0.96373,0.98283,0.96878,0.12801,0.12712,0.74694,0.00391744,0.00391744,0.00391744
6146,9296.54,0.21494,0.19731,0.79619,0.94315,0.96284,0.983,0.96934,0.12802,0.12715,0.74693,0.00391645,0.00391645,0.00391645
6147,9298.01,0.22301,0.20197,0.78729,0.94496,0.96268,0.98374,0.96857,0.128,0.12682,0.74691,0.00391546,0.00391546,0.00391546
6148,9299.52,0.2256,0.20178,0.79761,0.94495,0.96443,0.98355,0.96799,0.12802,0.12721,0.74692,0.00391447,0.00391447,0.00391447
6149,9300.99,0.23151,0.20155,0.78972,0.94324,0.9578,0.98298,0.96741,0.12793,0.12726,0.74689,0.00391348,0.00391348,0.00391348
6150,9302.45,0.20748,0.19403,0.78211,0.94281,0.95871,0.98183,0.96841,0.12792,0.12735,0.7469,0.00391249,0.00391249,0.00391249
6151,9303.96,0.23312,0.20995,0.79304,0.9401,0.95624,0.98157,0.96693,0.12782,0.12703,0.74686,0.0039115,0.0039115,0.0039115
6152,9305.46,0.20927,0.19308,0.79372,0.94308,0.95634,0.98365,0.96885,0.12799,0.12704,0.74687,0.00391051,0.00391051,0.00391051
6153,9307.01,0.21884,0.19476,0.78869,0.94319,0.95896,0.98363,0.96959,0.12789,0.12694,0.74688,0.00390952,0.00390952,0.00390952
6154,9308.61,0.22554,0.19506,0.79431,0.94045,0.95614,0.98302,0.96912,0.12798,0.12693,0.74688,0.00390853,0.00390853,0.00390853
6155,9310.11,0.20662,0.1879,0.79292,0.94635,0.96041,0.98519,0.97126,0.12802,0.12687,0.74689,0.00390754,0.00390754,0.00390754
6156,9311.58,0.22734,0.19785,0.78706,0.94029,0.95821,0.98388,0.96854,0.12803,0.12715,0.74689,0.00390655,0.00390655,0.00390655
6157,9313.06,0.20927,0.19301,0.79325,0.94295,0.95654,0.98251,0.96737,0.12799,0.127,0.74687,0.00390556,0.00390556,0.00390556
6158,9314.49,0.22128,0.19717,0.79064,0.94596,0.95798,0.98387,0.96832,0.12807,0.12729,0.74684,0.00390457,0.00390457,0.00390457
6159,9316.07,0.20658,0.19749,0.78205,0.93913,0.95725,0.98175,0.96752,0.12804,0.12718,0.74685,0.00390358,0.00390358,0.00390358
6160,9317.55,0.22947,0.20106,0.79686,0.9452,0.96045,0.98427,0.97088,0.12797,0.12724,0.74679,0.00390259,0.00390259,0.00390259
6161,9319.02,0.22654,0.20468,0.79299,0.94418,0.95824,0.98229,0.96811,0.128,0.12713,0.74678,0.0039016,0.0039016,0.0039016
6162,9320.51,0.2184,0.19358,0.78847,0.93836,0.95724,0.98318,0.96748,0.12803,0.12715,0.74676,0.00390061,0.00390061,0.00390061
6163,9322.07,0.2208,0.20155,0.78783,0.94444,0.95928,0.98404,0.97042,0.12787,0.12718,0.74673,0.00389962,0.00389962,0.00389962
6164,9323.56,0.21958,0.19922,0.79011,0.94334,0.96028,0.98302,0.97008,0.12808,0.12738,0.74671,0.00389863,0.00389863,0.00389863
6165,9325.09,0.22625,0.20123,0.7973,0.9482,0.96178,0.98365,0.9702,0.12799,0.1272,0.74668,0.00389764,0.00389764,0.00389764
6166,9326.59,0.21598,0.19947,0.792,0.94508,0.95825,0.98345,0.96889,0.12778,0.12747,0.74663,0.00389665,0.00389665,0.00389665
6167,9328.06,0.21665,0.19864,0.79403,0.94632,0.96205,0.98458,0.97014,0.12776,0.12729,0.74663,0.00389566,0.00389566,0.00389566
6168,9329.52,0.21428,0.19285,0.79496,0.94225,0.95963,0.98283,0.96895,0.12773,0.12746,0.74661,0.00389467,0.00389467,0.00389467
6169,9331.01,0.22362,0.20334,0.79024,0.94834,0.95983,0.98522,0.96938,0.12762,0.12729,0.7466,0.00389368,0.00389368,0.00389368
6170,9332.44,0.23113,0.20479,0.79335,0.9433,0.96157,0.98439,0.97091,0.12776,0.12754,0.74661,0.00389269,0.00389269,0.00389269
6171,9333.94,0.22394,0.20344,0.78454,0.94431,0.95921,0.98365,0.96981,0.12769,0.12739,0.74658,0.0038917,0.0038917,0.0038917
6172,9335.44,0.20753,0.19349,0.79128,0.94365,0.96247,0.98484,0.9719,0.12765,0.12722,0.74663,0.00389071,0.00389071,0.00389071
6173,9337.03,0.21805,0.19826,0.78666,0.94285,0.96157,0.98392,0.97091,0.12758,0.12706,0.74663,0.00388972,0.00388972,0.00388972
6174,9338.5,0.21287,0.19514,0.78772,0.94495,0.96341,0.98455,0.97097,0.1276,0.12709,0.74663,0.00388873,0.00388873,0.00388873
6175,9340.01,0.23115,0.20692,0.79724,0.94564,0.96332,0.98439,0.97081,0.12762,0.12725,0.74665,0.00388774,0.00388774,0.00388774
6176,9341.51,0.21812,0.19956,0.78663,0.94351,0.96176,0.98333,0.96865,0.12758,0.12725,0.74663,0.00388675,0.00388675,0.00388675
6177,9342.96,0.24153,0.21232,0.79707,0.94302,0.95983,0.98375,0.97064,0.12759,0.12715,0.74664,0.00388576,0.00388576,0.00388576
6178,9344.52,0.22769,0.203,0.79403,0.94328,0.96032,0.9839,0.96943,0.12752,0.12706,0.74663,0.00388477,0.00388477,0.00388477
6179,9345.97,0.21448,0.20284,0.78885,0.94309,0.95862,0.98318,0.96832,0.12758,0.12709,0.74663,0.00388378,0.00388378,0.00388378
6180,9347.46,0.23856,0.21359,0.79399,0.94533,0.95962,0.98311,0.96862,0.12761,0.12733,0.74664,0.00388279,0.00388279,0.00388279
6181,9348.95,0.20312,0.19366,0.7874,0.94472,0.96279,0.98467,0.96873,0.12768,0.12746,0.74663,0.0038818,0.0038818,0.0038818
6182,9350.43,0.2113,0.19171,0.79402,0.94424,0.96117,0.98405,0.96911,0.12784,0.12735,0.74663,0.00388081,0.00388081,0.00388081
6183,9351.92,0.21915,0.1952,0.79649,0.94239,0.9573,0.98386,0.96737,0.12773,0.12727,0.74663,0.00387982,0.00387982,0.00387982
6184,9353.49,0.21899,0.19633,0.7982,0.93864,0.95727,0.9838,0.97031,0.12771,0.12731,0.74665,0.00387883,0.00387883,0.00387883
6185,9355.06,0.23276,0.20579,0.79452,0.93958,0.9582,0.98397,0.96793,0.12804,0.12741,0.74662,0.00387784,0.00387784,0.00387784
6186,9356.58,0.2314,0.20296,0.78755,0.9415,0.95883,0.98438,0.96981,0.12787,0.12741,0.74662,0.00387685,0.00387685,0.00387685
6187,9358.07,0.22761,0.20463,0.79731,0.94413,0.9614,0.98507,0.96937,0.12781,0.12735,0.74663,0.00387586,0.00387586,0.00387586
6188,9359.6,0.24138,0.21151,0.79529,0.93765,0.95796,0.98372,0.96941,0.12776,0.12742,0.7466,0.00387487,0.00387487,0.00387487
6189,9361.09,0.22181,0.20121,0.79135,0.93885,0.95639,0.98201,0.96889,0.12777,0.12758,0.74658,0.00387388,0.00387388,0.00387388
6190,9362.61,0.22233,0.2009,0.79705,0.93724,0.95783,0.98419,0.96951,0.12765,0.12736,0.74656,0.00387289,0.00387289,0.00387289
6191,9364.08,0.23383,0.20456,0.79533,0.93874,0.95939,0.98523,0.97002,0.12781,0.12733,0.74657,0.0038719,0.0038719,0.0038719
6192,9365.57,0.22132,0.19961,0.7891,0.94299,0.96004,0.98453,0.9702,0.12791,0.12748,0.74654,0.00387091,0.00387091,0.00387091
6193,9367.14,0.22446,0.20609,0.78549,0.93902,0.95705,0.98316,0.96979,0.12794,0.12731,0.74651,0.00386992,0.00386992,0.00386992
6194,9368.81,0.21566,0.19713,0.79134,0.93836,0.95782,0.98321,0.96854,0.12796,0.12724,0.74653,0.00386893,0.00386893,0.00386893
6195,9370.31,0.24384,0.20526,0.80364,0.93786,0.957,0.98287,0.96679,0.12796,0.12715,0.74653,0.00386794,0.00386794,0.00386794
6196,9371.83,0.2195,0.20253,0.78802,0.92593,0.95699,0.98403,0.97003,0.12788,0.12731,0.7465,0.00386695,0.00386695,0.00386695
6197,9373.33,0.23094,0.20686,0.79442,0.93765,0.95878,0.98287,0.96693,0.12783,0.12734,0.74652,0.00386596,0.00386596,0.00386596
6198,9374.83,0.20621,0.19534,0.78583,0.93725,0.95799,0.98246,0.96846,0.12772,0.12735,0.74651,0.00386497,0.00386497,0.00386497
6199,9376.33,0.21943,0.19942,0.79336,0.93604,0.95668,0.98246,0.96968,0.12768,0.12718,0.74649,0.00386398,0.00386398,0.00386398
6200,9377.83,0.21197,0.19485,0.78811,0.938,0.95957,0.98461,0.97061,0.12761,0.12703,0.7465,0.00386299,0.00386299,0.00386299
6201,9379.28,0.21227,0.19797,0.79126,0.93704,0.95737,0.98309,0.96879,0.12762,0.1273,0.74646,0.003862,0.003862,0.003862
6202,9380.79,0.2188,0.19527,0.78944,0.93881,0.95748,0.98386,0.96879,0.12768,0.12717,0.74646,0.00386101,0.00386101,0.00386101
6203,9382.33,0.22814,0.20308,0.79264,0.9368,0.95747,0.98408,0.97055,0.12759,0.1271,0.74647,0.00386002,0.00386002,0.00386002
6204,9383.91,0.21067,0.19523,0.79295,0.93963,0.95958,0.98493,0.97097,0.1276,0.12723,0.74648,0.00385903,0.00385903,0.00385903
6205,9385.48,0.22277,0.19353,0.78768,0.94196,0.96028,0.98492,0.97101,0.12758,0.12697,0.74648,0.00385804,0.00385804,0.00385804
6206,9386.95,0.22627,0.20292,0.79034,0.93829,0.95882,0.98385,0.96989,0.12757,0.12703,0.74647,0.00385705,0.00385705,0.00385705
6207,9388.44,0.21668,0.20234,0.7902,0.93825,0.95724,0.98384,0.96932,0.12747,0.12713,0.74647,0.00385606,0.00385606,0.00385606
6208,9389.96,0.22597,0.20621,0.78469,0.93468,0.95628,0.98388,0.96862,0.12751,0.12718,0.74649,0.00385507,0.00385507,0.00385507
6209,9391.39,0.19984,0.19028,0.77908,0.94132,0.95893,0.98545,0.97094,0.12754,0.12709,0.74649,0.00385408,0.00385408,0.00385408
6210,9392.91,0.21726,0.20627,0.7867,0.9388,0.95813,0.98343,0.96991,0.12747,0.12707,0.74652,0.00385309,0.00385309,0.00385309
6211,9394.41,0.22886,0.20902,0.79576,0.93511,0.95744,0.98316,0.97083,0.12752,0.12726,0.74652,0.0038521,0.0038521,0.0038521
6212,9395.86,0.21308,0.19604,0.78822,0.93519,0.95831,0.98421,0.97185,0.12765,0.1275,0.74653,0.00385111,0.00385111,0.00385111
6213,9397.41,0.21541,0.19868,0.78815,0.9365,0.95685,0.98242,0.96749,0.12745,0.12742,0.74655,0.00385012,0.00385012,0.00385012
6214,9398.96,0.21815,0.20144,0.79012,0.93977,0.95952,0.98468,0.97011,0.12754,0.12741,0.74658,0.00384913,0.00384913,0.00384913
6215,9400.54,0.22019,0.2037,0.78958,0.94065,0.95863,0.98411,0.97187,0.12751,0.12751,0.7466,0.00384814,0.00384814,0.00384814
6216,9402.07,0.23081,0.20615,0.79789,0.94118,0.96015,0.9844,0.96965,0.12746,0.12766,0.74663,0.00384715,0.00384715,0.00384715
6217,9403.58,0.22048,0.19947,0.78907,0.94009,0.9594,0.9848,0.97033,0.12733,0.1276,0.74665,0.00384616,0.00384616,0.00384616
6218,9405.04,0.20799,0.18933,0.78127,0.94048,0.96109,0.9849,0.97094,0.12725,0.12745,0.74668,0.00384517,0.00384517,0.00384517
6219,9406.56,0.20573,0.19191,0.78523,0.94545,0.95906,0.98478,0.97056,0.12736,0.12768,0.74671,0.00384418,0.00384418,0.00384418
6220,9408.08,0.22407,0.19906,0.79265,0.94189,0.95753,0.98469,0.97136,0.12697,0.12762,0.74671,0.00384319,0.00384319,0.00384319
6221,9409.6,0.22248,0.1985,0.79308,0.94562,0.95842,0.9855,0.97312,0.127,0.12748,0.74671,0.0038422,0.0038422,0.0038422
6222,9411.1,0.22347,0.1908,0.79424,0.94296,0.96039,0.98476,0.96995,0.12719,0.12742,0.74672,0.00384121,0.00384121,0.00384121
6223,9412.68,0.23129,0.20376,0.7945,0.94065,0.95845,0.98341,0.96957,0.12716,0.12748,0.74669,0.00384022,0.00384022,0.00384022
6224,9414.25,0.22098,0.19816,0.78804,0.94276,0.96015,0.98504,0.96948,0.12715,0.12735,0.74671,0.00383923,0.00383923,0.00383923
6225,9415.71,0.21099,0.19361,0.78933,0.94141,0.96006,0.98381,0.97003,0.1271,0.12728,0.74668,0.00383824,0.00383824,0.00383824
6226,9417.22,0.24219,0.20629,0.79175,0.94005,0.95914,0.98483,0.96996,0.12716,0.1274,0.74668,0.00383725,0.00383725,0.00383725
6227,9418.71,0.201,0.1852,0.79149,0.93957,0.95837,0.9847,0.97206,0.12701,0.12726,0.74667,0.00383626,0.00383626,0.00383626
6228,9420.16,0.22172,0.19646,0.79007,0.93815,0.95922,0.98406,0.96909,0.12718,0.12728,0.74669,0.00383527,0.00383527,0.00383527
6229,9421.69,0.2328,0.20314,0.79419,0.94042,0.9592,0.98499,0.96964,0.12727,0.12748,0.74668,0.00383428,0.00383428,0.00383428
6230,9423.17,0.22417,0.20011,0.79025,0.93724,0.95776,0.98424,0.96987,0.12721,0.12721,0.74667,0.00383329,0.00383329,0.00383329
6231,9424.6,0.20704,0.1901,0.78585,0.93865,0.96362,0.98397,0.96931,0.12731,0.12737,0.74667,0.0038323,0.0038323,0.0038323
6232,9426.1,0.21268,0.20485,0.78452,0.93705,0.95939,0.98407,0.96836,0.12734,0.12741,0.74666,0.00383131,0.00383131,0.00383131
6233,9427.64,0.21573,0.19029,0.79051,0.94011,0.95783,0.98365,0.96971,0.12736,0.12723,0.74667,0.00383032,0.00383032,0.00383032
6234,9429.21,0.22922,0.20741,0.79278,0.94222,0.96298,0.98501,0.97174,0.12736,0.1271,0.74666,0.00382933,0.00382933,0.00382933
6235,9430.76,0.23205,0.20685,0.79081,0.94585,0.96123,0.98568,0.97279,0.12725,0.12694,0.74666,0.00382834,0.00382834,0.00382834
6236,9432.28,0.20582,0.18933,0.78413,0.94668,0.96223,0.98535,0.97144,0.1272,0.12702,0.74668,0.00382735,0.00382735,0.00382735
6237,9433.75,0.20927,0.19086,0.7895,0.94482,0.95672,0.98431,0.97029,0.12729,0.12709,0.74667,0.00382636,0.00382636,0.00382636
6238,9435.25,0.22313,0.19412,0.79325,0.94627,0.96232,0.98571,0.97162,0.12718,0.12722,0.74668,0.00382537,0.00382537,0.00382537
6239,9436.71,0.22302,0.19317,0.79398,0.94586,0.96166,0.98612,0.97336,0.12709,0.12722,0.74667,0.00382438,0.00382438,0.00382438
6240,9438.2,0.22225,0.2017,0.78842,0.94666,0.96116,0.98521,0.97019,0.12713,0.1273,0.74667,0.00382339,0.00382339,0.00382339
6241,9439.7,0.21592,0.19361,0.7918,0.94202,0.95733,0.98456,0.97094,0.12716,0.12702,0.74663,0.0038224,0.0038224,0.0038224
6242,9441.17,0.21256,0.19649,0.78838,0.9436,0.95893,0.9855,0.97031,0.12712,0.12688,0.74666,0.00382141,0.00382141,0.00382141
6243,9442.72,0.21555,0.19722,0.78743,0.94483,0.95888,0.98383,0.97011,0.1271,0.12679,0.74665,0.00382042,0.00382042,0.00382042
6244,9444.3,0.21346,0.19741,0.79389,0.94498,0.95739,0.98454,0.97095,0.1271,0.12677,0.74667,0.00381943,0.00381943,0.00381943
6245,9445.82,0.21316,0.19307,0.78885,0.94709,0.96223,0.98523,0.97315,0.12694,0.12681,0.74662,0.00381844,0.00381844,0.00381844
6246,9447.36,0.22247,0.20122,0.79336,0.94754,0.95983,0.98507,0.97164,0.12707,0.12697,0.74665,0.00381745,0.00381745,0.00381745
6247,9448.86,0.23065,0.20583,0.78742,0.9469,0.96293,0.98601,0.97342,0.12729,0.12711,0.74664,0.00381646,0.00381646,0.00381646
6248,9450.38,0.21822,0.19367,0.79118,0.94266,0.95652,0.98377,0.96898,0.12721,0.12692,0.74664,0.00381547,0.00381547,0.00381547
6249,9451.81,0.23124,0.20549,0.79974,0.94575,0.95909,0.9836,0.97084,0.12725,0.12709,0.74664,0.00381448,0.00381448,0.00381448
6250,9453.29,0.21646,0.20151,0.79132,0.9415,0.95791,0.98431,0.97034,0.12738,0.12715,0.74665,0.00381349,0.00381349,0.00381349
6251,9454.82,0.22659,0.21011,0.7912,0.94094,0.96245,0.98633,0.97105,0.1272,0.12699,0.74667,0.0038125,0.0038125,0.0038125
6252,9456.3,0.22695,0.20518,0.79694,0.94261,0.95803,0.98489,0.97074,0.12724,0.12694,0.74669,0.00381151,0.00381151,0.00381151
6253,9457.89,0.21476,0.19421,0.78684,0.94393,0.9612,0.98423,0.97041,0.12729,0.12697,0.74673,0.00381052,0.00381052,0.00381052
6254,9459.54,0.19874,0.18754,0.78897,0.94341,0.95822,0.98441,0.9682,0.12736,0.12693,0.74674,0.00380953,0.00380953,0.00380953
6255,9461.1,0.21482,0.19028,0.79213,0.94643,0.95968,0.98526,0.97118,0.12733,0.12711,0.74673,0.00380854,0.00380854,0.00380854
6256,9462.59,0.22019,0.20084,0.79617,0.94159,0.95896,0.98541,0.96918,0.12732,0.12682,0.74672,0.00380755,0.00380755,0.00380755
6257,9464.04,0.22461,0.1992,0.79608,0.94251,0.95816,0.98416,0.96975,0.1272,0.12675,0.74674,0.00380656,0.00380656,0.00380656
6258,9465.51,0.23125,0.19996,0.79626,0.93999,0.95826,0.98408,0.97138,0.12726,0.12678,0.74673,0.00380557,0.00380557,0.00380557
6259,9467.02,0.23209,0.1969,0.79459,0.94152,0.95839,0.98422,0.96981,0.12733,0.12676,0.74673,0.00380458,0.00380458,0.00380458
6260,9468.49,0.22137,0.20053,0.78967,0.9426,0.95893,0.98411,0.96978,0.12738,0.12671,0.74673,0.00380359,0.00380359,0.00380359
6261,9469.93,0.20859,0.19329,0.78211,0.93993,0.95761,0.98329,0.96622,0.12732,0.12653,0.74674,0.0038026,0.0038026,0.0038026
6262,9471.41,0.21392,0.19366,0.79099,0.943,0.95904,0.98447,0.96971,0.12736,0.12658,0.74671,0.00380161,0.00380161,0.00380161
6263,9473.01,0.2099,0.19402,0.79123,0.94315,0.9582,0.98347,0.96709,0.12738,0.12663,0.74667,0.00380062,0.00380062,0.00380062
6264,9474.53,0.21456,0.19595,0.78568,0.94295,0.9567,0.98373,0.96795,0.12748,0.1266,0.74668,0.00379963,0.00379963,0.00379963
6265,9476.06,0.22643,0.20036,0.79164,0.93883,0.95651,0.98385,0.96922,0.12763,0.12669,0.74667,0.00379864,0.00379864,0.00379864
6266,9477.55,0.21523,0.19831,0.79196,0.94369,0.95834,0.98356,0.96879,0.12749,0.12648,0.74664,0.00379765,0.00379765,0.00379765
6267,9479.04,0.22869,0.1967,0.79113,0.94393,0.95729,0.98424,0.96795,0.12735,0.12639,0.74663,0.00379666,0.00379666,0.00379666
6268,9480.52,0.21062,0.1985,0.78695,0.94066,0.95748,0.98339,0.9681,0.12737,0.12643,0.7466,0.00379567,0.00379567,0.00379567
6269,9482.09,0.2099,0.19458,0.78747,0.94479,0.96257,0.98478,0.96894,0.12738,0.12643,0.74658,0.00379468,0.00379468,0.00379468
6270,9483.57,0.21231,0.19746,0.79293,0.94283,0.95749,0.98417,0.96746,0.12723,0.12627,0.74657,0.00379369,0.00379369,0.00379369
6271,9485.11,0.21728,0.20293,0.79044,0.94632,0.95989,0.98526,0.96892,0.12733,0.12637,0.74661,0.0037927,0.0037927,0.0037927
6272,9486.53,0.2236,0.20822,0.7956,0.94754,0.95831,0.98472,0.9684,0.12724,0.12625,0.74659,0.00379171,0.00379171,0.00379171
6273,9488.1,0.23107,0.20385,0.80035,0.94855,0.95773,0.98529,0.97118,0.12721,0.12614,0.74657,0.00379072,0.00379072,0.00379072
6274,9489.64,0.21766,0.19911,0.79909,0.94591,0.95685,0.98404,0.97037,0.12718,0.12622,0.74656,0.00378973,0.00378973,0.00378973
6275,9491.13,0.22765,0.20321,0.7891,0.94426,0.9588,0.98507,0.97093,0.12721,0.12622,0.74657,0.00378874,0.00378874,0.00378874
6276,9492.61,0.21124,0.19795,0.78486,0.94316,0.96212,0.98531,0.9704,0.12712,0.1261,0.74656,0.00378775,0.00378775,0.00378775
6277,9494.1,0.22882,0.20185,0.79549,0.94433,0.96205,0.98579,0.97162,0.12712,0.12616,0.74655,0.00378676,0.00378676,0.00378676
6278,9495.57,0.221,0.19825,0.79086,0.94358,0.96204,0.98472,0.96909,0.12709,0.126,0.74656,0.00378577,0.00378577,0.00378577
6279,9497.06,0.20047,0.19054,0.78568,0.94339,0.95902,0.98573,0.97131,0.12694,0.12578,0.74655,0.00378478,0.00378478,0.00378478
6280,9498.56,0.19486,0.18302,0.78875,0.94507,0.96123,0.98481,0.97013,0.12694,0.12612,0.74658,0.00378379,0.00378379,0.00378379
6281,9500.03,0.21548,0.19176,0.79355,0.94382,0.9583,0.98421,0.96908,0.12693,0.12602,0.74658,0.0037828,0.0037828,0.0037828
6282,9501.53,0.21274,0.19377,0.79394,0.94666,0.95837,0.98523,0.96876,0.12691,0.12581,0.74658,0.00378181,0.00378181,0.00378181
6283,9503.11,0.21607,0.19702,0.79345,0.94774,0.95986,0.98495,0.96859,0.12671,0.12603,0.74659,0.00378082,0.00378082,0.00378082
6284,9504.6,0.21657,0.19837,0.79466,0.94976,0.96248,0.98557,0.96878,0.12666,0.126,0.7466,0.00377983,0.00377983,0.00377983
6285,9506.1,0.21049,0.19747,0.78347,0.95039,0.96123,0.98695,0.9719,0.12658,0.12594,0.7466,0.00377884,0.00377884,0.00377884
6286,9507.63,0.22537,0.20165,0.7876,0.94854,0.95802,0.98574,0.96928,0.12642,0.12605,0.74661,0.00377785,0.00377785,0.00377785
6287,9509.09,0.21554,0.19373,0.792,0.95097,0.95968,0.98506,0.96888,0.12643,0.12599,0.74664,0.00377686,0.00377686,0.00377686
6288,9510.57,0.2307,0.20095,0.79282,0.9501,0.95736,0.9851,0.97017,0.12644,0.12605,0.74664,0.00377587,0.00377587,0.00377587
6289,9512.06,0.21813,0.1991,0.79162,0.94978,0.95627,0.98456,0.97105,0.12626,0.12602,0.74667,0.00377488,0.00377488,0.00377488
6290,9513.52,0.2336,0.20588,0.7942,0.95409,0.96083,0.98625,0.97285,0.12622,0.12606,0.74669,0.00377389,0.00377389,0.00377389
6291,9514.99,0.21179,0.20053,0.78587,0.95033,0.95693,0.986,0.97196,0.12627,0.12624,0.74668,0.0037729,0.0037729,0.0037729
6292,9516.48,0.21399,0.18983,0.78626,0.95039,0.95689,0.98598,0.97065,0.12623,0.12628,0.74666,0.00377191,0.00377191,0.00377191
6293,9517.99,0.20972,0.19592,0.78561,0.95106,0.95637,0.98441,0.96834,0.12623,0.12655,0.74668,0.00377092,0.00377092,0.00377092
6294,9519.61,0.23183,0.2054,0.78499,0.95186,0.95893,0.98558,0.97207,0.12616,0.12625,0.74669,0.00376993,0.00376993,0.00376993
6295,9521.21,0.24143,0.20959,0.79693,0.94639,0.95948,0.9853,0.97033,0.1263,0.12653,0.74672,0.00376894,0.00376894,0.00376894
6296,9522.69,0.2103,0.19424,0.78949,0.94699,0.95771,0.98469,0.96956,0.12636,0.12641,0.74674,0.00376795,0.00376795,0.00376795
6297,9524.18,0.23883,0.20411,0.79475,0.947,0.95978,0.98648,0.97293,0.12641,0.12643,0.74675,0.00376696,0.00376696,0.00376696
6298,9525.72,0.22892,0.20079,0.78946,0.94408,0.95872,0.98467,0.97101,0.12655,0.12668,0.74674,0.00376597,0.00376597,0.00376597
6299,9527.25,0.22194,0.19467,0.78818,0.94697,0.95924,0.98636,0.97165,0.12658,0.12681,0.74675,0.00376498,0.00376498,0.00376498
6300,9528.73,0.21361,0.19312,0.79111,0.94357,0.95825,0.98542,0.96877,0.12655,0.12685,0.74675,0.00376399,0.00376399,0.00376399
6301,9530.22,0.22408,0.19822,0.79525,0.94646,0.95914,0.98514,0.96838,0.12676,0.12713,0.74676,0.003763,0.003763,0.003763
6302,9531.71,0.21508,0.19579,0.78898,0.9459,0.95929,0.98462,0.96952,0.12677,0.12699,0.74673,0.00376201,0.00376201,0.00376201
6303,9533.23,0.2223,0.19603,0.79228,0.94532,0.95935,0.98367,0.96825,0.12684,0.12722,0.74673,0.00376102,0.00376102,0.00376102
6304,9534.85,0.20771,0.18937,0.79143,0.94206,0.95941,0.98319,0.96735,0.12675,0.127,0.74673,0.00376003,0.00376003,0.00376003
6305,9536.41,0.22328,0.19556,0.78968,0.94261,0.96001,0.98432,0.96783,0.12683,0.12719,0.74672,0.00375904,0.00375904,0.00375904
6306,9537.92,0.2062,0.18751,0.79101,0.93985,0.95642,0.98381,0.9677,0.12675,0.12706,0.74671,0.00375805,0.00375805,0.00375805
6307,9539.46,0.21778,0.19514,0.78641,0.94522,0.95786,0.98249,0.96602,0.12673,0.12696,0.74668,0.00375706,0.00375706,0.00375706
6308,9540.94,0.21731,0.20111,0.78961,0.94279,0.9594,0.98327,0.96863,0.1267,0.12698,0.74665,0.00375607,0.00375607,0.00375607
6309,9542.39,0.21246,0.19322,0.79098,0.94837,0.96086,0.9838,0.96739,0.12665,0.12702,0.74666,0.00375508,0.00375508,0.00375508
6310,9543.9,0.20667,0.19865,0.78619,0.94727,0.9592,0.98386,0.96784,0.12674,0.12715,0.74662,0.00375409,0.00375409,0.00375409
6311,9545.38,0.20245,0.1887,0.78577,0.94778,0.9595,0.98392,0.96933,0.12683,0.12719,0.74662,0.0037531,0.0037531,0.0037531
6312,9546.86,0.23927,0.20015,0.78925,0.94467,0.95923,0.98358,0.96784,0.12686,0.12692,0.74663,0.00375211,0.00375211,0.00375211
6313,9548.42,0.2153,0.19686,0.79052,0.94547,0.95991,0.9838,0.96959,0.12683,0.12676,0.74662,0.00375112,0.00375112,0.00375112
6314,9549.94,0.21166,0.19469,0.78813,0.94566,0.96059,0.98528,0.97094,0.12677,0.12679,0.74661,0.00375013,0.00375013,0.00375013
6315,9551.52,0.22102,0.20384,0.7915,0.94492,0.96138,0.98487,0.97104,0.12684,0.12673,0.74661,0.00374914,0.00374914,0.00374914
6316,9553.02,0.24384,0.21273,0.79462,0.94714,0.96069,0.9856,0.96971,0.12683,0.12691,0.7466,0.00374815,0.00374815,0.00374815
6317,9554.5,0.22034,0.20199,0.79018,0.94412,0.95745,0.98453,0.97142,0.12687,0.12702,0.74663,0.00374716,0.00374716,0.00374716
6318,9555.99,0.22451,0.20579,0.79511,0.9459,0.96032,0.98626,0.97209,0.12679,0.12674,0.74661,0.00374617,0.00374617,0.00374617
6319,9557.48,0.21741,0.19598,0.79192,0.94477,0.96096,0.98453,0.96972,0.12675,0.12669,0.74662,0.00374518,0.00374518,0.00374518
6320,9558.96,0.22292,0.20093,0.79826,0.94641,0.95935,0.98414,0.97067,0.12694,0.12685,0.74662,0.00374419,0.00374419,0.00374419
6321,9560.4,0.21369,0.20083,0.79281,0.94704,0.9601,0.98559,0.96919,0.12697,0.12685,0.74664,0.0037432,0.0037432,0.0037432
6322,9561.89,0.2304,0.20305,0.79434,0.94557,0.96026,0.98489,0.96993,0.12685,0.1267,0.74664,0.00374221,0.00374221,0.00374221
6323,9563.44,0.22043,0.20903,0.7824,0.94515,0.96142,0.98596,0.97093,0.12698,0.1267,0.74665,0.00374122,0.00374122,0.00374122
6324,9564.95,0.21295,0.20014,0.78564,0.94325,0.96111,0.98542,0.9688,0.12685,0.12652,0.74664,0.00374023,0.00374023,0.00374023
6325,9566.48,0.23033,0.20324,0.79744,0.94762,0.96322,0.9858,0.97101,0.12681,0.12641,0.74663,0.00373924,0.00373924,0.00373924
6326,9567.99,0.21624,0.19783,0.78891,0.94588,0.96338,0.98616,0.97049,0.12693,0.12646,0.74665,0.00373825,0.00373825,0.00373825
6327,9569.48,0.21661,0.19544,0.79307,0.9429,0.95859,0.98349,0.96727,0.12679,0.12639,0.74664,0.00373726,0.00373726,0.00373726
6328,9571,0.20708,0.18996,0.79129,0.94801,0.9633,0.98638,0.9714,0.12697,0.12666,0.74664,0.00373627,0.00373627,0.00373627
6329,9572.47,0.22217,0.19898,0.79309,0.94684,0.96186,0.9857,0.97056,0.12699,0.12655,0.74665,0.00373528,0.00373528,0.00373528
6330,9573.91,0.22918,0.2048,0.78852,0.94744,0.96169,0.98594,0.9721,0.127,0.12642,0.74666,0.00373429,0.00373429,0.00373429
6331,9575.38,0.23237,0.20699,0.78984,0.94757,0.96172,0.98411,0.96892,0.12708,0.1265,0.74663,0.0037333,0.0037333,0.0037333
6332,9576.9,0.2358,0.20606,0.79552,0.9491,0.96334,0.98597,0.97095,0.127,0.12649,0.74663,0.00373231,0.00373231,0.00373231
6333,9578.47,0.23276,0.2025,0.79036,0.9481,0.95998,0.98368,0.96878,0.12712,0.12668,0.74661,0.00373132,0.00373132,0.00373132
6334,9580.1,0.22191,0.20111,0.7926,0.94684,0.95909,0.98548,0.97121,0.12706,0.12672,0.74663,0.00373033,0.00373033,0.00373033
6335,9581.61,0.19651,0.18413,0.79168,0.94879,0.96194,0.98498,0.97135,0.12706,0.12652,0.74664,0.00372934,0.00372934,0.00372934
6336,9583.07,0.21906,0.20217,0.78884,0.94687,0.95737,0.98382,0.96977,0.12701,0.12659,0.74661,0.00372835,0.00372835,0.00372835
6337,9584.57,0.20935,0.19759,0.78694,0.94586,0.96137,0.9855,0.97012,0.12709,0.12662,0.74663,0.00372736,0.00372736,0.00372736
6338,9586.05,0.22597,0.19645,0.80259,0.94404,0.95883,0.98404,0.96862,0.1271,0.12669,0.74659,0.00372637,0.00372637,0.00372637
6339,9587.49,0.21344,0.19402,0.79428,0.94638,0.96058,0.98577,0.96922,0.12719,0.12659,0.74659,0.00372538,0.00372538,0.00372538
6340,9588.97,0.21654,0.19975,0.78994,0.94552,0.95948,0.98407,0.96742,0.12719,0.12678,0.74659,0.00372439,0.00372439,0.00372439
6341,9590.46,0.22057,0.20328,0.79088,0.94419,0.95952,0.98561,0.96887,0.12715,0.12697,0.74659,0.0037234,0.0037234,0.0037234
6342,9591.96,0.20536,0.19523,0.78643,0.94651,0.95592,0.98428,0.9676,0.12725,0.12697,0.74661,0.00372241,0.00372241,0.00372241
6343,9593.57,0.21743,0.19692,0.79057,0.9468,0.95496,0.98378,0.96768,0.12728,0.1271,0.7466,0.00372142,0.00372142,0.00372142
6344,9595.11,0.21358,0.19193,0.79533,0.94785,0.95747,0.98391,0.96893,0.12717,0.12698,0.74659,0.00372043,0.00372043,0.00372043
6345,9596.66,0.22692,0.19634,0.79728,0.94825,0.95674,0.98532,0.9691,0.12727,0.12711,0.74659,0.00371944,0.00371944,0.00371944
6346,9598.15,0.22706,0.19711,0.79011,0.94854,0.95626,0.98491,0.97058,0.12733,0.12704,0.7466,0.00371845,0.00371845,0.00371845
6347,9599.62,0.23096,0.20645,0.78872,0.94705,0.95772,0.9854,0.97117,0.12742,0.12711,0.74661,0.00371746,0.00371746,0.00371746
6348,9601.1,0.21577,0.19894,0.79167,0.94576,0.95986,0.98595,0.96993,0.12739,0.12712,0.7466,0.00371647,0.00371647,0.00371647
6349,9602.55,0.23687,0.20796,0.79401,0.94707,0.95731,0.98511,0.96856,0.12724,0.12706,0.7466,0.00371548,0.00371548,0.00371548
6350,9603.98,0.24368,0.20822,0.80346,0.94812,0.96069,0.98612,0.96981,0.12742,0.12738,0.74658,0.00371449,0.00371449,0.00371449
6351,9605.5,0.2151,0.19793,0.78739,0.9486,0.95695,0.98496,0.97011,0.1274,0.12722,0.74658,0.0037135,0.0037135,0.0037135
6352,9606.97,0.21439,0.20189,0.78547,0.94856,0.95797,0.98615,0.97142,0.12745,0.12737,0.74658,0.00371251,0.00371251,0.00371251
6353,9608.47,0.22173,0.20155,0.79368,0.94844,0.95699,0.98414,0.96758,0.12743,0.1274,0.74656,0.00371152,0.00371152,0.00371152
6354,9610.06,0.22616,0.19554,0.79205,0.94943,0.95778,0.98665,0.97072,0.12737,0.12731,0.74654,0.00371053,0.00371053,0.00371053
6355,9611.6,0.20826,0.19436,0.78734,0.94983,0.95902,0.98563,0.97209,0.12734,0.12747,0.74652,0.00370954,0.00370954,0.00370954
6356,9613.14,0.22868,0.20424,0.79458,0.94912,0.95782,0.98571,0.97213,0.12731,0.12743,0.74654,0.00370855,0.00370855,0.00370855
6357,9614.62,0.21144,0.1973,0.79727,0.94379,0.96115,0.98677,0.97234,0.1272,0.12738,0.74653,0.00370756,0.00370756,0.00370756
6358,9616.15,0.22184,0.19918,0.79179,0.94908,0.95774,0.98626,0.97181,0.12721,0.12748,0.74651,0.00370657,0.00370657,0.00370657
6359,9617.63,0.22719,0.20639,0.79198,0.94416,0.9563,0.98469,0.97182,0.12727,0.12774,0.7465,0.00370558,0.00370558,0.00370558
6360,9619.12,0.21128,0.1991,0.78466,0.94997,0.95772,0.98616,0.97162,0.12707,0.12749,0.74652,0.00370459,0.00370459,0.00370459
6361,9620.63,0.23014,0.20451,0.80001,0.94966,0.95895,0.98587,0.97147,0.12695,0.12748,0.74649,0.0037036,0.0037036,0.0037036
6362,9622.1,0.2115,0.19778,0.78774,0.94713,0.95832,0.98385,0.96823,0.12696,0.12745,0.74651,0.00370261,0.00370261,0.00370261
6363,9623.59,0.22608,0.20418,0.79169,0.94354,0.95556,0.98223,0.96749,0.12694,0.12725,0.74651,0.00370162,0.00370162,0.00370162
6364,9625.17,0.20645,0.19802,0.78723,0.94692,0.95898,0.98284,0.96877,0.12678,0.12718,0.74649,0.00370063,0.00370063,0.00370063
6365,9626.72,0.22822,0.20688,0.78643,0.94581,0.9589,0.98227,0.96725,0.1269,0.127,0.74649,0.00369964,0.00369964,0.00369964
6366,9628.23,0.20839,0.19455,0.79154,0.94656,0.95569,0.98148,0.96686,0.12673,0.12698,0.74649,0.00369865,0.00369865,0.00369865
6367,9629.71,0.19828,0.19153,0.78722,0.94343,0.95569,0.98129,0.96701,0.12661,0.12671,0.74648,0.00369766,0.00369766,0.00369766
6368,9631.21,0.20371,0.1958,0.7872,0.94692,0.95749,0.98259,0.96647,0.12667,0.12674,0.74648,0.00369667,0.00369667,0.00369667
6369,9632.65,0.21156,0.19978,0.79245,0.94889,0.9572,0.98241,0.96595,0.12671,0.12678,0.74648,0.00369568,0.00369568,0.00369568
6370,9634.18,0.21202,0.19284,0.79125,0.94906,0.95732,0.98345,0.96933,0.12668,0.12669,0.74648,0.00369469,0.00369469,0.00369469
6371,9635.67,0.22029,0.20271,0.78857,0.94775,0.95747,0.98378,0.96898,0.12666,0.12661,0.74647,0.0036937,0.0036937,0.0036937
6372,9637.15,0.23778,0.20708,0.79696,0.94625,0.95732,0.98325,0.96737,0.12668,0.12666,0.74649,0.00369271,0.00369271,0.00369271
6373,9638.7,0.21018,0.19315,0.79076,0.94566,0.95733,0.98343,0.96711,0.12669,0.12645,0.7465,0.00369172,0.00369172,0.00369172
6374,9640.22,0.22051,0.20338,0.78966,0.94826,0.95594,0.98265,0.9678,0.12679,0.12634,0.7465,0.00369073,0.00369073,0.00369073
6375,9641.78,0.21255,0.19361,0.79016,0.94671,0.95817,0.98431,0.96926,0.12684,0.12649,0.74651,0.00368974,0.00368974,0.00368974
6376,9643.28,0.21397,0.19821,0.80039,0.94615,0.95743,0.98391,0.96925,0.12682,0.12619,0.74649,0.00368875,0.00368875,0.00368875
6377,9644.77,0.21098,0.19206,0.78387,0.94759,0.95729,0.98405,0.96963,0.1268,0.1261,0.7465,0.00368776,0.00368776,0.00368776
6378,9646.26,0.21832,0.19653,0.7885,0.94521,0.95825,0.98302,0.96843,0.12683,0.12619,0.74649,0.00368677,0.00368677,0.00368677
6379,9647.78,0.21972,0.19706,0.79371,0.94709,0.95723,0.9841,0.96831,0.12708,0.12638,0.74649,0.00368578,0.00368578,0.00368578
6380,9649.26,0.21632,0.19247,0.78934,0.94606,0.95738,0.98388,0.97022,0.12704,0.12627,0.74647,0.00368479,0.00368479,0.00368479
6381,9650.71,0.21066,0.19479,0.79538,0.94507,0.95569,0.9818,0.96876,0.1271,0.1261,0.7465,0.0036838,0.0036838,0.0036838
6382,9652.24,0.20316,0.18881,0.79295,0.94997,0.95791,0.98359,0.97001,0.12716,0.12592,0.74651,0.00368281,0.00368281,0.00368281
6383,9653.75,0.22035,0.19134,0.79724,0.94945,0.9583,0.98432,0.96991,0.12715,0.12584,0.74651,0.00368182,0.00368182,0.00368182
6384,9655.26,0.23387,0.20186,0.79474,0.9483,0.95842,0.98372,0.96849,0.12726,0.12606,0.74653,0.00368083,0.00368083,0.00368083
6385,9656.84,0.20709,0.19299,0.79112,0.9475,0.95602,0.98396,0.97025,0.12721,0.12599,0.74653,0.00367984,0.00367984,0.00367984
6386,9658.31,0.21053,0.1934,0.79705,0.9453,0.957,0.98253,0.96792,0.12715,0.12596,0.74652,0.00367885,0.00367885,0.00367885
6387,9659.81,0.22064,0.2016,0.79156,0.94396,0.95755,0.98235,0.9677,0.12724,0.12584,0.74653,0.00367786,0.00367786,0.00367786
6388,9661.3,0.23155,0.20229,0.79205,0.94413,0.95906,0.98281,0.9677,0.12711,0.12599,0.74649,0.00367687,0.00367687,0.00367687
6389,9662.77,0.21327,0.20125,0.7839,0.94541,0.95792,0.98289,0.96623,0.12705,0.12602,0.74649,0.00367588,0.00367588,0.00367588
6390,9664.22,0.22608,0.19966,0.78794,0.9465,0.95752,0.98291,0.96644,0.12715,0.12607,0.74649,0.00367489,0.00367489,0.00367489
6391,9665.69,0.2087,0.19091,0.79168,0.94351,0.95699,0.98193,0.96787,0.12735,0.12598,0.74651,0.0036739,0.0036739,0.0036739
6392,9667.2,0.21022,0.18767,0.79172,0.94278,0.95685,0.98199,0.96678,0.12727,0.12607,0.74654,0.00367291,0.00367291,0.00367291
6393,9668.75,0.21845,0.19683,0.78833,0.94617,0.958,0.98264,0.96755,0.12728,0.1259,0.74656,0.00367192,0.00367192,0.00367192
6394,9670.31,0.2014,0.1835,0.78938,0.9461,0.95903,0.98252,0.96748,0.12739,0.12578,0.74657,0.00367093,0.00367093,0.00367093
6395,9671.86,0.20236,0.18567,0.78575,0.94545,0.95841,0.98298,0.96798,0.12733,0.12587,0.74656,0.00366994,0.00366994,0.00366994
6396,9673.34,0.20912,0.19296,0.79097,0.9449,0.95738,0.98284,0.96925,0.12731,0.12603,0.74656,0.00366895,0.00366895,0.00366895
6397,9674.82,0.21226,0.19707,0.7901,0.94847,0.95745,0.98325,0.96907,0.12738,0.12597,0.74656,0.00366796,0.00366796,0.00366796
6398,9676.32,0.20835,0.18998,0.7847,0.94895,0.958,0.98302,0.96802,0.12746,0.12596,0.74658,0.00366697,0.00366697,0.00366697
6399,9677.83,0.21364,0.1988,0.79185,0.94851,0.95909,0.9828,0.96724,0.12744,0.12599,0.74658,0.00366598,0.00366598,0.00366598
6400,9679.32,0.23248,0.20695,0.79491,0.9474,0.95911,0.98213,0.9661,0.12747,0.12606,0.7466,0.00366499,0.00366499,0.00366499
6401,9680.79,0.21212,0.19525,0.78788,0.94625,0.95653,0.9811,0.9678,0.12759,0.12629,0.74661,0.003664,0.003664,0.003664
6402,9682.28,0.21781,0.19303,0.79132,0.9461,0.95722,0.98197,0.96718,0.12753,0.12618,0.74659,0.00366301,0.00366301,0.00366301
6403,9683.81,0.20368,0.18596,0.79123,0.94737,0.95885,0.98285,0.96833,0.12742,0.12631,0.7466,0.00366202,0.00366202,0.00366202
6404,9685.55,0.21472,0.19635,0.78584,0.94612,0.95796,0.98312,0.96821,0.12749,0.12633,0.74659,0.00366103,0.00366103,0.00366103
6405,9687.13,0.22531,0.20032,0.79094,0.94716,0.95752,0.98306,0.96769,0.1273,0.12614,0.74657,0.00366004,0.00366004,0.00366004
6406,9688.63,0.21694,0.19945,0.79432,0.94605,0.95817,0.98232,0.96883,0.12722,0.12597,0.74655,0.00365905,0.00365905,0.00365905
6407,9690.1,0.2423,0.20445,0.79859,0.94781,0.95906,0.98269,0.96641,0.12715,0.12582,0.74653,0.00365806,0.00365806,0.00365806
6408,9691.66,0.20774,0.18803,0.79467,0.94599,0.95827,0.98244,0.96756,0.12719,0.12588,0.74651,0.00365707,0.00365707,0.00365707
6409,9693.16,0.22508,0.19749,0.78986,0.94817,0.95599,0.98181,0.96714,0.12716,0.12579,0.74651,0.00365608,0.00365608,0.00365608
6410,9694.68,0.21657,0.19279,0.79268,0.95062,0.95905,0.98356,0.96727,0.12711,0.12586,0.74651,0.00365509,0.00365509,0.00365509
6411,9696.21,0.21578,0.19274,0.78787,0.94714,0.95745,0.98199,0.96843,0.12707,0.12564,0.7465,0.0036541,0.0036541,0.0036541
6412,9697.76,0.20952,0.18899,0.79747,0.94794,0.95657,0.98182,0.96597,0.12719,0.12561,0.7465,0.00365311,0.00365311,0.00365311
6413,9699.32,0.22086,0.19582,0.79348,0.94687,0.95741,0.9818,0.96638,0.12726,0.12576,0.74648,0.00365212,0.00365212,0.00365212
6414,9700.83,0.22323,0.19496,0.79085,0.94948,0.9583,0.98269,0.96724,0.12721,0.12561,0.74649,0.00365113,0.00365113,0.00365113
6415,9702.39,0.203,0.18962,0.77979,0.95086,0.95763,0.98246,0.96727,0.12722,0.12555,0.7465,0.00365014,0.00365014,0.00365014
6416,9703.87,0.22163,0.20096,0.79007,0.95218,0.95603,0.98169,0.96615,0.12723,0.12547,0.74649,0.00364915,0.00364915,0.00364915
6417,9705.38,0.22169,0.19645,0.79029,0.94344,0.95726,0.9829,0.96683,0.12721,0.1256,0.74646,0.00364816,0.00364816,0.00364816
6418,9706.84,0.21715,0.1991,0.78712,0.94575,0.95698,0.98233,0.9662,0.12732,0.12581,0.74648,0.00364717,0.00364717,0.00364717
6419,9708.3,0.22261,0.19617,0.78978,0.93868,0.95244,0.98085,0.96362,0.12727,0.12564,0.74646,0.00364618,0.00364618,0.00364618
6420,9709.85,0.22049,0.19763,0.78735,0.94151,0.95772,0.98336,0.96899,0.12729,0.12556,0.74647,0.00364519,0.00364519,0.00364519
6421,9711.31,0.20935,0.19358,0.79675,0.94024,0.95618,0.98176,0.96683,0.12732,0.12569,0.74646,0.0036442,0.0036442,0.0036442
6422,9712.77,0.20569,0.18536,0.78151,0.93827,0.95414,0.98204,0.9673,0.1274,0.12557,0.74648,0.00364321,0.00364321,0.00364321
6423,9714.35,0.21059,0.19404,0.77949,0.94149,0.95763,0.98358,0.96749,0.12741,0.12565,0.74648,0.00364222,0.00364222,0.00364222
6424,9715.9,0.21567,0.18992,0.79062,0.93818,0.95321,0.98264,0.96762,0.12734,0.12554,0.74648,0.00364123,0.00364123,0.00364123
6425,9717.38,0.22595,0.19237,0.79497,0.93485,0.95287,0.98243,0.96724,0.1275,0.12583,0.74649,0.00364024,0.00364024,0.00364024
6426,9718.89,0.20809,0.19114,0.7888,0.93587,0.95281,0.9824,0.96667,0.12757,0.12575,0.74649,0.00363925,0.00363925,0.00363925
6427,9720.43,0.21069,0.19303,0.79281,0.94018,0.9537,0.98524,0.96997,0.12759,0.12597,0.74649,0.00363826,0.00363826,0.00363826
6428,9721.94,0.20779,0.19102,0.79076,0.9384,0.95385,0.98247,0.96685,0.12758,0.12579,0.74652,0.00363727,0.00363727,0.00363727
6429,9723.43,0.21925,0.19847,0.78688,0.93917,0.95666,0.98296,0.96763,0.12756,0.12582,0.74649,0.00363628,0.00363628,0.00363628
6430,9724.96,0.22266,0.20272,0.79299,0.94504,0.9566,0.98633,0.96991,0.12763,0.12564,0.74649,0.00363529,0.00363529,0.00363529
6431,9726.44,0.22289,0.19693,0.78726,0.94305,0.95305,0.98518,0.96883,0.12773,0.12575,0.7465,0.0036343,0.0036343,0.0036343
6432,9727.95,0.22196,0.20556,0.78523,0.94013,0.95239,0.98311,0.96676,0.12772,0.12565,0.74649,0.00363331,0.00363331,0.00363331
6433,9729.54,0.218,0.20009,0.79143,0.9384,0.95195,0.98308,0.96826,0.12765,0.1256,0.74648,0.00363232,0.00363232,0.00363232
6434,9731.02,0.20216,0.18914,0.78594,0.94078,0.95454,0.98328,0.96831,0.12763,0.12568,0.74647,0.00363133,0.00363133,0.00363133
6435,9732.56,0.21735,0.20147,0.79256,0.93834,0.95714,0.983,0.96788,0.12751,0.12562,0.74649,0.00363034,0.00363034,0.00363034
6436,9734.07,0.21031,0.19138,0.7973,0.93781,0.95819,0.98412,0.96783,0.12748,0.12545,0.74647,0.00362935,0.00362935,0.00362935
6437,9735.53,0.2251,0.2024,0.79247,0.93425,0.95307,0.98305,0.96769,0.1274,0.12551,0.74648,0.00362836,0.00362836,0.00362836
6438,9737.01,0.2027,0.19107,0.78762,0.93829,0.95205,0.98226,0.96715,0.1274,0.12548,0.74648,0.00362737,0.00362737,0.00362737
6439,9738.51,0.23034,0.19851,0.79796,0.9498,0.95707,0.982,0.96633,0.12732,0.12563,0.7465,0.00362638,0.00362638,0.00362638
6440,9739.95,0.2096,0.19506,0.79229,0.95363,0.95939,0.98474,0.9692,0.1274,0.12564,0.7465,0.00362539,0.00362539,0.00362539
6441,9741.42,0.21652,0.19344,0.79198,0.94286,0.95708,0.98236,0.96714,0.12746,0.12574,0.74649,0.0036244,0.0036244,0.0036244
6442,9742.9,0.21687,0.19975,0.78704,0.95075,0.95699,0.98275,0.96589,0.12745,0.12574,0.74652,0.00362341,0.00362341,0.00362341
6443,9744.4,0.22215,0.20524,0.7899,0.95189,0.95667,0.98301,0.9667,0.1275,0.12586,0.74652,0.00362242,0.00362242,0.00362242
6444,9745.92,0.2082,0.19347,0.79141,0.94529,0.95833,0.98478,0.96957,0.12763,0.12602,0.74651,0.00362143,0.00362143,0.00362143
6445,9747.38,0.20083,0.1882,0.79684,0.94985,0.95707,0.98392,0.96932,0.12757,0.12596,0.74653,0.00362044,0.00362044,0.00362044
6446,9748.82,0.21002,0.19383,0.78993,0.95219,0.95764,0.98445,0.96945,0.12754,0.12613,0.74656,0.00361945,0.00361945,0.00361945
6447,9750.31,0.21379,0.19069,0.78913,0.95611,0.95705,0.98312,0.96812,0.12762,0.12611,0.7466,0.00361846,0.00361846,0.00361846
6448,9751.84,0.22556,0.19973,0.79077,0.94417,0.957,0.98443,0.96825,0.12756,0.12631,0.74657,0.00361747,0.00361747,0.00361747
6449,9753.34,0.20096,0.1869,0.79046,0.94843,0.95851,0.98317,0.96849,0.12768,0.12625,0.7466,0.00361648,0.00361648,0.00361648
6450,9754.91,0.23051,0.19794,0.80266,0.94745,0.95809,0.98285,0.96634,0.12771,0.12607,0.7466,0.00361549,0.00361549,0.00361549
6451,9756.39,0.20793,0.1906,0.78859,0.94457,0.95459,0.9841,0.96881,0.12764,0.12582,0.74657,0.0036145,0.0036145,0.0036145
6452,9757.86,0.20635,0.18416,0.78867,0.94808,0.95689,0.98322,0.96825,0.12786,0.12614,0.74657,0.00361351,0.00361351,0.00361351
6453,9759.42,0.21416,0.19432,0.79171,0.94546,0.95778,0.98433,0.96852,0.12774,0.12584,0.74653,0.00361252,0.00361252,0.00361252
6454,9760.96,0.21742,0.19947,0.78827,0.9526,0.95715,0.98329,0.96884,0.12767,0.12589,0.74652,0.00361153,0.00361153,0.00361153
6455,9762.48,0.21348,0.19315,0.79352,0.94407,0.95723,0.98479,0.97051,0.1277,0.12596,0.74652,0.00361054,0.00361054,0.00361054
6456,9763.95,0.19709,0.19146,0.7873,0.95555,0.95823,0.98474,0.97101,0.12766,0.12587,0.74651,0.00360955,0.00360955,0.00360955
6457,9765.47,0.21221,0.19723,0.78517,0.95607,0.95949,0.98489,0.96989,0.12769,0.12584,0.74649,0.00360856,0.00360856,0.00360856
6458,9766.94,0.20358,0.1901,0.78995,0.95154,0.95679,0.98408,0.9681,0.12766,0.12578,0.74649,0.00360757,0.00360757,0.00360757
6459,9768.38,0.21683,0.20073,0.78915,0.95403,0.95976,0.98375,0.96885,0.1276,0.12583,0.74651,0.00360658,0.00360658,0.00360658
6460,9769.87,0.20513,0.19007,0.78624,0.95202,0.95772,0.98437,0.97019,0.12749,0.12585,0.74646,0.00360559,0.00360559,0.00360559
6461,9771.34,0.21089,0.19281,0.79527,0.94913,0.95747,0.98375,0.97172,0.12745,0.12594,0.74645,0.0036046,0.0036046,0.0036046
6462,9772.82,0.22608,0.20301,0.79284,0.95077,0.95714,0.98348,0.9682,0.12744,0.12568,0.74648,0.00360361,0.00360361,0.00360361
6463,9774.39,0.2036,0.19153,0.78836,0.93788,0.95849,0.98478,0.97094,0.12728,0.12572,0.74643,0.00360262,0.00360262,0.00360262
6464,9776.1,0.22739,0.20567,0.78594,0.94063,0.95341,0.98271,0.96846,0.12729,0.1257,0.74644,0.00360163,0.00360163,0.00360163
6465,9777.68,0.19525,0.18811,0.78473,0.94016,0.95382,0.98376,0.96752,0.12725,0.12561,0.74644,0.00360064,0.00360064,0.00360064
6466,9779.19,0.2316,0.2056,0.79399,0.94141,0.95849,0.98348,0.9673,0.12721,0.12588,0.74641,0.00359965,0.00359965,0.00359965
6467,9780.67,0.21325,0.2002,0.79211,0.94018,0.95736,0.98347,0.96746,0.12706,0.12569,0.74641,0.00359866,0.00359866,0.00359866
6468,9782.17,0.21959,0.20143,0.78748,0.94005,0.95527,0.98325,0.96832,0.12711,0.12609,0.74639,0.00359767,0.00359767,0.00359767
6469,9783.69,0.21578,0.20323,0.7883,0.94092,0.95787,0.9853,0.97068,0.12704,0.1259,0.74639,0.00359668,0.00359668,0.00359668
6470,9785.16,0.22355,0.20895,0.79105,0.95054,0.95827,0.98568,0.97146,0.12711,0.12578,0.74642,0.00359569,0.00359569,0.00359569
6471,9786.63,0.19475,0.18921,0.78839,0.95115,0.95818,0.98492,0.97078,0.12705,0.12576,0.74641,0.0035947,0.0035947,0.0035947
6472,9788.15,0.20545,0.19615,0.79369,0.95114,0.95612,0.98377,0.9674,0.12704,0.12601,0.74642,0.00359371,0.00359371,0.00359371
6473,9789.7,0.20868,0.20664,0.79027,0.95098,0.9584,0.98491,0.97132,0.12712,0.12599,0.74641,0.00359272,0.00359272,0.00359272
6474,9791.24,0.21186,0.19684,0.79161,0.94734,0.95616,0.98524,0.96959,0.12716,0.12583,0.74641,0.00359173,0.00359173,0.00359173
6475,9792.79,0.20971,0.19845,0.7887,0.94841,0.95601,0.98428,0.97019,0.12706,0.12605,0.74637,0.00359074,0.00359074,0.00359074
6476,9794.27,0.20451,0.19474,0.78881,0.95043,0.95623,0.98473,0.9694,0.12694,0.12591,0.74636,0.00358975,0.00358975,0.00358975
6477,9795.76,0.21167,0.19348,0.79265,0.94818,0.95597,0.9841,0.96754,0.12692,0.12603,0.74636,0.00358876,0.00358876,0.00358876
6478,9797.26,0.20501,0.19374,0.79226,0.94577,0.957,0.98422,0.9677,0.12691,0.12597,0.74637,0.00358777,0.00358777,0.00358777
6479,9798.73,0.20863,0.19282,0.78446,0.94982,0.9586,0.98391,0.96958,0.12685,0.12584,0.74636,0.00358678,0.00358678,0.00358678
6480,9800.22,0.22704,0.19511,0.7952,0.94933,0.95756,0.98366,0.9682,0.1269,0.12598,0.74635,0.00358579,0.00358579,0.00358579
6481,9801.71,0.20537,0.1887,0.79208,0.93611,0.9551,0.98379,0.96803,0.12681,0.12589,0.74634,0.0035848,0.0035848,0.0035848
6482,9803.25,0.225,0.20305,0.79,0.95172,0.95914,0.98508,0.96862,0.12682,0.12591,0.74634,0.00358381,0.00358381,0.00358381
6483,9804.81,0.21455,0.19377,0.79648,0.94971,0.95915,0.98557,0.96922,0.12668,0.1257,0.74631,0.00358282,0.00358282,0.00358282
6484,9806.41,0.21939,0.19253,0.79732,0.94776,0.95718,0.98268,0.96792,0.12662,0.12569,0.74629,0.00358183,0.00358183,0.00358183
6485,9807.96,0.23454,0.20377,0.79899,0.94976,0.9586,0.984,0.96748,0.12647,0.12573,0.74627,0.00358084,0.00358084,0.00358084
6486,9809.46,0.21967,0.19902,0.78958,0.95018,0.95807,0.9849,0.96859,0.12645,0.12586,0.74627,0.00357985,0.00357985,0.00357985
6487,9810.94,0.20892,0.19683,0.78124,0.94976,0.9576,0.98382,0.96843,0.12652,0.12567,0.74629,0.00357886,0.00357886,0.00357886
6488,9812.44,0.20114,0.18534,0.79009,0.94529,0.95669,0.98343,0.96794,0.12636,0.12574,0.7463,0.00357787,0.00357787,0.00357787
6489,9813.94,0.21552,0.19637,0.79171,0.94649,0.95673,0.98306,0.96725,0.12646,0.12564,0.74628,0.00357688,0.00357688,0.00357688
6490,9815.41,0.22063,0.19899,0.79805,0.94887,0.95769,0.98456,0.96911,0.12625,0.12577,0.74628,0.00357589,0.00357589,0.00357589
6491,9816.87,0.21533,0.19748,0.79374,0.94609,0.95665,0.98353,0.96676,0.12632,0.12594,0.74628,0.0035749,0.0035749,0.0035749
6492,9818.37,0.21743,0.19742,0.792,0.94353,0.95902,0.98471,0.96901,0.12629,0.12602,0.74628,0.00357391,0.00357391,0.00357391
6493,9819.92,0.20266,0.18889,0.77925,0.94845,0.95662,0.98334,0.96706,0.12618,0.12587,0.74629,0.00357292,0.00357292,0.00357292
6494,9821.42,0.20927,0.19376,0.78982,0.94693,0.95852,0.984,0.96873,0.12625,0.12579,0.7463,0.00357193,0.00357193,0.00357193
6495,9822.93,0.21241,0.1928,0.79015,0.9485,0.95856,0.98481,0.97071,0.12617,0.12579,0.7463,0.00357094,0.00357094,0.00357094
6496,9824.43,0.21741,0.1957,0.79631,0.9373,0.95748,0.9829,0.96794,0.12627,0.12598,0.74629,0.00356995,0.00356995,0.00356995
6497,9825.91,0.20585,0.19373,0.78837,0.94678,0.95735,0.98294,0.96749,0.12625,0.12595,0.74629,0.00356896,0.00356896,0.00356896
6498,9827.38,0.21468,0.19566,0.78562,0.94726,0.95681,0.98292,0.96691,0.12632,0.12605,0.74626,0.00356797,0.00356797,0.00356797
6499,9828.92,0.23245,0.20178,0.79668,0.93427,0.95732,0.98359,0.96859,0.12621,0.12571,0.74626,0.00356698,0.00356698,0.00356698
6500,9830.37,0.21347,0.19732,0.78942,0.94525,0.95818,0.98406,0.96904,0.12618,0.12567,0.74628,0.00356599,0.00356599,0.00356599
6501,9831.85,0.21262,0.19794,0.7867,0.94654,0.95886,0.984,0.96828,0.12609,0.12571,0.74625,0.003565,0.003565,0.003565
6502,9833.36,0.20808,0.18932,0.7883,0.94601,0.95683,0.98251,0.96755,0.1261,0.12544,0.74625,0.00356401,0.00356401,0.00356401
6503,9834.9,0.20913,0.19192,0.78905,0.94735,0.95854,0.98367,0.96944,0.12604,0.12545,0.74627,0.00356302,0.00356302,0.00356302
6504,9836.45,0.20994,0.19685,0.78935,0.94486,0.95745,0.98379,0.96964,0.12612,0.12535,0.74627,0.00356203,0.00356203,0.00356203
6505,9837.96,0.21415,0.19986,0.784,0.93953,0.9578,0.98405,0.96936,0.12607,0.12527,0.74624,0.00356104,0.00356104,0.00356104
6506,9839.46,0.20677,0.18862,0.79099,0.94253,0.95751,0.98299,0.96825,0.12602,0.1253,0.74625,0.00356005,0.00356005,0.00356005
6507,9840.94,0.20244,0.19141,0.79062,0.93534,0.95837,0.98289,0.96726,0.12603,0.12549,0.74625,0.00355906,0.00355906,0.00355906
6508,9842.41,0.20671,0.18944,0.78737,0.93778,0.9557,0.98401,0.96904,0.12592,0.12525,0.74622,0.00355807,0.00355807,0.00355807
6509,9843.93,0.21981,0.20161,0.78829,0.94662,0.95778,0.98404,0.96854,0.1259,0.12536,0.74624,0.00355708,0.00355708,0.00355708
6510,9845.4,0.20912,0.19624,0.78531,0.94512,0.9581,0.98368,0.96931,0.12596,0.12548,0.74623,0.00355609,0.00355609,0.00355609
6511,9846.92,0.22241,0.20199,0.79345,0.93712,0.95394,0.98422,0.96998,0.12575,0.12539,0.7462,0.0035551,0.0035551,0.0035551
6512,9848.4,0.21227,0.18879,0.78757,0.93356,0.95206,0.98354,0.96694,0.12588,0.12565,0.74616,0.00355411,0.00355411,0.00355411
6513,9849.94,0.20827,0.19586,0.78423,0.94774,0.95908,0.98427,0.96902,0.12588,0.12576,0.74617,0.00355312,0.00355312,0.00355312
6514,9851.59,0.22471,0.19335,0.79656,0.94888,0.95955,0.98421,0.96757,0.12567,0.12561,0.74614,0.00355213,0.00355213,0.00355213
6515,9853.12,0.22597,0.20639,0.79303,0.94654,0.95839,0.98351,0.96685,0.12562,0.12573,0.74616,0.00355114,0.00355114,0.00355114
6516,9854.61,0.19622,0.18986,0.78837,0.94729,0.95603,0.98387,0.96731,0.1255,0.12558,0.74614,0.00355015,0.00355015,0.00355015
6517,9856.11,0.21621,0.19511,0.79561,0.9363,0.95231,0.9833,0.96643,0.12539,0.12547,0.74613,0.00354916,0.00354916,0.00354916
6518,9857.6,0.21036,0.19605,0.7968,0.93887,0.95316,0.98449,0.9675,0.12533,0.12535,0.74613,0.00354817,0.00354817,0.00354817
6519,9859.08,0.22115,0.20067,0.78784,0.93655,0.95174,0.98371,0.96884,0.1254,0.12545,0.74614,0.00354718,0.00354718,0.00354718
6520,9860.67,0.21988,0.20331,0.78583,0.94107,0.95366,0.98552,0.97051,0.12531,0.12555,0.74612,0.00354619,0.00354619,0.00354619
6521,9862.16,0.21693,0.20175,0.78464,0.94559,0.95958,0.98467,0.97003,0.12535,0.12553,0.74615,0.0035452,0.0035452,0.0035452
6522,9863.67,0.22173,0.19839,0.79663,0.94006,0.95238,0.98419,0.9685,0.12538,0.12547,0.74613,0.00354421,0.00354421,0.00354421
6523,9865.25,0.21315,0.19052,0.79089,0.95412,0.9593,0.98607,0.97029,0.12532,0.12561,0.74615,0.00354322,0.00354322,0.00354322
6524,9866.79,0.21007,0.19318,0.78777,0.94439,0.95315,0.98447,0.96961,0.12543,0.12564,0.74614,0.00354223,0.00354223,0.00354223
6525,9868.31,0.20295,0.19185,0.79196,0.94938,0.95669,0.98317,0.96738,0.12538,0.12556,0.74615,0.00354124,0.00354124,0.00354124
6526,9869.81,0.20952,0.18628,0.7963,0.93994,0.95084,0.98403,0.97046,0.1254,0.12555,0.74613,0.00354025,0.00354025,0.00354025
6527,9871.32,0.2226,0.19977,0.78693,0.94471,0.95905,0.98622,0.97143,0.12544,0.12571,0.74614,0.00353926,0.00353926,0.00353926
6528,9872.8,0.20418,0.18728,0.78602,0.95085,0.95795,0.98368,0.96899,0.12545,0.12561,0.74614,0.00353827,0.00353827,0.00353827
6529,9874.32,0.20795,0.1944,0.78963,0.9416,0.95217,0.98421,0.97071,0.12546,0.1256,0.74616,0.00353728,0.00353728,0.00353728
6530,9875.8,0.21473,0.1952,0.79542,0.93715,0.94999,0.98282,0.9672,0.1255,0.12564,0.74614,0.00353629,0.00353629,0.00353629
6531,9877.3,0.21865,0.20025,0.79351,0.93908,0.95119,0.98353,0.96859,0.12551,0.12555,0.74615,0.0035353,0.0035353,0.0035353
6532,9878.81,0.23126,0.20341,0.79896,0.93892,0.95209,0.98422,0.96793,0.12559,0.12557,0.74616,0.00353431,0.00353431,0.00353431
6533,9880.29,0.20109,0.18859,0.79205,0.93919,0.95224,0.98512,0.9716,0.12559,0.12567,0.74619,0.00353332,0.00353332,0.00353332
6534,9881.91,0.23697,0.20052,0.80526,0.93483,0.95105,0.98424,0.96794,0.12558,0.12548,0.7462,0.00353233,0.00353233,0.00353233
6535,9883.48,0.22354,0.19232,0.79621,0.94301,0.95684,0.98532,0.97059,0.1254,0.12555,0.74621,0.00353134,0.00353134,0.00353134
6536,9884.95,0.20069,0.18883,0.78678,0.93981,0.95179,0.98416,0.96819,0.12549,0.12537,0.74619,0.00353035,0.00353035,0.00353035
6537,9886.52,0.20615,0.1922,0.79177,0.93438,0.95039,0.98338,0.96814,0.12544,0.1256,0.74621,0.00352936,0.00352936,0.00352936
6538,9888,0.21782,0.19872,0.79195,0.938,0.95175,0.98311,0.96987,0.12538,0.1255,0.74621,0.00352837,0.00352837,0.00352837
6539,9889.49,0.22233,0.19258,0.7957,0.93882,0.95317,0.98367,0.96848,0.12545,0.12544,0.74622,0.00352738,0.00352738,0.00352738
6540,9891,0.20951,0.19533,0.79029,0.94594,0.95598,0.983,0.96699,0.12546,0.12537,0.74621,0.00352639,0.00352639,0.00352639
6541,9892.51,0.20461,0.18564,0.78739,0.94716,0.95598,0.98328,0.9701,0.1255,0.12521,0.7462,0.0035254,0.0035254,0.0035254
6542,9894.01,0.20753,0.19613,0.78839,0.94558,0.95746,0.98444,0.97046,0.12556,0.12534,0.7462,0.00352441,0.00352441,0.00352441
6543,9895.55,0.20382,0.1828,0.78975,0.94701,0.95606,0.98368,0.9691,0.12548,0.12511,0.74621,0.00352342,0.00352342,0.00352342
6544,9897.03,0.22306,0.20039,0.79318,0.94373,0.95907,0.98352,0.97043,0.12556,0.12517,0.7462,0.00352243,0.00352243,0.00352243
6545,9898.55,0.223,0.19813,0.79708,0.94425,0.95908,0.98506,0.96903,0.12557,0.12505,0.74622,0.00352144,0.00352144,0.00352144
6546,9900.01,0.1981,0.18978,0.78292,0.94497,0.95752,0.98505,0.97046,0.12564,0.12527,0.74622,0.00352045,0.00352045,0.00352045
6547,9901.56,0.20095,0.19232,0.78739,0.94286,0.95572,0.98232,0.96792,0.12579,0.12516,0.7462,0.00351946,0.00351946,0.00351946
6548,9903,0.20086,0.18791,0.79001,0.9448,0.95641,0.98479,0.96999,0.12572,0.12518,0.7462,0.00351847,0.00351847,0.00351847
6549,9904.49,0.21152,0.19383,0.79369,0.94534,0.95501,0.98425,0.97033,0.12578,0.12513,0.74622,0.00351748,0.00351748,0.00351748
6550,9905.98,0.19993,0.18175,0.79122,0.94442,0.95984,0.98427,0.96822,0.12579,0.12511,0.74622,0.00351649,0.00351649,0.00351649
6551,9907.43,0.21305,0.1985,0.78513,0.94703,0.95593,0.98418,0.97025,0.12578,0.12508,0.74624,0.0035155,0.0035155,0.0035155
6552,9908.89,0.20037,0.18648,0.79215,0.9481,0.95771,0.98436,0.96871,0.12586,0.12516,0.74624,0.00351451,0.00351451,0.00351451
6553,9910.44,0.22083,0.19493,0.79236,0.94927,0.95711,0.98547,0.97068,0.12594,0.12505,0.74622,0.00351352,0.00351352,0.00351352
6554,9912.03,0.22647,0.1972,0.80236,0.94628,0.95989,0.98487,0.9695,0.12586,0.12505,0.74621,0.00351253,0.00351253,0.00351253
6555,9913.55,0.20548,0.19139,0.79108,0.94704,0.95656,0.98418,0.96932,0.12584,0.12499,0.74621,0.00351154,0.00351154,0.00351154
6556,9915.11,0.20911,0.19508,0.7867,0.94666,0.95623,0.98465,0.97066,0.12593,0.12518,0.74625,0.00351055,0.00351055,0.00351055
6557,9916.61,0.21618,0.19082,0.79696,0.94889,0.9561,0.98427,0.96946,0.12603,0.12524,0.74625,0.00350956,0.00350956,0.00350956
6558,9918.06,0.22563,0.20254,0.79002,0.94884,0.95557,0.98422,0.969,0.126,0.125,0.74624,0.00350857,0.00350857,0.00350857
6559,9919.6,0.21605,0.20059,0.79206,0.94948,0.95926,0.98547,0.97002,0.12594,0.12515,0.74624,0.00350758,0.00350758,0.00350758
6560,9921.08,0.21024,0.19856,0.78938,0.94975,0.95825,0.98476,0.97084,0.12597,0.125,0.74624,0.00350659,0.00350659,0.00350659
6561,9922.56,0.20659,0.19151,0.78986,0.9503,0.96032,0.98491,0.96809,0.12594,0.1252,0.74624,0.0035056,0.0035056,0.0035056
6562,9924.04,0.21974,0.20074,0.78839,0.95131,0.9593,0.98414,0.96908,0.1259,0.12512,0.74622,0.00350461,0.00350461,0.00350461
6563,9925.62,0.22489,0.19537,0.78955,0.95002,0.95644,0.98468,0.97129,0.12601,0.12515,0.74622,0.00350362,0.00350362,0.00350362
6564,9927.2,0.24712,0.20667,0.79354,0.95196,0.95828,0.98465,0.96953,0.12619,0.12524,0.7462,0.00350263,0.00350263,0.00350263
6565,9928.72,0.22605,0.19978,0.79301,0.95082,0.96181,0.98481,0.96958,0.12617,0.12526,0.7462,0.00350164,0.00350164,0.00350164
6566,9930.2,0.23421,0.2088,0.78788,0.95441,0.9582,0.98416,0.96929,0.1262,0.12516,0.74621,0.00350065,0.00350065,0.00350065
6567,9931.7,0.21635,0.19533,0.7859,0.95284,0.95762,0.98422,0.97053,0.12638,0.12512,0.74621,0.00349966,0.00349966,0.00349966
6568,9933.21,0.22048,0.19556,0.7913,0.95132,0.95794,0.98428,0.96957,0.12637,0.12545,0.74624,0.00349867,0.00349867,0.00349867
6569,9934.65,0.22519,0.20297,0.79454,0.95008,0.95702,0.98476,0.96973,0.1264,0.12533,0.74621,0.00349768,0.00349768,0.00349768
6570,9936.18,0.22473,0.19843,0.79322,0.94944,0.95882,0.98504,0.97126,0.12644,0.12537,0.74623,0.00349669,0.00349669,0.00349669
6571,9937.72,0.22205,0.19487,0.79531,0.94903,0.95517,0.98381,0.96891,0.12645,0.12532,0.74623,0.0034957,0.0034957,0.0034957
6572,9939.22,0.22131,0.19652,0.78885,0.95211,0.95895,0.98534,0.96963,0.12638,0.12524,0.74623,0.00349471,0.00349471,0.00349471
6573,9940.81,0.21096,0.2016,0.79122,0.95119,0.95767,0.98499,0.97013,0.12633,0.12513,0.74621,0.00349372,0.00349372,0.00349372
6574,9942.42,0.23063,0.20214,0.79272,0.95114,0.95746,0.98393,0.96894,0.12634,0.12516,0.7462,0.00349273,0.00349273,0.00349273
6575,9943.96,0.22725,0.20599,0.78773,0.95204,0.95918,0.98422,0.96956,0.12638,0.12516,0.74619,0.00349174,0.00349174,0.00349174
6576,9945.46,0.22884,0.20299,0.79107,0.95331,0.95914,0.98421,0.96782,0.12646,0.1255,0.74622,0.00349075,0.00349075,0.00349075
6577,9946.97,0.2222,0.19821,0.79749,0.95246,0.95613,0.9837,0.9684,0.12651,0.12551,0.74619,0.00348976,0.00348976,0.00348976
6578,9948.45,0.20309,0.18764,0.7883,0.95186,0.95704,0.98348,0.96943,0.1266,0.12563,0.74619,0.00348877,0.00348877,0.00348877
6579,9949.91,0.21306,0.19346,0.79602,0.95123,0.95498,0.98344,0.96978,0.12653,0.12572,0.74618,0.00348778,0.00348778,0.00348778
6580,9951.43,0.2198,0.20168,0.78993,0.95289,0.95475,0.98391,0.97002,0.12673,0.12555,0.74617,0.00348679,0.00348679,0.00348679
6581,9952.92,0.20727,0.19117,0.78841,0.95206,0.95478,0.98363,0.97046,0.12681,0.12573,0.74619,0.0034858,0.0034858,0.0034858
6582,9954.44,0.21728,0.195,0.79296,0.95316,0.95476,0.98485,0.97136,0.1268,0.12573,0.74618,0.00348481,0.00348481,0.00348481
6583,9956.03,0.22427,0.19628,0.78993,0.95276,0.95512,0.98466,0.97141,0.12679,0.12562,0.74619,0.00348382,0.00348382,0.00348382
6584,9957.59,0.20807,0.19329,0.78831,0.95598,0.95613,0.9848,0.9702,0.12679,0.12559,0.74618,0.00348283,0.00348283,0.00348283
6585,9959.05,0.22428,0.1915,0.79733,0.95366,0.95613,0.98489,0.97156,0.1268,0.12557,0.74618,0.00348184,0.00348184,0.00348184
6586,9960.56,0.19845,0.19107,0.78859,0.95615,0.95379,0.98374,0.96875,0.1268,0.12573,0.74614,0.00348085,0.00348085,0.00348085
6587,9962.06,0.20254,0.18221,0.79345,0.95571,0.95691,0.98443,0.97176,0.12694,0.12565,0.74616,0.00347986,0.00347986,0.00347986
6588,9963.51,0.21706,0.19241,0.79022,0.95611,0.95483,0.98403,0.97075,0.12677,0.12578,0.74616,0.00347887,0.00347887,0.00347887
6589,9965.03,0.20656,0.19491,0.79025,0.95494,0.95921,0.98437,0.96931,0.12675,0.12585,0.74614,0.00347788,0.00347788,0.00347788
6590,9966.5,0.21574,0.19356,0.79112,0.95742,0.95615,0.98429,0.97191,0.12681,0.12573,0.74613,0.00347689,0.00347689,0.00347689
6591,9967.99,0.22246,0.19985,0.79566,0.95537,0.95564,0.98486,0.97241,0.12682,0.12581,0.74612,0.0034759,0.0034759,0.0034759
6592,9969.51,0.21746,0.19712,0.78877,0.95159,0.95879,0.98513,0.97051,0.12681,0.12585,0.74614,0.00347491,0.00347491,0.00347491
6593,9971.05,0.19848,0.19058,0.78759,0.95219,0.95895,0.98429,0.9707,0.12693,0.12578,0.74615,0.00347392,0.00347392,0.00347392
6594,9972.66,0.23323,0.20053,0.8042,0.94833,0.95953,0.98468,0.97102,0.12693,0.12571,0.74614,0.00347293,0.00347293,0.00347293
6595,9974.18,0.22866,0.19896,0.79654,0.94939,0.95961,0.98489,0.97243,0.12687,0.12548,0.74617,0.00347194,0.00347194,0.00347194
6596,9975.67,0.22014,0.19169,0.79355,0.94917,0.95957,0.98487,0.97115,0.12687,0.12565,0.74618,0.00347095,0.00347095,0.00347095
6597,9977.2,0.23058,0.20072,0.79006,0.94735,0.96124,0.98556,0.97155,0.12693,0.1254,0.74617,0.00346996,0.00346996,0.00346996
6598,9978.7,0.22279,0.19525,0.79168,0.95153,0.96124,0.98589,0.97346,0.12691,0.12567,0.7462,0.00346897,0.00346897,0.00346897
6599,9980.17,0.20652,0.18522,0.79229,0.94861,0.96033,0.9851,0.97128,0.12697,0.1256,0.74621,0.00346798,0.00346798,0.00346798
6600,9981.69,0.2143,0.19767,0.78492,0.95314,0.96026,0.9856,0.97211,0.12694,0.12553,0.74624,0.00346699,0.00346699,0.00346699
6601,9983.22,0.22691,0.20435,0.79308,0.95193,0.95899,0.98537,0.97015,0.12681,0.12542,0.74624,0.003466,0.003466,0.003466
6602,9984.72,0.19128,0.18438,0.78292,0.95411,0.9568,0.98534,0.97275,0.12683,0.12545,0.74623,0.00346501,0.00346501,0.00346501
6603,9986.3,0.2033,0.18694,0.78876,0.95467,0.95416,0.98439,0.97068,0.12681,0.12518,0.74624,0.00346402,0.00346402,0.00346402
6604,9987.9,0.20112,0.18577,0.79023,0.9537,0.95422,0.98514,0.97137,0.12679,0.1255,0.74624,0.00346303,0.00346303,0.00346303
6605,9989.41,0.20256,0.18964,0.79094,0.95729,0.95535,0.98501,0.97152,0.1268,0.12544,0.74625,0.00346204,0.00346204,0.00346204
6606,9990.93,0.21443,0.19406,0.78868,0.95395,0.95899,0.98498,0.97174,0.12678,0.12544,0.74627,0.00346105,0.00346105,0.00346105
6607,9992.48,0.19408,0.18138,0.77924,0.95022,0.9596,0.98661,0.97131,0.12676,0.12559,0.74627,0.00346006,0.00346006,0.00346006
6608,9993.95,0.20616,0.18902,0.78778,0.95313,0.95399,0.98539,0.97215,0.12687,0.1255,0.74628,0.00345907,0.00345907,0.00345907
6609,9995.43,0.21249,0.19265,0.79118,0.95122,0.96018,0.98674,0.97175,0.12687,0.12568,0.74629,0.00345808,0.00345808,0.00345808
6610,9996.96,0.21894,0.20065,0.78824,0.94369,0.95876,0.98426,0.9696,0.12689,0.12552,0.74628,0.00345709,0.00345709,0.00345709
6611,9998.45,0.2112,0.19566,0.79214,0.94625,0.9576,0.98438,0.97029,0.12696,0.12564,0.74628,0.0034561,0.0034561,0.0034561
6612,9999.93,0.21534,0.19185,0.79253,0.9471,0.96022,0.98555,0.97187,0.12705,0.12539,0.74629,0.00345511,0.00345511,0.00345511
6613,10001.6,0.23374,0.20927,0.7954,0.9498,0.96118,0.98522,0.97298,0.12696,0.12571,0.74629,0.00345412,0.00345412,0.00345412
6614,10003.1,0.2112,0.19823,0.7873,0.9467,0.95894,0.98493,0.97019,0.12698,0.12579,0.7463,0.00345313,0.00345313,0.00345313
6615,10004.7,0.21117,0.19724,0.78621,0.94741,0.96031,0.98509,0.97266,0.1271,0.12597,0.74628,0.00345214,0.00345214,0.00345214
6616,10006.2,0.23962,0.20986,0.79778,0.94736,0.96034,0.98582,0.97317,0.12707,0.12613,0.74628,0.00345115,0.00345115,0.00345115
6617,10007.6,0.21891,0.20187,0.78563,0.94731,0.95875,0.98412,0.97032,0.1271,0.12618,0.74627,0.00345016,0.00345016,0.00345016
6618,10009.2,0.22595,0.19892,0.8004,0.9472,0.95959,0.98462,0.97175,0.12703,0.12608,0.74627,0.00344917,0.00344917,0.00344917
6619,10010.7,0.21819,0.20476,0.78431,0.94555,0.96051,0.98537,0.97211,0.12714,0.12594,0.74626,0.00344818,0.00344818,0.00344818
6620,10012.2,0.21452,0.19642,0.79608,0.94459,0.95868,0.98372,0.97024,0.12701,0.12578,0.74629,0.00344719,0.00344719,0.00344719
6621,10013.7,0.20732,0.19098,0.78611,0.94786,0.95961,0.98461,0.97091,0.1271,0.12591,0.74628,0.0034462,0.0034462,0.0034462
6622,10015.2,0.21172,0.18937,0.78968,0.95194,0.9596,0.98543,0.97311,0.12715,0.12559,0.7463,0.00344521,0.00344521,0.00344521
6623,10016.8,0.23391,0.19661,0.79764,0.95097,0.95955,0.98477,0.97024,0.12717,0.12563,0.74629,0.00344422,0.00344422,0.00344422
6624,10018.4,0.22909,0.19928,0.79489,0.95338,0.96111,0.98626,0.9737,0.12705,0.12544,0.7463,0.00344323,0.00344323,0.00344323
6625,10019.9,0.2278,0.20103,0.79179,0.94639,0.9581,0.98484,0.96958,0.12712,0.12551,0.74628,0.00344224,0.00344224,0.00344224
6626,10021.4,0.21636,0.1928,0.79146,0.94746,0.95872,0.98387,0.97126,0.12722,0.1255,0.7463,0.00344125,0.00344125,0.00344125
6627,10023,0.2049,0.18808,0.78646,0.95034,0.96038,0.9857,0.97119,0.12716,0.1256,0.7463,0.00344026,0.00344026,0.00344026
6628,10024.5,0.21501,0.19298,0.79529,0.94792,0.96038,0.98563,0.97239,0.12717,0.12526,0.74628,0.00343927,0.00343927,0.00343927
6629,10025.9,0.21653,0.19729,0.78349,0.94753,0.95889,0.98489,0.97103,0.12717,0.12536,0.74629,0.00343828,0.00343828,0.00343828
6630,10027.4,0.20712,0.19325,0.78586,0.94841,0.95885,0.98484,0.97087,0.12711,0.12521,0.74629,0.00343729,0.00343729,0.00343729
6631,10029,0.2153,0.19466,0.78052,0.94943,0.95962,0.98479,0.97186,0.12723,0.12519,0.74628,0.0034363,0.0034363,0.0034363
6632,10030.4,0.21596,0.19917,0.79145,0.94995,0.95952,0.98529,0.96982,0.12728,0.12525,0.74627,0.00343531,0.00343531,0.00343531
6633,10032.1,0.21671,0.19633,0.79249,0.94842,0.95952,0.98498,0.97168,0.12722,0.12525,0.74627,0.00343432,0.00343432,0.00343432
6634,10033.8,0.20602,0.18957,0.78757,0.94515,0.95802,0.98356,0.97029,0.12726,0.12519,0.74625,0.00343333,0.00343333,0.00343333
6635,10035.3,0.2206,0.19737,0.7893,0.94779,0.95951,0.98526,0.97274,0.12725,0.12529,0.74625,0.00343234,0.00343234,0.00343234
6636,10036.7,0.20247,0.18891,0.78436,0.94785,0.96022,0.98547,0.9723,0.12727,0.12525,0.74623,0.00343135,0.00343135,0.00343135
6637,10038.3,0.21022,0.19229,0.79045,0.94821,0.95877,0.9837,0.97085,0.12718,0.12528,0.74621,0.00343036,0.00343036,0.00343036
6638,10039.8,0.2222,0.20108,0.79438,0.9475,0.95882,0.98492,0.97069,0.12717,0.12537,0.74624,0.00342937,0.00342937,0.00342937
6639,10041.2,0.21368,0.19305,0.79135,0.94805,0.95878,0.98426,0.97098,0.12724,0.12526,0.74624,0.00342838,0.00342838,0.00342838
6640,10042.7,0.20375,0.19113,0.78906,0.949,0.95956,0.98466,0.96924,0.12709,0.12529,0.74621,0.00342739,0.00342739,0.00342739
6641,10044.2,0.20257,0.1797,0.7892,0.94985,0.95789,0.98478,0.97139,0.12722,0.12521,0.74621,0.0034264,0.0034264,0.0034264
6642,10045.7,0.23106,0.1908,0.79572,0.95057,0.96003,0.98503,0.97245,0.12712,0.12523,0.74622,0.00342541,0.00342541,0.00342541
6643,10047.4,0.21569,0.19041,0.79415,0.95064,0.95852,0.98437,0.97101,0.12722,0.12541,0.74619,0.00342442,0.00342442,0.00342442
6644,10049,0.22549,0.19527,0.79267,0.95164,0.96105,0.98682,0.97345,0.1272,0.1253,0.7462,0.00342343,0.00342343,0.00342343
6645,10050.5,0.22335,0.19356,0.78818,0.94957,0.95879,0.98414,0.96882,0.12719,0.12528,0.74621,0.00342244,0.00342244,0.00342244
6646,10052,0.23263,0.20164,0.79627,0.95118,0.95952,0.98452,0.96899,0.12713,0.12527,0.74622,0.00342145,0.00342145,0.00342145
6647,10053.5,0.20554,0.19228,0.78562,0.95122,0.95998,0.9851,0.97078,0.12711,0.12555,0.74621,0.00342046,0.00342046,0.00342046
6648,10055,0.23025,0.20849,0.78889,0.95135,0.95932,0.98518,0.97173,0.12707,0.12531,0.74622,0.00341947,0.00341947,0.00341947
6649,10056.5,0.20172,0.18956,0.78782,0.95286,0.96108,0.98581,0.97234,0.12711,0.1255,0.74624,0.00341848,0.00341848,0.00341848
6650,10057.9,0.19899,0.18944,0.78342,0.94844,0.95783,0.98439,0.97147,0.12704,0.12534,0.74623,0.00341749,0.00341749,0.00341749
6651,10059.4,0.20035,0.18729,0.78685,0.95126,0.9588,0.98466,0.9718,0.12703,0.1256,0.74622,0.0034165,0.0034165,0.0034165
6652,10061,0.1958,0.18542,0.78408,0.94826,0.95781,0.985,0.97109,0.12692,0.12529,0.74623,0.00341551,0.00341551,0.00341551
6653,10062.5,0.21165,0.19548,0.79603,0.94881,0.95779,0.98308,0.96772,0.12694,0.12519,0.74625,0.00341452,0.00341452,0.00341452
6654,10064.1,0.21674,0.19397,0.79368,0.9512,0.95872,0.98521,0.97125,0.12693,0.12506,0.74625,0.00341353,0.00341353,0.00341353
6655,10065.6,0.21731,0.18917,0.78583,0.95281,0.95941,0.98459,0.97068,0.12692,0.12521,0.74626,0.00341254,0.00341254,0.00341254
6656,10067.1,0.22309,0.19826,0.79455,0.95308,0.96019,0.98546,0.97126,0.12676,0.12501,0.74628,0.00341155,0.00341155,0.00341155
6657,10068.6,0.21492,0.19408,0.79384,0.94828,0.95844,0.9843,0.96966,0.1269,0.12494,0.74626,0.00341056,0.00341056,0.00341056
6658,10070.1,0.22431,0.19673,0.79333,0.94918,0.95779,0.98372,0.96943,0.12697,0.1251,0.74625,0.00340957,0.00340957,0.00340957
6659,10071.6,0.22217,0.19384,0.78921,0.95,0.95779,0.98389,0.96932,0.12687,0.12501,0.74626,0.00340858,0.00340858,0.00340858
6660,10073,0.21081,0.19094,0.792,0.94889,0.95931,0.98452,0.9701,0.12688,0.12491,0.74628,0.00340759,0.00340759,0.00340759
6661,10074.5,0.21752,0.1918,0.79235,0.94902,0.95783,0.98324,0.96871,0.1269,0.12515,0.74627,0.0034066,0.0034066,0.0034066
6662,10076.1,0.19544,0.18252,0.7902,0.94912,0.95783,0.98323,0.96869,0.12695,0.12513,0.7463,0.00340561,0.00340561,0.00340561
6663,10077.7,0.2259,0.19763,0.79301,0.9472,0.95858,0.98444,0.9715,0.12709,0.12519,0.7463,0.00340462,0.00340462,0.00340462
6664,10079.3,0.20306,0.18971,0.79526,0.95059,0.96034,0.98484,0.97031,0.12705,0.12516,0.74632,0.00340363,0.00340363,0.00340363
6665,10080.8,0.20637,0.19208,0.78595,0.9491,0.95879,0.98444,0.96873,0.12709,0.1252,0.74632,0.00340264,0.00340264,0.00340264
6666,10082.3,0.22169,0.20253,0.79553,0.9492,0.95852,0.98462,0.97169,0.12699,0.12495,0.74632,0.00340165,0.00340165,0.00340165
6667,10083.7,0.21342,0.1976,0.78824,0.95151,0.95782,0.98498,0.9696,0.12713,0.12509,0.74633,0.00340066,0.00340066,0.00340066
6668,10085.2,0.22219,0.19794,0.79295,0.94875,0.95776,0.98404,0.97097,0.12723,0.12501,0.74635,0.00339967,0.00339967,0.00339967
6669,10086.7,0.20584,0.18968,0.78929,0.95001,0.9593,0.98509,0.9708,0.12735,0.12507,0.74636,0.00339868,0.00339868,0.00339868
6670,10088.3,0.20291,0.18681,0.78691,0.95233,0.95844,0.98375,0.96937,0.12739,0.12512,0.74631,0.00339769,0.00339769,0.00339769
6671,10089.7,0.21518,0.19193,0.79162,0.95166,0.95993,0.98515,0.97088,0.12735,0.12507,0.74631,0.0033967,0.0033967,0.0033967
6672,10091.3,0.21748,0.1961,0.78943,0.94991,0.95777,0.98465,0.97017,0.12742,0.12504,0.74631,0.00339571,0.00339571,0.00339571
6673,10092.9,0.20529,0.18553,0.78485,0.95152,0.95946,0.98497,0.96952,0.12739,0.12515,0.74629,0.00339472,0.00339472,0.00339472
6674,10094.5,0.20897,0.19648,0.78501,0.95173,0.95936,0.985,0.96994,0.12735,0.12509,0.74631,0.00339373,0.00339373,0.00339373
6675,10096,0.22636,0.19076,0.79208,0.95304,0.95844,0.98492,0.97205,0.12732,0.1248,0.7463,0.00339274,0.00339274,0.00339274
6676,10097.5,0.19919,0.18925,0.78897,0.95253,0.95995,0.98572,0.96986,0.12736,0.12498,0.74629,0.00339175,0.00339175,0.00339175
6677,10098.9,0.21627,0.19713,0.78931,0.95135,0.95935,0.98561,0.96975,0.12735,0.1248,0.74629,0.00339076,0.00339076,0.00339076
6678,10100.4,0.22365,0.20583,0.79348,0.95238,0.9603,0.98534,0.96986,0.12734,0.12483,0.74628,0.00338977,0.00338977,0.00338977
6679,10101.9,0.21207,0.19069,0.78779,0.95259,0.95998,0.98593,0.97267,0.12716,0.12466,0.74627,0.00338878,0.00338878,0.00338878
6680,10103.4,0.20387,0.19225,0.78483,0.95112,0.95947,0.98443,0.96864,0.12727,0.12476,0.7463,0.00338779,0.00338779,0.00338779
6681,10105,0.21893,0.19635,0.79646,0.95101,0.95774,0.98508,0.97083,0.12729,0.12475,0.74628,0.0033868,0.0033868,0.0033868
6682,10106.5,0.21261,0.1942,0.78814,0.94898,0.95876,0.98485,0.96915,0.12723,0.12454,0.74628,0.00338581,0.00338581,0.00338581
6683,10108.1,0.20434,0.19324,0.79118,0.95206,0.95777,0.98552,0.96956,0.12721,0.12454,0.74626,0.00338482,0.00338482,0.00338482
6684,10109.6,0.22774,0.19267,0.79104,0.95142,0.95871,0.98545,0.97101,0.12716,0.12469,0.74628,0.00338383,0.00338383,0.00338383
6685,10111.1,0.24814,0.20682,0.8082,0.95643,0.95999,0.98627,0.97181,0.12718,0.12493,0.74626,0.00338284,0.00338284,0.00338284
6686,10112.6,0.20066,0.19558,0.78001,0.95272,0.95845,0.98429,0.96849,0.12712,0.12474,0.74627,0.00338185,0.00338185,0.00338185
6687,10114.1,0.22839,0.20547,0.79528,0.95191,0.95779,0.98413,0.9697,0.12719,0.12474,0.74627,0.00338086,0.00338086,0.00338086
6688,10115.6,0.2209,0.20169,0.79166,0.95029,0.95779,0.98535,0.97075,0.12722,0.12481,0.74623,0.00337987,0.00337987,0.00337987
6689,10117,0.22222,0.19965,0.78919,0.95542,0.96102,0.98676,0.97281,0.12719,0.12501,0.74626,0.00337888,0.00337888,0.00337888
6690,10118.5,0.20275,0.19339,0.78484,0.95106,0.95851,0.9852,0.97095,0.12717,0.12458,0.74625,0.00337789,0.00337789,0.00337789
6691,10120,0.19909,0.19278,0.78399,0.95079,0.95852,0.98498,0.96978,0.12715,0.12451,0.74627,0.0033769,0.0033769,0.0033769
6692,10121.5,0.21317,0.20278,0.79274,0.95297,0.96005,0.98541,0.97079,0.12714,0.12455,0.74627,0.00337591,0.00337591,0.00337591
6693,10123.1,0.21303,0.19367,0.78757,0.95304,0.9603,0.98473,0.96877,0.12717,0.12462,0.74626,0.00337492,0.00337492,0.00337492
6694,10124.6,0.20853,0.19464,0.78692,0.95323,0.9603,0.98695,0.97109,0.12717,0.12446,0.7463,0.00337393,0.00337393,0.00337393
6695,10126.1,0.20393,0.19326,0.78969,0.9507,0.95948,0.98344,0.96892,0.12717,0.12437,0.74632,0.00337294,0.00337294,0.00337294
6696,10127.7,0.20527,0.19242,0.7906,0.94902,0.95784,0.98374,0.96814,0.12722,0.12436,0.74633,0.00337195,0.00337195,0.00337195
6697,10129.2,0.20382,0.19742,0.78384,0.95345,0.9617,0.98469,0.97004,0.12734,0.12426,0.74634,0.00337096,0.00337096,0.00337096
6698,10130.7,0.20479,0.19252,0.78702,0.94918,0.95784,0.98407,0.97034,0.12733,0.12426,0.74635,0.00336997,0.00336997,0.00336997
6699,10132.2,0.20799,0.18798,0.78981,0.94782,0.95782,0.98369,0.96936,0.12726,0.1243,0.74632,0.00336898,0.00336898,0.00336898
6700,10133.6,0.21208,0.18794,0.79265,0.95421,0.96174,0.98631,0.97321,0.12712,0.1243,0.74636,0.00336799,0.00336799,0.00336799
6701,10135.1,0.18675,0.18087,0.78527,0.95192,0.96031,0.98546,0.96969,0.12718,0.1243,0.74637,0.003367,0.003367,0.003367
6702,10136.7,0.2363,0.21111,0.79201,0.95028,0.95857,0.98499,0.96923,0.12704,0.124,0.74638,0.00336601,0.00336601,0.00336601
6703,10138.3,0.20397,0.1949,0.78333,0.95333,0.96068,0.98623,0.97067,0.12717,0.12416,0.74638,0.00336502,0.00336502,0.00336502
6704,10139.8,0.21677,0.20051,0.79039,0.9547,0.95941,0.98436,0.96952,0.12718,0.1241,0.74638,0.00336403,0.00336403,0.00336403
6705,10141.4,0.1938,0.18246,0.79065,0.95676,0.96069,0.98703,0.97131,0.1271,0.12411,0.74637,0.00336304,0.00336304,0.00336304
6706,10142.9,0.21721,0.19738,0.7929,0.95225,0.95939,0.985,0.97114,0.12716,0.12408,0.74635,0.00336205,0.00336205,0.00336205
6707,10144.4,0.21214,0.18736,0.78936,0.94913,0.95845,0.98409,0.97077,0.12708,0.12426,0.74634,0.00336106,0.00336106,0.00336106
6708,10145.9,0.20344,0.18829,0.78687,0.95069,0.95942,0.98506,0.97076,0.12708,0.1241,0.74635,0.00336007,0.00336007,0.00336007
6709,10147.4,0.21476,0.19099,0.79783,0.95214,0.96077,0.98578,0.97248,0.12722,0.12416,0.74635,0.00335908,0.00335908,0.00335908
6710,10148.8,0.19413,0.17645,0.79256,0.95372,0.96172,0.98548,0.97113,0.12719,0.12415,0.74633,0.00335809,0.00335809,0.00335809
6711,10150.3,0.21073,0.18996,0.78506,0.94974,0.95914,0.98364,0.96847,0.12708,0.12408,0.74633,0.0033571,0.0033571,0.0033571
6712,10151.8,0.21107,0.19154,0.7912,0.95141,0.96016,0.98486,0.97125,0.12714,0.12424,0.74633,0.00335611,0.00335611,0.00335611
6713,10153.3,0.23676,0.19979,0.79653,0.95019,0.96015,0.98386,0.97099,0.12704,0.12404,0.74633,0.00335512,0.00335512,0.00335512
6714,10154.8,0.20431,0.18878,0.78099,0.95262,0.96182,0.98501,0.97085,0.12708,0.12399,0.74631,0.00335413,0.00335413,0.00335413
6715,10156.4,0.19507,0.18756,0.7843,0.94755,0.95921,0.98481,0.9691,0.12705,0.12405,0.74627,0.00335314,0.00335314,0.00335314
6716,10157.9,0.22554,0.20019,0.79495,0.94764,0.95917,0.98447,0.96877,0.12708,0.12392,0.74628,0.00335215,0.00335215,0.00335215
6717,10159.3,0.21854,0.19731,0.79197,0.94811,0.95917,0.98415,0.97024,0.12707,0.12405,0.74628,0.00335116,0.00335116,0.00335116
6718,10160.8,0.19924,0.18867,0.78975,0.94881,0.96089,0.98574,0.97114,0.12716,0.12404,0.7463,0.00335017,0.00335017,0.00335017
6719,10162.3,0.22392,0.20114,0.79187,0.94662,0.96185,0.98435,0.96847,0.1271,0.12404,0.74629,0.00334918,0.00334918,0.00334918
6720,10163.8,0.20629,0.19037,0.79092,0.94857,0.95945,0.98544,0.96972,0.12707,0.12403,0.74631,0.00334819,0.00334819,0.00334819
6721,10165.2,0.21311,0.19538,0.78751,0.95018,0.96183,0.98575,0.96992,0.12728,0.12419,0.74633,0.0033472,0.0033472,0.0033472
6722,10166.8,0.21029,0.19249,0.7926,0.94649,0.96189,0.98484,0.96899,0.12714,0.12411,0.74633,0.00334621,0.00334621,0.00334621
6723,10168.3,0.2112,0.19128,0.78717,0.94519,0.95864,0.98377,0.97076,0.12715,0.12434,0.74629,0.00334522,0.00334522,0.00334522
6724,10169.9,0.21067,0.19141,0.78562,0.94329,0.95927,0.98419,0.9711,0.12711,0.12403,0.7463,0.00334423,0.00334423,0.00334423
6725,10171.3,0.19369,0.18485,0.79489,0.94478,0.9602,0.98491,0.96899,0.12707,0.12411,0.74628,0.00334324,0.00334324,0.00334324
6726,10172.8,0.20463,0.18739,0.79002,0.94598,0.9589,0.98439,0.96987,0.12702,0.12401,0.74629,0.00334225,0.00334225,0.00334225
6727,10174.4,0.20755,0.19056,0.79093,0.95007,0.96117,0.98565,0.9704,0.12689,0.12389,0.74628,0.00334126,0.00334126,0.00334126
6728,10175.9,0.2041,0.18777,0.78569,0.94509,0.96122,0.9851,0.97077,0.12686,0.12383,0.74629,0.00334027,0.00334027,0.00334027
6729,10177.4,0.21484,0.1962,0.79069,0.94665,0.95892,0.98311,0.96701,0.12687,0.12403,0.74629,0.00333928,0.00333928,0.00333928
6730,10178.9,0.22044,0.20405,0.7901,0.94772,0.95882,0.98365,0.96961,0.12684,0.12389,0.74629,0.00333829,0.00333829,0.00333829
6731,10180.4,0.20026,0.19033,0.79058,0.94586,0.96039,0.98472,0.97108,0.12682,0.12389,0.74628,0.0033373,0.0033373,0.0033373
6732,10182,0.21031,0.1942,0.79042,0.94777,0.96035,0.9846,0.97106,0.12676,0.1241,0.74629,0.00333631,0.00333631,0.00333631
6733,10183.6,0.2145,0.19934,0.7837,0.94723,0.96029,0.98482,0.97043,0.12671,0.12383,0.74629,0.00333532,0.00333532,0.00333532
6734,10185.2,0.22833,0.2003,0.78374,0.95055,0.96093,0.98483,0.97014,0.12678,0.12402,0.74629,0.00333433,0.00333433,0.00333433
6735,10186.7,0.23052,0.20536,0.79644,0.94845,0.96026,0.98488,0.96884,0.12685,0.12403,0.7463,0.00333334,0.00333334,0.00333334
6736,10188.2,0.20098,0.19225,0.77969,0.94889,0.95949,0.98474,0.96995,0.12699,0.12413,0.74628,0.00333235,0.00333235,0.00333235
6737,10189.6,0.20805,0.19446,0.78631,0.9469,0.96006,0.98406,0.9708,0.1269,0.12397,0.74628,0.00333136,0.00333136,0.00333136
6738,10191.1,0.22112,0.19706,0.79585,0.94816,0.96015,0.98492,0.97161,0.12701,0.1242,0.74629,0.00333037,0.00333037,0.00333037
6739,10192.6,0.23143,0.20767,0.79676,0.94084,0.95793,0.98402,0.9678,0.12691,0.12429,0.74627,0.00332938,0.00332938,0.00332938
6740,10194.1,0.20914,0.20027,0.7857,0.9432,0.95941,0.98552,0.97224,0.12685,0.12407,0.74629,0.00332839,0.00332839,0.00332839
6741,10195.6,0.21027,0.1892,0.79419,0.94752,0.96027,0.98477,0.97131,0.12692,0.12431,0.74629,0.0033274,0.0033274,0.0033274
6742,10197.2,0.20312,0.19544,0.78657,0.94709,0.95941,0.98362,0.96868,0.12686,0.12422,0.74628,0.00332641,0.00332641,0.00332641
6743,10198.8,0.21081,0.19948,0.78446,0.94241,0.95943,0.98323,0.96695,0.1269,0.12455,0.74628,0.00332542,0.00332542,0.00332542
6744,10200.3,0.20004,0.18894,0.7849,0.94365,0.96043,0.98568,0.97158,0.12693,0.12467,0.74627,0.00332443,0.00332443,0.00332443
6745,10201.9,0.22674,0.19872,0.79772,0.94657,0.96099,0.98482,0.96997,0.12686,0.12492,0.74624,0.00332344,0.00332344,0.00332344
6746,10203.4,0.20001,0.19286,0.78878,0.94735,0.96107,0.98488,0.96822,0.12687,0.12479,0.74627,0.00332245,0.00332245,0.00332245
6747,10204.8,0.20418,0.19568,0.79006,0.94451,0.9593,0.98514,0.96844,0.12684,0.12489,0.74626,0.00332146,0.00332146,0.00332146
6748,10206.3,0.21004,0.18909,0.79133,0.94475,0.95789,0.9843,0.97035,0.12672,0.12481,0.74625,0.00332047,0.00332047,0.00332047
6749,10207.7,0.21506,0.20094,0.78977,0.94598,0.95877,0.9834,0.96904,0.1267,0.12484,0.74626,0.00331948,0.00331948,0.00331948
6750,10209.2,0.21306,0.19165,0.79156,0.9474,0.96091,0.98572,0.97036,0.12668,0.12514,0.74624,0.00331849,0.00331849,0.00331849
6751,10210.7,0.20399,0.19076,0.78322,0.9456,0.96012,0.9851,0.96891,0.12669,0.12515,0.74624,0.0033175,0.0033175,0.0033175
6752,10212.2,0.21022,0.19608,0.78724,0.94617,0.95863,0.98256,0.96792,0.12669,0.12514,0.74624,0.00331651,0.00331651,0.00331651
6753,10213.8,0.21278,0.19297,0.78923,0.94722,0.95799,0.98435,0.96925,0.12673,0.12531,0.74623,0.00331552,0.00331552,0.00331552
6754,10215.3,0.20127,0.18603,0.79505,0.94492,0.95877,0.9836,0.96801,0.12684,0.12531,0.74626,0.00331453,0.00331453,0.00331453
6755,10216.8,0.21001,0.18871,0.78599,0.94666,0.96031,0.98442,0.96916,0.12682,0.12536,0.74624,0.00331354,0.00331354,0.00331354
6756,10218.3,0.20858,0.19179,0.78765,0.94492,0.95789,0.9831,0.96748,0.12682,0.12548,0.74623,0.00331255,0.00331255,0.00331255
6757,10219.8,0.24779,0.20636,0.80277,0.9462,0.95934,0.98331,0.96904,0.12686,0.12539,0.74624,0.00331156,0.00331156,0.00331156
6758,10221.3,0.22189,0.19328,0.79362,0.94857,0.96031,0.98351,0.96829,0.12691,0.12545,0.74625,0.00331057,0.00331057,0.00331057
6759,10222.8,0.20855,0.1912,0.78899,0.94948,0.95889,0.98407,0.96907,0.12691,0.12539,0.74623,0.00330958,0.00330958,0.00330958
6760,10224.3,0.2192,0.19479,0.79257,0.94846,0.96041,0.98421,0.97027,0.12692,0.12547,0.74624,0.00330859,0.00330859,0.00330859
6761,10225.8,0.2179,0.19426,0.78785,0.94859,0.95956,0.98373,0.96874,0.12691,0.12565,0.74625,0.0033076,0.0033076,0.0033076
6762,10227.4,0.22653,0.20325,0.79012,0.94694,0.95866,0.98385,0.9694,0.12699,0.12555,0.74627,0.00330661,0.00330661,0.00330661
6763,10229,0.23085,0.20783,0.7905,0.94975,0.96017,0.98405,0.96907,0.1269,0.12555,0.74629,0.00330562,0.00330562,0.00330562
6764,10230.5,0.20322,0.18661,0.786,0.94767,0.96017,0.98401,0.97064,0.12699,0.12568,0.74628,0.00330463,0.00330463,0.00330463
6765,10232,0.21708,0.19827,0.78779,0.94752,0.95935,0.98271,0.96677,0.12691,0.1257,0.74628,0.00330364,0.00330364,0.00330364
6766,10233.5,0.20228,0.18639,0.79124,0.94628,0.9596,0.9832,0.97049,0.12682,0.12569,0.74629,0.00330265,0.00330265,0.00330265
6767,10235,0.20594,0.19084,0.79119,0.94615,0.96103,0.98422,0.96944,0.12685,0.12563,0.7463,0.00330166,0.00330166,0.00330166
6768,10236.5,0.22106,0.20103,0.79352,0.94823,0.95753,0.98322,0.96888,0.12685,0.12553,0.74629,0.00330067,0.00330067,0.00330067
6769,10238,0.20479,0.18239,0.79416,0.94656,0.95729,0.98191,0.96737,0.12678,0.12552,0.74629,0.00329968,0.00329968,0.00329968
6770,10239.6,0.19053,0.18069,0.78814,0.94766,0.9604,0.9833,0.9703,0.12677,0.12548,0.74628,0.00329869,0.00329869,0.00329869
6771,10241.1,0.23275,0.20761,0.78833,0.94658,0.95818,0.98172,0.96779,0.12681,0.12571,0.7463,0.0032977,0.0032977,0.0032977
6772,10242.6,0.19616,0.18555,0.78719,0.94686,0.95727,0.98047,0.96445,0.12691,0.12555,0.74629,0.00329671,0.00329671,0.00329671
6773,10244.2,0.23197,0.20503,0.79301,0.9478,0.95793,0.98104,0.96687,0.12682,0.12549,0.74629,0.00329572,0.00329572,0.00329572
6774,10245.7,0.19955,0.18769,0.78943,0.94654,0.95826,0.98185,0.96596,0.12691,0.12544,0.74629,0.00329473,0.00329473,0.00329473
6775,10247.2,0.21103,0.18955,0.79384,0.9477,0.95828,0.98103,0.96463,0.12686,0.12538,0.74629,0.00329374,0.00329374,0.00329374
6776,10248.7,0.22523,0.20089,0.79458,0.94879,0.95941,0.9839,0.96766,0.12673,0.12547,0.74628,0.00329275,0.00329275,0.00329275
6777,10250.2,0.2096,0.18917,0.79453,0.94912,0.95831,0.98237,0.96682,0.12677,0.12549,0.74627,0.00329176,0.00329176,0.00329176
6778,10251.7,0.24079,0.19993,0.80376,0.9487,0.95792,0.98203,0.96716,0.12672,0.1253,0.74624,0.00329077,0.00329077,0.00329077
6779,10253.2,0.22504,0.20135,0.78958,0.94989,0.95888,0.98223,0.96751,0.12667,0.12541,0.74623,0.00328978,0.00328978,0.00328978
6780,10254.6,0.20769,0.19528,0.79464,0.94517,0.95886,0.98209,0.96769,0.12661,0.12524,0.74622,0.00328879,0.00328879,0.00328879
6781,10256.2,0.20895,0.19779,0.78569,0.94683,0.96008,0.98285,0.9681,0.12664,0.12531,0.74621,0.0032878,0.0032878,0.0032878
6782,10257.7,0.21307,0.19942,0.79081,0.94633,0.95891,0.98229,0.96841,0.12665,0.12525,0.74623,0.00328681,0.00328681,0.00328681
6783,10259.3,0.21998,0.19792,0.78862,0.9462,0.95798,0.98265,0.96869,0.12664,0.12507,0.74623,0.00328582,0.00328582,0.00328582
6784,10260.8,0.20897,0.19171,0.78699,0.94919,0.95971,0.98282,0.96893,0.12665,0.12522,0.74622,0.00328483,0.00328483,0.00328483
6785,10262.3,0.19943,0.18376,0.79429,0.94761,0.95957,0.98257,0.96695,0.12671,0.12509,0.74623,0.00328384,0.00328384,0.00328384
6786,10263.7,0.23075,0.19617,0.79871,0.94574,0.95995,0.98335,0.97004,0.12673,0.12499,0.74623,0.00328285,0.00328285,0.00328285
6787,10265.3,0.22183,0.19552,0.79295,0.94869,0.96082,0.9838,0.9703,0.1266,0.1248,0.74625,0.00328186,0.00328186,0.00328186
6788,10266.7,0.21277,0.19877,0.79132,0.946,0.95967,0.98234,0.96677,0.12658,0.12491,0.74622,0.00328087,0.00328087,0.00328087
6789,10268.2,0.20143,0.19416,0.78831,0.948,0.9587,0.98334,0.97013,0.12656,0.1248,0.74623,0.00327988,0.00327988,0.00327988
6790,10269.6,0.21484,0.19379,0.79287,0.94728,0.9571,0.982,0.96818,0.12657,0.12485,0.74621,0.00327889,0.00327889,0.00327889
6791,10271.1,0.22053,0.19974,0.79685,0.94365,0.9595,0.98397,0.96967,0.12646,0.12488,0.7462,0.0032779,0.0032779,0.0032779
6792,10272.7,0.2041,0.19415,0.78616,0.94675,0.95977,0.98431,0.97048,0.12645,0.12469,0.74621,0.00327691,0.00327691,0.00327691
6793,10274.2,0.21961,0.20263,0.79203,0.94554,0.95726,0.98198,0.96876,0.12636,0.12464,0.74617,0.00327592,0.00327592,0.00327592
6794,10275.7,0.21113,0.19743,0.78777,0.94713,0.96029,0.98338,0.96773,0.12646,0.12476,0.74616,0.00327493,0.00327493,0.00327493
6795,10277.2,0.22219,0.19591,0.79761,0.94424,0.95814,0.98189,0.969,0.12642,0.12476,0.74615,0.00327394,0.00327394,0.00327394
6796,10278.7,0.21534,0.19948,0.79275,0.94532,0.95957,0.98389,0.96948,0.12633,0.12495,0.74613,0.00327295,0.00327295,0.00327295
6797,10280.2,0.20645,0.19216,0.78978,0.9424,0.95783,0.98175,0.96785,0.12636,0.12487,0.74612,0.00327196,0.00327196,0.00327196
6798,10281.7,0.19655,0.18621,0.79184,0.94756,0.95938,0.98365,0.96936,0.12627,0.12494,0.74613,0.00327097,0.00327097,0.00327097
6799,10283.2,0.20339,0.19062,0.78854,0.9445,0.95926,0.98322,0.9702,0.12619,0.12506,0.7461,0.00326998,0.00326998,0.00326998
6800,10284.6,0.21907,0.19229,0.79268,0.94633,0.95782,0.98248,0.96911,0.12622,0.12502,0.74609,0.00326899,0.00326899,0.00326899
6801,10286.1,0.20217,0.18801,0.78973,0.94783,0.95859,0.9824,0.9689,0.12616,0.12504,0.74608,0.003268,0.003268,0.003268
6802,10287.7,0.19834,0.18777,0.78497,0.94686,0.95509,0.98008,0.96467,0.12618,0.12495,0.7461,0.00326701,0.00326701,0.00326701
6803,10289.3,0.21605,0.19788,0.78677,0.94963,0.95929,0.98244,0.96773,0.12632,0.12497,0.74609,0.00326602,0.00326602,0.00326602
6804,10290.9,0.20253,0.18826,0.79217,0.94744,0.95862,0.98249,0.96833,0.12639,0.12506,0.74609,0.00326503,0.00326503,0.00326503
6805,10292.4,0.19376,0.18953,0.79091,0.94649,0.95779,0.98234,0.96935,0.12642,0.12504,0.7461,0.00326404,0.00326404,0.00326404
6806,10293.9,0.23551,0.20024,0.79804,0.9473,0.95655,0.98257,0.96963,0.12636,0.12509,0.74607,0.00326305,0.00326305,0.00326305
6807,10295.4,0.22598,0.1991,0.7975,0.94834,0.95944,0.98156,0.96716,0.1263,0.12501,0.74608,0.00326206,0.00326206,0.00326206
6808,10296.9,0.20756,0.19401,0.78643,0.94637,0.96069,0.98188,0.96739,0.12629,0.12483,0.74609,0.00326107,0.00326107,0.00326107
6809,10298.4,0.20166,0.19382,0.79044,0.94629,0.96064,0.98238,0.96844,0.12639,0.1249,0.7461,0.00326008,0.00326008,0.00326008
6810,10300,0.20858,0.1935,0.78997,0.94598,0.95867,0.98141,0.96748,0.1264,0.12485,0.74609,0.00325909,0.00325909,0.00325909
6811,10301.5,0.20693,0.19394,0.79275,0.94731,0.95876,0.98115,0.96616,0.12638,0.12492,0.74606,0.0032581,0.0032581,0.0032581
6812,10303,0.18878,0.18658,0.7857,0.94696,0.95485,0.98211,0.96752,0.12635,0.12464,0.74608,0.00325711,0.00325711,0.00325711
6813,10304.5,0.19281,0.18649,0.78745,0.94625,0.95877,0.98221,0.96705,0.12638,0.12498,0.74609,0.00325612,0.00325612,0.00325612
6814,10306.1,0.21289,0.19051,0.79404,0.94623,0.95668,0.9812,0.96481,0.12644,0.12501,0.7461,0.00325513,0.00325513,0.00325513
6815,10307.6,0.20974,0.18979,0.79436,0.94583,0.95928,0.98281,0.96851,0.12629,0.1249,0.74609,0.00325414,0.00325414,0.00325414
6816,10309.1,0.19695,0.19376,0.7849,0.94569,0.95673,0.98176,0.96649,0.12634,0.12504,0.74609,0.00325315,0.00325315,0.00325315
6817,10310.6,0.20798,0.18982,0.79331,0.94513,0.9612,0.98398,0.96886,0.12639,0.12515,0.74609,0.00325216,0.00325216,0.00325216
6818,10312.1,0.20415,0.18829,0.80124,0.94787,0.95478,0.98223,0.96856,0.12632,0.12526,0.7461,0.00325117,0.00325117,0.00325117
6819,10313.6,0.2231,0.199,0.7902,0.9479,0.95649,0.9816,0.96626,0.12635,0.12503,0.7461,0.00325018,0.00325018,0.00325018
6820,10315.2,0.20677,0.19234,0.78844,0.94908,0.95367,0.98215,0.96642,0.12639,0.12529,0.74609,0.00324919,0.00324919,0.00324919
6821,10316.6,0.23657,0.20076,0.79334,0.94782,0.95464,0.98143,0.96572,0.12632,0.12507,0.7461,0.0032482,0.0032482,0.0032482
6822,10318.2,0.20276,0.18538,0.78724,0.94765,0.95737,0.98276,0.96897,0.12626,0.12504,0.74609,0.00324721,0.00324721,0.00324721
6823,10319.7,0.19795,0.18652,0.79064,0.94398,0.9576,0.9836,0.96875,0.12646,0.12511,0.74608,0.00324622,0.00324622,0.00324622
6824,10321.2,0.20816,0.19147,0.78771,0.9447,0.96109,0.98253,0.9688,0.1265,0.12523,0.74607,0.00324523,0.00324523,0.00324523
6825,10322.7,0.2074,0.18996,0.78986,0.94488,0.95824,0.98312,0.96686,0.12654,0.12515,0.7461,0.00324424,0.00324424,0.00324424
6826,10324.2,0.22255,0.19248,0.78781,0.94413,0.95773,0.98307,0.97002,0.12658,0.1251,0.74609,0.00324325,0.00324325,0.00324325
6827,10325.7,0.2021,0.19007,0.78615,0.9455,0.95591,0.98259,0.96859,0.12672,0.12529,0.74609,0.00324226,0.00324226,0.00324226
6828,10327.2,0.21297,0.19671,0.78577,0.94523,0.95835,0.98381,0.96799,0.12663,0.12507,0.7461,0.00324127,0.00324127,0.00324127
6829,10328.7,0.19627,0.1831,0.78649,0.94222,0.95722,0.98289,0.96835,0.12677,0.12526,0.74609,0.00324028,0.00324028,0.00324028
6830,10330.2,0.20179,0.18491,0.78955,0.94525,0.95856,0.98249,0.96793,0.1267,0.12507,0.74609,0.00323929,0.00323929,0.00323929
6831,10331.7,0.1905,0.18462,0.78099,0.94508,0.95872,0.98278,0.96739,0.12666,0.12509,0.74607,0.0032383,0.0032383,0.0032383
6832,10333.3,0.21556,0.18741,0.79091,0.94693,0.95834,0.98352,0.96819,0.12672,0.12523,0.74609,0.00323731,0.00323731,0.00323731
6833,10334.9,0.22826,0.20087,0.79879,0.9455,0.95873,0.98364,0.96877,0.12671,0.12542,0.74609,0.00323632,0.00323632,0.00323632
6834,10336.4,0.21298,0.19502,0.79209,0.94743,0.95766,0.98324,0.96792,0.12684,0.12546,0.74607,0.00323533,0.00323533,0.00323533
6835,10337.9,0.19856,0.1896,0.78504,0.9476,0.95752,0.98383,0.96753,0.12695,0.12568,0.74608,0.00323434,0.00323434,0.00323434
6836,10339.3,0.2154,0.19578,0.78728,0.95171,0.95344,0.98225,0.96637,0.12695,0.12565,0.7461,0.00323335,0.00323335,0.00323335
6837,10340.8,0.21133,0.19305,0.78865,0.95168,0.95346,0.98255,0.96759,0.12698,0.12562,0.74612,0.00323236,0.00323236,0.00323236
6838,10342.4,0.20654,0.19068,0.79467,0.95106,0.95404,0.98243,0.96778,0.12703,0.12549,0.74614,0.00323137,0.00323137,0.00323137
6839,10343.9,0.21192,0.19349,0.79334,0.95055,0.95492,0.9826,0.96866,0.12699,0.12568,0.74617,0.00323038,0.00323038,0.00323038
6840,10345.4,0.22404,0.19609,0.79629,0.94738,0.95906,0.98337,0.96893,0.12694,0.12563,0.74614,0.00322939,0.00322939,0.00322939
6841,10346.9,0.19932,0.18698,0.78848,0.94671,0.95688,0.98301,0.9669,0.12695,0.12553,0.74615,0.0032284,0.0032284,0.0032284
6842,10348.4,0.21543,0.19476,0.7967,0.94882,0.95894,0.98417,0.97024,0.12711,0.12597,0.74616,0.00322741,0.00322741,0.00322741
6843,10350,0.19626,0.18117,0.78366,0.94563,0.95831,0.98404,0.96907,0.12706,0.12585,0.74615,0.00322642,0.00322642,0.00322642
6844,10351.5,0.20775,0.18887,0.7918,0.95165,0.95634,0.9833,0.96918,0.12701,0.12589,0.74614,0.00322543,0.00322543,0.00322543
6845,10352.9,0.24137,0.19953,0.79992,0.94823,0.9589,0.98412,0.96799,0.12696,0.12577,0.74614,0.00322444,0.00322444,0.00322444
6846,10354.4,0.21335,0.19436,0.78817,0.95056,0.95609,0.98252,0.96658,0.12683,0.12571,0.74614,0.00322345,0.00322345,0.00322345
6847,10355.9,0.21008,0.19168,0.79045,0.94723,0.95908,0.98405,0.97072,0.12686,0.12547,0.74613,0.00322246,0.00322246,0.00322246
6848,10357.4,0.20078,0.18178,0.79193,0.94567,0.95986,0.98281,0.96715,0.12699,0.12552,0.74612,0.00322147,0.00322147,0.00322147
6849,10358.9,0.22117,0.19795,0.78674,0.94734,0.95968,0.98392,0.96977,0.12702,0.12564,0.74611,0.00322048,0.00322048,0.00322048
6850,10360.4,0.21205,0.19221,0.78709,0.94644,0.95977,0.98408,0.96847,0.12699,0.12549,0.74614,0.00321949,0.00321949,0.00321949
6851,10361.9,0.21433,0.19166,0.79184,0.95107,0.95561,0.98227,0.96908,0.12696,0.12567,0.74614,0.0032185,0.0032185,0.0032185
6852,10363.5,0.22073,0.19588,0.78832,0.94456,0.95756,0.98114,0.96611,0.12695,0.12553,0.74614,0.00321751,0.00321751,0.00321751
6853,10365.2,0.21356,0.19551,0.791,0.94636,0.95822,0.98333,0.96768,0.12697,0.12551,0.74613,0.00321652,0.00321652,0.00321652
6854,10366.7,0.21443,0.19151,0.78988,0.9438,0.95829,0.98238,0.96716,0.1269,0.12553,0.74614,0.00321553,0.00321553,0.00321553
6855,10368.2,0.19548,0.19018,0.7811,0.94385,0.9572,0.983,0.96883,0.12681,0.12547,0.74614,0.00321454,0.00321454,0.00321454
6856,10369.7,0.19685,0.18783,0.78758,0.94591,0.9559,0.98116,0.96539,0.1268,0.12565,0.74611,0.00321355,0.00321355,0.00321355
6857,10371.2,0.20468,0.19145,0.79159,0.9474,0.95662,0.98276,0.96801,0.12686,0.12561,0.74612,0.00321256,0.00321256,0.00321256
6858,10372.7,0.20312,0.19442,0.79199,0.94468,0.9588,0.98208,0.96786,0.12687,0.12557,0.74613,0.00321157,0.00321157,0.00321157
6859,10374.1,0.19439,0.18303,0.79341,0.94425,0.95954,0.98351,0.96748,0.12686,0.12544,0.74612,0.00321058,0.00321058,0.00321058
6860,10375.6,0.22402,0.19405,0.79982,0.94623,0.95979,0.98323,0.96881,0.12693,0.12541,0.74611,0.00320959,0.00320959,0.00320959
6861,10377.1,0.20586,0.19115,0.79375,0.94443,0.95793,0.98359,0.97045,0.12688,0.1253,0.74612,0.0032086,0.0032086,0.0032086
6862,10378.8,0.22709,0.20285,0.78534,0.94576,0.95794,0.98364,0.96939,0.12697,0.12571,0.74611,0.00320761,0.00320761,0.00320761
6863,10380.5,0.2145,0.19532,0.79295,0.94422,0.95718,0.98268,0.96772,0.12699,0.1256,0.74611,0.00320662,0.00320662,0.00320662
6864,10381.9,0.20823,0.19046,0.7886,0.94494,0.958,0.9834,0.96857,0.12697,0.12561,0.74613,0.00320563,0.00320563,0.00320563
6865,10383.5,0.2092,0.19005,0.78285,0.94206,0.95949,0.98397,0.96902,0.127,0.12578,0.74612,0.00320464,0.00320464,0.00320464
6866,10385,0.20767,0.18927,0.79045,0.94332,0.95811,0.98226,0.96635,0.12712,0.12579,0.74613,0.00320365,0.00320365,0.00320365
6867,10386.5,0.19839,0.18733,0.78879,0.94532,0.95696,0.98077,0.96528,0.12722,0.12582,0.74612,0.00320266,0.00320266,0.00320266
6868,10388,0.21136,0.19635,0.78675,0.94603,0.95477,0.98174,0.96586,0.12717,0.1259,0.74614,0.00320167,0.00320167,0.00320167
6869,10389.5,0.20827,0.18613,0.78682,0.94685,0.95674,0.98156,0.96639,0.12709,0.12588,0.74614,0.00320068,0.00320068,0.00320068
6870,10390.9,0.20523,0.18976,0.78305,0.94501,0.95597,0.98178,0.96693,0.12711,0.12584,0.74614,0.00319969,0.00319969,0.00319969
6871,10392.5,0.20577,0.19333,0.78779,0.94495,0.9576,0.9826,0.96625,0.1272,0.12606,0.74613,0.0031987,0.0031987,0.0031987
6872,10394.1,0.2008,0.18983,0.78675,0.94639,0.95537,0.98053,0.96595,0.12726,0.12608,0.74614,0.00319771,0.00319771,0.00319771
6873,10395.7,0.21638,0.18953,0.79808,0.94526,0.95905,0.98308,0.96856,0.12718,0.12607,0.74614,0.00319672,0.00319672,0.00319672
6874,10397.2,0.2269,0.19824,0.79581,0.94693,0.95832,0.98309,0.96694,0.12716,0.12603,0.74612,0.00319573,0.00319573,0.00319573
6875,10398.7,0.20115,0.18652,0.79169,0.94931,0.95369,0.98207,0.96757,0.12716,0.12603,0.74611,0.00319474,0.00319474,0.00319474
6876,10400.2,0.22763,0.2004,0.79022,0.94723,0.95736,0.98276,0.96764,0.12721,0.12608,0.7461,0.00319375,0.00319375,0.00319375
6877,10401.7,0.22122,0.19665,0.79049,0.94634,0.9569,0.98298,0.96754,0.12719,0.1261,0.7461,0.00319276,0.00319276,0.00319276
6878,10403.2,0.1996,0.18436,0.79305,0.94885,0.95756,0.98315,0.96784,0.12734,0.12604,0.74609,0.00319177,0.00319177,0.00319177
6879,10404.7,0.19464,0.17648,0.7908,0.94956,0.95676,0.98233,0.96585,0.12733,0.12625,0.7461,0.00319078,0.00319078,0.00319078
6880,10406.2,0.2118,0.19009,0.78829,0.9494,0.95605,0.9817,0.96802,0.12738,0.12597,0.7461,0.00318979,0.00318979,0.00318979
6881,10407.7,0.21788,0.19164,0.78622,0.95079,0.95553,0.98118,0.96603,0.12739,0.12599,0.74607,0.0031888,0.0031888,0.0031888
6882,10409.3,0.20248,0.18907,0.78605,0.94619,0.95639,0.98203,0.96599,0.12746,0.12615,0.74606,0.00318781,0.00318781,0.00318781
6883,10410.9,0.21147,0.18538,0.7884,0.94815,0.95689,0.98117,0.96686,0.12748,0.12604,0.74606,0.00318682,0.00318682,0.00318682
6884,10412.4,0.21239,0.19372,0.78652,0.94172,0.95904,0.98343,0.96763,0.12755,0.1259,0.74608,0.00318583,0.00318583,0.00318583
6885,10413.9,0.20638,0.18451,0.78899,0.94776,0.95743,0.98289,0.9664,0.12745,0.1259,0.74608,0.00318484,0.00318484,0.00318484
6886,10415.4,0.20918,0.18955,0.78966,0.94679,0.95496,0.98231,0.96669,0.12746,0.12578,0.74609,0.00318385,0.00318385,0.00318385
6887,10416.9,0.19991,0.18116,0.78811,0.9435,0.95922,0.98335,0.96854,0.12752,0.12583,0.74608,0.00318286,0.00318286,0.00318286
6888,10418.4,0.22312,0.19006,0.79285,0.95037,0.95368,0.98267,0.96728,0.12755,0.12585,0.74611,0.00318187,0.00318187,0.00318187
6889,10419.9,0.21253,0.19017,0.78785,0.94073,0.95747,0.98239,0.96603,0.12754,0.12569,0.74608,0.00318088,0.00318088,0.00318088
6890,10421.3,0.1989,0.1843,0.78398,0.94597,0.9591,0.98478,0.97105,0.12747,0.12574,0.74609,0.00317989,0.00317989,0.00317989
6891,10422.8,0.21621,0.19039,0.78388,0.94446,0.95727,0.98431,0.96901,0.12746,0.12578,0.74607,0.0031789,0.0031789,0.0031789
6892,10424.5,0.20832,0.18784,0.78904,0.9426,0.95838,0.98541,0.97024,0.12758,0.1257,0.74607,0.00317791,0.00317791,0.00317791
6893,10426.1,0.21607,0.19143,0.78958,0.94354,0.95884,0.9855,0.96895,0.12765,0.12575,0.74606,0.00317692,0.00317692,0.00317692
6894,10427.6,0.20917,0.19279,0.79467,0.94403,0.9582,0.98343,0.96665,0.12754,0.12565,0.74607,0.00317593,0.00317593,0.00317593
6895,10429.1,0.22485,0.20184,0.78896,0.94391,0.95992,0.98533,0.96951,0.12764,0.12571,0.74607,0.00317494,0.00317494,0.00317494
6896,10430.5,0.22113,0.1981,0.79886,0.94648,0.95987,0.98483,0.9694,0.12767,0.1256,0.74608,0.00317395,0.00317395,0.00317395
6897,10432,0.19735,0.18481,0.79209,0.94536,0.95918,0.9855,0.97059,0.12773,0.1257,0.74608,0.00317296,0.00317296,0.00317296
6898,10433.5,0.2169,0.19165,0.78901,0.94692,0.95688,0.98367,0.96788,0.1276,0.12579,0.74606,0.00317197,0.00317197,0.00317197
6899,10434.9,0.19993,0.19164,0.78819,0.94595,0.9568,0.9846,0.97061,0.12762,0.12592,0.74606,0.00317098,0.00317098,0.00317098
6900,10436.4,0.21553,0.20004,0.78731,0.94635,0.95883,0.98392,0.97007,0.12762,0.12576,0.74607,0.00316999,0.00316999,0.00316999
6901,10438,0.21489,0.19498,0.78773,0.94508,0.95813,0.98482,0.96812,0.12761,0.12583,0.74605,0.003169,0.003169,0.003169
6902,10439.6,0.22674,0.19849,0.79409,0.94622,0.95679,0.983,0.96791,0.12776,0.12588,0.74606,0.00316801,0.00316801,0.00316801
6903,10441.2,0.22475,0.20373,0.79771,0.94934,0.95574,0.9834,0.96846,0.12773,0.12597,0.74605,0.00316702,0.00316702,0.00316702
6904,10442.7,0.2017,0.1894,0.78061,0.94218,0.95981,0.98435,0.96828,0.12775,0.12608,0.74604,0.00316603,0.00316603,0.00316603
6905,10444.2,0.21317,0.19995,0.78434,0.94524,0.95886,0.98314,0.969,0.12771,0.12607,0.74604,0.00316504,0.00316504,0.00316504
6906,10445.7,0.21478,0.2051,0.79383,0.9446,0.95903,0.98469,0.97017,0.12776,0.12603,0.74603,0.00316405,0.00316405,0.00316405
6907,10447.1,0.2053,0.18531,0.78773,0.94484,0.95966,0.98432,0.96947,0.12775,0.12605,0.74604,0.00316306,0.00316306,0.00316306
6908,10448.6,0.2168,0.19724,0.7907,0.94033,0.95135,0.98232,0.96766,0.12775,0.12603,0.746,0.00316207,0.00316207,0.00316207
6909,10450.1,0.21262,0.19343,0.79255,0.94219,0.95233,0.98296,0.96899,0.12774,0.12607,0.74601,0.00316108,0.00316108,0.00316108
6910,10451.5,0.20315,0.18808,0.78722,0.9408,0.95025,0.98212,0.96673,0.12776,0.12617,0.746,0.00316009,0.00316009,0.00316009
6911,10453,0.22079,0.19996,0.78713,0.9434,0.95324,0.98381,0.96905,0.12798,0.12608,0.746,0.0031591,0.0031591,0.0031591
6912,10454.6,0.20782,0.19223,0.7918,0.93945,0.95222,0.98288,0.9674,0.12788,0.12622,0.746,0.00315811,0.00315811,0.00315811
6913,10456.2,0.20773,0.19037,0.79433,0.93905,0.95251,0.98303,0.96978,0.12791,0.12618,0.74598,0.00315712,0.00315712,0.00315712
6914,10457.7,0.19825,0.18745,0.78487,0.93978,0.95129,0.98359,0.97012,0.1279,0.12632,0.746,0.00315613,0.00315613,0.00315613
6915,10459.1,0.22052,0.19115,0.79446,0.94239,0.95396,0.9829,0.96811,0.12788,0.12619,0.74602,0.00315514,0.00315514,0.00315514
6916,10460.7,0.21215,0.19388,0.78804,0.94018,0.95262,0.98293,0.96678,0.12774,0.12616,0.74598,0.00315415,0.00315415,0.00315415
6917,10462.2,0.20875,0.18833,0.78858,0.93949,0.95288,0.98318,0.96803,0.12781,0.12601,0.74602,0.00315316,0.00315316,0.00315316
6918,10463.7,0.20556,0.19294,0.78585,0.9396,0.953,0.98404,0.96804,0.12785,0.12617,0.746,0.00315217,0.00315217,0.00315217
6919,10465.2,0.20911,0.19206,0.78483,0.93741,0.95252,0.98147,0.96798,0.12798,0.12621,0.74599,0.00315118,0.00315118,0.00315118
6920,10466.7,0.20781,0.19191,0.78679,0.94079,0.9538,0.98471,0.96825,0.12782,0.1261,0.74599,0.00315019,0.00315019,0.00315019
6921,10468.2,0.20537,0.19384,0.78353,0.93688,0.95233,0.98296,0.96914,0.12789,0.12611,0.74601,0.0031492,0.0031492,0.0031492
6922,10469.8,0.20624,0.19466,0.78689,0.93984,0.95297,0.98309,0.96809,0.12773,0.12599,0.74603,0.00314821,0.00314821,0.00314821
6923,10471.4,0.20912,0.19979,0.78879,0.93723,0.95189,0.98159,0.96483,0.12782,0.12596,0.74602,0.00314722,0.00314722,0.00314722
6924,10472.9,0.19631,0.18995,0.78215,0.9451,0.95805,0.98388,0.96849,0.12789,0.12595,0.74603,0.00314623,0.00314623,0.00314623
6925,10474.4,0.21112,0.1907,0.79139,0.9382,0.95428,0.9835,0.96765,0.12776,0.12587,0.74603,0.00314524,0.00314524,0.00314524
6926,10475.8,0.20367,0.18825,0.78799,0.93716,0.95407,0.98417,0.96776,0.12778,0.12597,0.74603,0.00314425,0.00314425,0.00314425
6927,10477.3,0.21056,0.18884,0.79244,0.94502,0.95438,0.98266,0.96792,0.1278,0.12596,0.74602,0.00314326,0.00314326,0.00314326
6928,10478.8,0.20714,0.19233,0.78844,0.93482,0.95299,0.98258,0.96641,0.12783,0.12576,0.74602,0.00314227,0.00314227,0.00314227
6929,10480.3,0.19381,0.18451,0.78279,0.93752,0.95436,0.98389,0.96783,0.12796,0.12587,0.74603,0.00314128,0.00314128,0.00314128
6930,10481.8,0.22365,0.19556,0.79368,0.94535,0.95785,0.98292,0.96733,0.12797,0.12589,0.74602,0.00314029,0.00314029,0.00314029
6931,10483.2,0.2036,0.19207,0.78801,0.93575,0.95255,0.98179,0.96712,0.12796,0.12587,0.74603,0.0031393,0.0031393,0.0031393
6932,10484.9,0.19778,0.18699,0.7849,0.93788,0.95297,0.98319,0.96861,0.1279,0.12594,0.74603,0.00313831,0.00313831,0.00313831
6933,10486.5,0.21806,0.19996,0.78387,0.93641,0.95509,0.9829,0.96665,0.12796,0.12588,0.74603,0.00313732,0.00313732,0.00313732
6934,10488.1,0.19655,0.18222,0.78195,0.93608,0.95525,0.98265,0.96701,0.12793,0.12563,0.74605,0.00313633,0.00313633,0.00313633
6935,10489.5,0.20626,0.18838,0.78341,0.93477,0.95443,0.98273,0.9664,0.12801,0.12587,0.74604,0.00313534,0.00313534,0.00313534
6936,10491,0.20969,0.19246,0.79398,0.93695,0.95699,0.98392,0.96903,0.12791,0.12582,0.74606,0.00313435,0.00313435,0.00313435
6937,10492.6,0.22065,0.19998,0.78741,0.9456,0.95662,0.98382,0.96911,0.12789,0.1258,0.74606,0.00313336,0.00313336,0.00313336
6938,10494,0.21502,0.19229,0.78922,0.9358,0.95402,0.98187,0.96622,0.12788,0.12581,0.74604,0.00313237,0.00313237,0.00313237
6939,10495.5,0.22742,0.19141,0.79346,0.93774,0.95503,0.98194,0.96693,0.12803,0.12612,0.74604,0.00313138,0.00313138,0.00313138
6940,10497,0.20038,0.1888,0.7902,0.95119,0.9581,0.98339,0.96902,0.12802,0.12585,0.74607,0.00313039,0.00313039,0.00313039
6941,10498.6,0.21937,0.1925,0.79267,0.94845,0.95629,0.98271,0.96757,0.12804,0.12591,0.74605,0.0031294,0.0031294,0.0031294
6942,10500.2,0.20591,0.19114,0.78929,0.94247,0.95642,0.98143,0.96571,0.12804,0.12609,0.74608,0.00312841,0.00312841,0.00312841
6943,10501.8,0.2125,0.18574,0.7892,0.94292,0.95695,0.98254,0.96757,0.12783,0.12589,0.74604,0.00312742,0.00312742,0.00312742
6944,10503.3,0.23466,0.20105,0.79554,0.93769,0.95777,0.98395,0.96788,0.12801,0.12594,0.74601,0.00312643,0.00312643,0.00312643
6945,10504.7,0.20865,0.18526,0.79453,0.93418,0.95547,0.9826,0.96779,0.12794,0.12615,0.74604,0.00312544,0.00312544,0.00312544
6946,10506.3,0.21082,0.19593,0.79025,0.93904,0.95784,0.9836,0.96935,0.12802,0.12609,0.74601,0.00312445,0.00312445,0.00312445
6947,10507.7,0.21325,0.19073,0.7897,0.93786,0.9558,0.98184,0.9665,0.12795,0.12605,0.74602,0.00312346,0.00312346,0.00312346
6948,10509.2,0.20598,0.18412,0.78713,0.9404,0.95789,0.98382,0.96874,0.1279,0.1259,0.74601,0.00312247,0.00312247,0.00312247
6949,10510.7,0.20228,0.18512,0.78376,0.93615,0.95722,0.98376,0.96773,0.12795,0.12598,0.74602,0.00312148,0.00312148,0.00312148
6950,10512.3,0.2128,0.19414,0.78946,0.94061,0.95627,0.9842,0.96807,0.12799,0.12597,0.74602,0.00312049,0.00312049,0.00312049
6951,10513.9,0.22627,0.19903,0.79938,0.93627,0.95723,0.98297,0.96666,0.12792,0.12594,0.74599,0.0031195,0.0031195,0.0031195
6952,10515.5,0.19279,0.18668,0.7846,0.93835,0.95729,0.9835,0.96789,0.12789,0.12593,0.74599,0.00311851,0.00311851,0.00311851
6953,10517,0.18841,0.1835,0.7899,0.93937,0.95727,0.9831,0.96861,0.12789,0.12578,0.746,0.00311752,0.00311752,0.00311752
6954,10518.6,0.20409,0.18895,0.78284,0.93851,0.95732,0.98374,0.96881,0.12797,0.12581,0.746,0.00311653,0.00311653,0.00311653
6955,10520,0.20257,0.1838,0.7847,0.9412,0.9576,0.98435,0.96842,0.12788,0.12579,0.74602,0.00311554,0.00311554,0.00311554
6956,10521.5,0.19705,0.18412,0.78785,0.93715,0.95736,0.98435,0.9708,0.12793,0.12567,0.746,0.00311455,0.00311455,0.00311455
6957,10523,0.21858,0.19662,0.78594,0.93796,0.9582,0.98357,0.96796,0.1279,0.12591,0.746,0.00311356,0.00311356,0.00311356
6958,10524.5,0.21022,0.19389,0.79316,0.93572,0.95693,0.98362,0.96803,0.12786,0.12573,0.74599,0.00311257,0.00311257,0.00311257
6959,10526,0.20423,0.19022,0.78168,0.93686,0.95694,0.98356,0.96758,0.12787,0.12585,0.74599,0.00311158,0.00311158,0.00311158
6960,10527.6,0.19951,0.18888,0.79466,0.93459,0.95692,0.98367,0.96776,0.12791,0.12581,0.74599,0.00311059,0.00311059,0.00311059
6961,10529.2,0.19924,0.19158,0.7837,0.94877,0.95671,0.9825,0.96879,0.12795,0.12581,0.74599,0.0031096,0.0031096,0.0031096
6962,10530.7,0.21018,0.19038,0.79022,0.94789,0.95809,0.98325,0.96835,0.12799,0.12593,0.746,0.00310861,0.00310861,0.00310861
6963,10532.2,0.2089,0.18799,0.79196,0.94918,0.95645,0.98318,0.96788,0.12812,0.12599,0.74597,0.00310762,0.00310762,0.00310762
6964,10533.7,0.20765,0.18768,0.78657,0.94838,0.95594,0.98163,0.96764,0.12805,0.12593,0.74598,0.00310663,0.00310663,0.00310663
6965,10535.2,0.21012,0.19694,0.79255,0.94563,0.95641,0.98305,0.9693,0.12809,0.12594,0.74597,0.00310564,0.00310564,0.00310564
6966,10536.7,0.21856,0.19161,0.7946,0.94773,0.95774,0.98383,0.96828,0.1281,0.12581,0.74599,0.00310465,0.00310465,0.00310465
6967,10538.2,0.22262,0.20064,0.79037,0.94969,0.95784,0.98397,0.9686,0.12818,0.12616,0.74595,0.00310366,0.00310366,0.00310366
6968,10539.7,0.18603,0.17816,0.78611,0.94972,0.95731,0.9831,0.96783,0.12815,0.12609,0.74596,0.00310267,0.00310267,0.00310267
6969,10541.1,0.22835,0.20135,0.78998,0.95122,0.95816,0.98363,0.96997,0.12811,0.12603,0.74597,0.00310168,0.00310168,0.00310168
6970,10542.6,0.22705,0.19587,0.80299,0.94947,0.95732,0.98449,0.96778,0.12802,0.12599,0.74595,0.00310069,0.00310069,0.00310069
6971,10544.2,0.24256,0.20228,0.79968,0.95066,0.95681,0.98337,0.96925,0.12812,0.12608,0.74595,0.0030997,0.0030997,0.0030997
6972,10545.7,0.21459,0.18607,0.79177,0.95223,0.95882,0.98468,0.97071,0.12814,0.12618,0.7459,0.00309871,0.00309871,0.00309871
6973,10547.2,0.21985,0.19747,0.78606,0.95111,0.95882,0.98404,0.96978,0.12817,0.12609,0.74592,0.00309772,0.00309772,0.00309772
6974,10548.7,0.21054,0.18632,0.78655,0.95063,0.95738,0.984,0.97028,0.12807,0.12591,0.74592,0.00309673,0.00309673,0.00309673
6975,10550.2,0.21665,0.19553,0.79153,0.95072,0.95738,0.98385,0.96959,0.12824,0.12607,0.74591,0.00309574,0.00309574,0.00309574
6976,10551.7,0.20573,0.18712,0.7856,0.9355,0.95697,0.9818,0.96812,0.12817,0.12622,0.74591,0.00309475,0.00309475,0.00309475
6977,10553.2,0.20566,0.19354,0.78375,0.94676,0.9561,0.98263,0.968,0.12826,0.12632,0.7459,0.00309376,0.00309376,0.00309376
6978,10554.7,0.24361,0.21004,0.79652,0.93127,0.9561,0.98165,0.96678,0.12813,0.12604,0.74592,0.00309277,0.00309277,0.00309277
6979,10556.2,0.20356,0.19039,0.78807,0.9434,0.95753,0.98348,0.96865,0.1281,0.12596,0.7459,0.00309178,0.00309178,0.00309178
6980,10557.7,0.22109,0.20266,0.78787,0.93554,0.95896,0.98359,0.96872,0.12805,0.12601,0.74589,0.00309079,0.00309079,0.00309079
6981,10559.2,0.20387,0.19659,0.78996,0.9408,0.95807,0.98309,0.96823,0.12814,0.12622,0.74589,0.0030898,0.0030898,0.0030898
6982,10560.8,0.19222,0.18844,0.7864,0.94789,0.95805,0.984,0.96771,0.12798,0.12608,0.74586,0.00308881,0.00308881,0.00308881
6983,10562.3,0.19721,0.1846,0.7858,0.94966,0.95753,0.98281,0.96707,0.12796,0.12604,0.74586,0.00308782,0.00308782,0.00308782
6984,10563.7,0.20455,0.19069,0.78606,0.94717,0.95752,0.9833,0.96866,0.12796,0.12604,0.74586,0.00308683,0.00308683,0.00308683
6985,10565.2,0.21942,0.19146,0.79859,0.93617,0.95837,0.98364,0.96875,0.12786,0.12613,0.74587,0.00308584,0.00308584,0.00308584
6986,10566.7,0.21305,0.20016,0.78778,0.95147,0.95811,0.98351,0.968,0.1279,0.12606,0.74588,0.00308485,0.00308485,0.00308485
6987,10568.2,0.20654,0.18927,0.78715,0.94969,0.9576,0.98197,0.96829,0.1279,0.12602,0.7459,0.00308386,0.00308386,0.00308386
6988,10569.7,0.21914,0.1968,0.79098,0.94888,0.95846,0.98294,0.96614,0.12795,0.12614,0.74588,0.00308287,0.00308287,0.00308287
6989,10571.2,0.20959,0.18252,0.7915,0.93645,0.95797,0.98299,0.96833,0.12792,0.12584,0.74587,0.00308188,0.00308188,0.00308188
6990,10572.7,0.19409,0.1902,0.7808,0.93282,0.95898,0.98255,0.96634,0.1278,0.12575,0.74588,0.00308089,0.00308089,0.00308089
6991,10574.3,0.1993,0.18138,0.7874,0.93762,0.95846,0.98353,0.96877,0.12792,0.12557,0.74588,0.0030799,0.0030799,0.0030799
6992,10575.8,0.21005,0.19255,0.7917,0.94408,0.95714,0.98293,0.96782,0.12795,0.12578,0.74588,0.00307891,0.00307891,0.00307891
6993,10577.4,0.20824,0.1935,0.79081,0.93934,0.95902,0.98335,0.96853,0.12799,0.12568,0.74592,0.00307792,0.00307792,0.00307792
6994,10579,0.20167,0.18968,0.78791,0.95254,0.95958,0.9839,0.96801,0.12785,0.12567,0.74591,0.00307693,0.00307693,0.00307693
6995,10580.5,0.20694,0.1906,0.78201,0.95007,0.95928,0.98372,0.96868,0.12788,0.12575,0.74593,0.00307594,0.00307594,0.00307594
6996,10581.9,0.2032,0.18615,0.78852,0.95213,0.95955,0.98236,0.96616,0.12777,0.12574,0.74594,0.00307495,0.00307495,0.00307495
6997,10583.4,0.1922,0.18127,0.78237,0.94739,0.95874,0.98263,0.96774,0.12774,0.12558,0.74595,0.00307396,0.00307396,0.00307396
6998,10584.9,0.19422,0.18668,0.78497,0.94964,0.95927,0.98291,0.96859,0.12782,0.12566,0.74594,0.00307297,0.00307297,0.00307297
6999,10586.4,0.19863,0.18742,0.78425,0.94779,0.95838,0.98268,0.96626,0.1279,0.12573,0.74592,0.00307198,0.00307198,0.00307198
7000,10587.9,0.21936,0.1952,0.79806,0.93471,0.95789,0.98157,0.96516,0.12788,0.12572,0.74591,0.00307099,0.00307099,0.00307099
7001,10589.5,0.20654,0.18688,0.7881,0.9342,0.95734,0.98204,0.9673,0.12785,0.12567,0.74591,0.00307,0.00307,0.00307
7002,10591.1,0.18822,0.18041,0.78854,0.9372,0.95971,0.9828,0.9676,0.12792,0.12548,0.74594,0.00306901,0.00306901,0.00306901
7003,10592.7,0.21384,0.19227,0.786,0.93323,0.9579,0.98094,0.96464,0.12782,0.12555,0.74588,0.00306802,0.00306802,0.00306802
7004,10594.2,0.18893,0.17615,0.78742,0.93641,0.95967,0.98365,0.96882,0.1278,0.12544,0.74587,0.00306703,0.00306703,0.00306703
7005,10595.7,0.18237,0.18183,0.78695,0.93525,0.95879,0.98154,0.96699,0.12776,0.12558,0.74586,0.00306604,0.00306604,0.00306604
7006,10597.2,0.19648,0.18277,0.78724,0.93624,0.95877,0.98288,0.96847,0.12771,0.12547,0.74584,0.00306505,0.00306505,0.00306505
7007,10598.7,0.1994,0.18834,0.78377,0.93724,0.9593,0.98337,0.96866,0.12766,0.12532,0.74584,0.00306406,0.00306406,0.00306406
7008,10600.2,0.22316,0.19849,0.7949,0.93498,0.9588,0.98165,0.96659,0.12764,0.12542,0.74582,0.00306307,0.00306307,0.00306307
7009,10601.8,0.19299,0.18001,0.78764,0.93621,0.96022,0.98366,0.96997,0.12759,0.12508,0.74581,0.00306208,0.00306208,0.00306208
7010,10603.2,0.19633,0.18217,0.7906,0.93338,0.95822,0.98276,0.9673,0.12753,0.12525,0.74579,0.00306109,0.00306109,0.00306109
7011,10604.8,0.21412,0.1906,0.79863,0.9351,0.95916,0.98203,0.96588,0.12745,0.1253,0.7458,0.0030601,0.0030601,0.0030601
7012,10606.4,0.21168,0.19008,0.79067,0.93541,0.95924,0.98308,0.96846,0.12752,0.12521,0.7458,0.00305911,0.00305911,0.00305911
7013,10607.9,0.20893,0.1887,0.79306,0.93189,0.95689,0.98192,0.96854,0.12749,0.12527,0.7458,0.00305812,0.00305812,0.00305812
7014,10609.5,0.21326,0.19216,0.79686,0.94995,0.95838,0.98233,0.96709,0.1275,0.12536,0.74577,0.00305713,0.00305713,0.00305713
7015,10611,0.20357,0.18637,0.78973,0.947,0.95772,0.98196,0.96585,0.12751,0.12528,0.74576,0.00305614,0.00305614,0.00305614
7016,10612.5,0.22948,0.19495,0.8002,0.94891,0.95837,0.98212,0.96598,0.12747,0.12521,0.74576,0.00305515,0.00305515,0.00305515
7017,10613.9,0.19898,0.18097,0.79111,0.94926,0.95895,0.98271,0.96677,0.12739,0.12524,0.74576,0.00305416,0.00305416,0.00305416
7018,10615.5,0.20668,0.19133,0.78854,0.94908,0.9574,0.98146,0.96623,0.12739,0.12535,0.74575,0.00305317,0.00305317,0.00305317
7019,10616.9,0.20273,0.18829,0.78835,0.94923,0.95978,0.98364,0.96641,0.12741,0.1254,0.74574,0.00305218,0.00305218,0.00305218
7020,10618.4,0.19584,0.18583,0.78646,0.94981,0.95982,0.98404,0.9686,0.12742,0.12537,0.74574,0.00305119,0.00305119,0.00305119
7021,10620,0.21256,0.18862,0.79201,0.94642,0.95925,0.98324,0.96806,0.12731,0.12538,0.74574,0.0030502,0.0030502,0.0030502
7022,10621.5,0.20919,0.18859,0.79101,0.94297,0.95719,0.98164,0.96488,0.1274,0.12542,0.74575,0.00304921,0.00304921,0.00304921
7023,10623,0.23245,0.1974,0.79286,0.94625,0.95935,0.98332,0.9673,0.12741,0.12536,0.74574,0.00304822,0.00304822,0.00304822
7024,10624.5,0.20309,0.19297,0.78965,0.94663,0.95988,0.98381,0.96671,0.12751,0.1252,0.74575,0.00304723,0.00304723,0.00304723
7025,10626,0.20495,0.18801,0.78965,0.94584,0.95935,0.98266,0.96643,0.12741,0.12533,0.74575,0.00304624,0.00304624,0.00304624
7026,10627.5,0.20723,0.18851,0.79844,0.94473,0.95849,0.98199,0.96573,0.12744,0.12536,0.74575,0.00304525,0.00304525,0.00304525
7027,10629,0.19541,0.18438,0.78264,0.93966,0.95837,0.98192,0.96729,0.1274,0.12537,0.74574,0.00304426,0.00304426,0.00304426
7028,10630.5,0.21195,0.19826,0.79097,0.9406,0.95921,0.9829,0.96579,0.12743,0.12535,0.74573,0.00304327,0.00304327,0.00304327
7029,10631.9,0.19449,0.18316,0.78181,0.9291,0.95679,0.98197,0.96524,0.12752,0.1253,0.74574,0.00304228,0.00304228,0.00304228
7030,10633.5,0.21162,0.19207,0.79512,0.9316,0.95869,0.98404,0.96942,0.12756,0.12519,0.74574,0.00304129,0.00304129,0.00304129
7031,10635.1,0.20769,0.19005,0.79026,0.93066,0.95814,0.98173,0.96637,0.12745,0.12512,0.74575,0.0030403,0.0030403,0.0030403
7032,10636.7,0.20807,0.19422,0.7873,0.9307,0.95762,0.98205,0.96791,0.12758,0.12531,0.74576,0.00303931,0.00303931,0.00303931
7033,10638.2,0.20614,0.18737,0.79633,0.93154,0.95957,0.98259,0.96754,0.12756,0.12517,0.74576,0.00303832,0.00303832,0.00303832
7034,10639.7,0.19459,0.18478,0.78636,0.93406,0.95818,0.98305,0.96782,0.1276,0.12524,0.74575,0.00303733,0.00303733,0.00303733
7035,10641.2,0.21687,0.1962,0.79411,0.94071,0.95861,0.98268,0.96632,0.1275,0.12519,0.74576,0.00303634,0.00303634,0.00303634
7036,10642.7,0.20673,0.18894,0.79217,0.93419,0.9581,0.98354,0.96862,0.12763,0.12531,0.74575,0.00303535,0.00303535,0.00303535
7037,10644.2,0.19873,0.18314,0.78647,0.93167,0.95808,0.98194,0.96557,0.12773,0.12532,0.74575,0.00303436,0.00303436,0.00303436
7038,10645.7,0.21541,0.19657,0.8004,0.93288,0.95672,0.98158,0.96734,0.12775,0.1254,0.74574,0.00303337,0.00303337,0.00303337
7039,10647.2,0.19656,0.1841,0.78796,0.93327,0.95721,0.98263,0.96779,0.12763,0.12509,0.74574,0.00303238,0.00303238,0.00303238
7040,10648.7,0.19457,0.18719,0.78843,0.93381,0.95857,0.98438,0.9697,0.12765,0.12524,0.74573,0.00303139,0.00303139,0.00303139
7041,10650.3,0.20674,0.18811,0.7915,0.93599,0.95892,0.98382,0.96824,0.1277,0.1253,0.74571,0.0030304,0.0030304,0.0030304
7042,10651.9,0.19044,0.18286,0.77672,0.93505,0.95946,0.98476,0.96829,0.12768,0.12544,0.7457,0.00302941,0.00302941,0.00302941
7043,10653.4,0.21403,0.19832,0.78849,0.93102,0.95724,0.98295,0.96924,0.12767,0.12544,0.7457,0.00302842,0.00302842,0.00302842
7044,10654.9,0.22741,0.19613,0.80047,0.93253,0.95724,0.98254,0.96677,0.12757,0.12541,0.7457,0.00302743,0.00302743,0.00302743
7045,10656.4,0.19177,0.17994,0.79019,0.93066,0.95859,0.98252,0.96837,0.12766,0.12543,0.74571,0.00302644,0.00302644,0.00302644
7046,10657.8,0.20639,0.18641,0.79512,0.92812,0.95894,0.98177,0.96853,0.12771,0.1254,0.7457,0.00302545,0.00302545,0.00302545
7047,10659.4,0.20459,0.18754,0.78992,0.9265,0.95673,0.98034,0.9665,0.12781,0.12533,0.74571,0.00302446,0.00302446,0.00302446
7048,10660.9,0.2126,0.19051,0.78997,0.92843,0.95942,0.98246,0.96791,0.12776,0.12559,0.7457,0.00302347,0.00302347,0.00302347
7049,10662.4,0.20764,0.19253,0.79476,0.94232,0.95722,0.98191,0.96649,0.12791,0.12561,0.74571,0.00302248,0.00302248,0.00302248
7050,10663.9,0.20747,0.19111,0.7987,0.94261,0.95813,0.98167,0.96878,0.128,0.12573,0.74571,0.00302149,0.00302149,0.00302149
7051,10665.4,0.20924,0.19001,0.79145,0.94087,0.95814,0.98219,0.96805,0.12797,0.12575,0.7457,0.0030205,0.0030205,0.0030205
7052,10667,0.20063,0.1873,0.78562,0.94032,0.95675,0.98151,0.9656,0.12795,0.1258,0.74571,0.00301951,0.00301951,0.00301951
7053,10668.5,0.19734,0.1831,0.77751,0.93957,0.95673,0.98097,0.96781,0.12802,0.12573,0.7457,0.00301852,0.00301852,0.00301852
7054,10670,0.21639,0.19611,0.79226,0.9384,0.95764,0.98198,0.96911,0.12783,0.12554,0.74571,0.00301753,0.00301753,0.00301753
7055,10671.4,0.20625,0.18282,0.80015,0.94308,0.95815,0.98131,0.96545,0.12785,0.12568,0.74569,0.00301654,0.00301654,0.00301654
7056,10672.9,0.20268,0.18297,0.79411,0.94576,0.95951,0.98357,0.97005,0.12797,0.12565,0.74569,0.00301555,0.00301555,0.00301555
7057,10674.5,0.19648,0.18379,0.78551,0.94498,0.95948,0.98209,0.96658,0.12794,0.12546,0.7457,0.00301456,0.00301456,0.00301456
7058,10676,0.1973,0.18031,0.78736,0.93984,0.9567,0.98157,0.96879,0.12796,0.12566,0.74569,0.00301357,0.00301357,0.00301357
7059,10677.5,0.20361,0.18426,0.79322,0.94299,0.95896,0.98281,0.96852,0.12803,0.12558,0.74568,0.00301258,0.00301258,0.00301258
7060,10679,0.20932,0.19081,0.78612,0.9438,0.95813,0.98119,0.96591,0.12797,0.12556,0.74568,0.00301159,0.00301159,0.00301159
7061,10680.6,0.21465,0.18819,0.79417,0.94324,0.9576,0.98209,0.96788,0.12803,0.12552,0.74567,0.0030106,0.0030106,0.0030106
7062,10682.2,0.21704,0.19149,0.79296,0.92787,0.95761,0.98217,0.96738,0.12808,0.12549,0.74568,0.00300961,0.00300961,0.00300961
7063,10683.7,0.21357,0.19191,0.79143,0.92896,0.95908,0.98236,0.96968,0.1281,0.12539,0.74568,0.00300862,0.00300862,0.00300862
7064,10685.2,0.21434,0.18989,0.7959,0.9266,0.95719,0.98168,0.96674,0.12806,0.12543,0.74569,0.00300763,0.00300763,0.00300763
7065,10686.7,0.22196,0.18853,0.79528,0.92636,0.95771,0.98144,0.96859,0.12813,0.12549,0.74567,0.00300664,0.00300664,0.00300664
7066,10688.2,0.20043,0.17673,0.79772,0.92963,0.95802,0.98211,0.96915,0.12825,0.12554,0.74567,0.00300565,0.00300565,0.00300565
7067,10689.7,0.19666,0.18354,0.78953,0.92781,0.95892,0.98285,0.96695,0.12828,0.12536,0.74567,0.00300466,0.00300466,0.00300466
7068,10691.2,0.21198,0.19038,0.78997,0.93002,0.95799,0.98121,0.9666,0.12836,0.12551,0.74568,0.00300367,0.00300367,0.00300367
7069,10692.8,0.18609,0.17958,0.78662,0.94044,0.95757,0.98036,0.96538,0.12839,0.12534,0.74569,0.00300268,0.00300268,0.00300268
7070,10694.3,0.19927,0.18696,0.78279,0.94775,0.95949,0.98426,0.96944,0.12836,0.12538,0.74568,0.00300169,0.00300169,0.00300169
7071,10695.9,0.2154,0.19501,0.78639,0.94663,0.95855,0.9833,0.96754,0.12851,0.12562,0.74569,0.0030007,0.0030007,0.0030007
7072,10697.5,0.20362,0.18558,0.78823,0.94534,0.95891,0.98433,0.96975,0.12856,0.12545,0.74569,0.00299971,0.00299971,0.00299971
7073,10699,0.22029,0.19541,0.79174,0.94232,0.95755,0.98342,0.96908,0.12861,0.1255,0.7457,0.00299872,0.00299872,0.00299872
7074,10700.5,0.20797,0.18551,0.79209,0.94507,0.95889,0.98431,0.96982,0.12858,0.12534,0.74571,0.00299773,0.00299773,0.00299773
7075,10702,0.19889,0.1903,0.78296,0.94343,0.95846,0.98349,0.96977,0.1286,0.12547,0.74571,0.00299674,0.00299674,0.00299674
7076,10703.5,0.20823,0.18715,0.78716,0.94141,0.95706,0.98331,0.97075,0.12861,0.12542,0.74568,0.00299575,0.00299575,0.00299575
7077,10704.9,0.21542,0.19612,0.78742,0.94352,0.95657,0.98294,0.97015,0.12865,0.12551,0.7457,0.00299476,0.00299476,0.00299476
7078,10706.5,0.17912,0.17526,0.78572,0.94739,0.95904,0.98404,0.9693,0.12864,0.12572,0.7457,0.00299377,0.00299377,0.00299377
7079,10707.9,0.21618,0.19376,0.78605,0.94691,0.95798,0.9831,0.96902,0.12863,0.1257,0.7457,0.00299278,0.00299278,0.00299278
7080,10709.4,0.22341,0.18931,0.79918,0.94734,0.95877,0.98442,0.97008,0.12858,0.12566,0.74568,0.00299179,0.00299179,0.00299179
7081,10711.1,0.20109,0.1894,0.78426,0.94624,0.9564,0.98196,0.96939,0.12863,0.12565,0.74569,0.0029908,0.0029908,0.0029908
7082,10712.7,0.192,0.17568,0.78554,0.94508,0.95641,0.98265,0.96894,0.12857,0.12556,0.74569,0.00298981,0.00298981,0.00298981
7083,10714.2,0.20659,0.18874,0.7984,0.94658,0.95722,0.98299,0.96986,0.12859,0.12557,0.74569,0.00298882,0.00298882,0.00298882
7084,10715.7,0.20903,0.19359,0.79057,0.95028,0.95867,0.98281,0.96909,0.12853,0.12544,0.74569,0.00298783,0.00298783,0.00298783
7085,10717.2,0.2025,0.18807,0.78512,0.94681,0.9564,0.98064,0.96643,0.12858,0.12544,0.74568,0.00298684,0.00298684,0.00298684
7086,10718.6,0.20772,0.1894,0.79047,0.94691,0.95777,0.9827,0.96767,0.12848,0.12547,0.74568,0.00298585,0.00298585,0.00298585
7087,10720.1,0.21452,0.19386,0.79579,0.94696,0.9587,0.98279,0.96762,0.12858,0.12555,0.74569,0.00298486,0.00298486,0.00298486
7088,10721.6,0.21085,0.19311,0.78748,0.9474,0.95633,0.98119,0.96649,0.12849,0.12538,0.74569,0.00298387,0.00298387,0.00298387
7089,10723.1,0.20279,0.18213,0.78814,0.94656,0.95775,0.98238,0.9673,0.1285,0.12531,0.74568,0.00298288,0.00298288,0.00298288
7090,10724.6,0.201,0.18007,0.79156,0.94579,0.95687,0.98128,0.9674,0.12848,0.12525,0.74567,0.00298189,0.00298189,0.00298189
7091,10726.2,0.20942,0.18652,0.79304,0.94667,0.95792,0.98187,0.96894,0.12848,0.12521,0.74569,0.0029809,0.0029809,0.0029809
7092,10727.8,0.21078,0.19519,0.79372,0.94716,0.95737,0.98227,0.96674,0.12849,0.12534,0.74568,0.00297991,0.00297991,0.00297991
7093,10729.3,0.19315,0.18597,0.78529,0.94936,0.95723,0.98291,0.96799,0.12846,0.12544,0.74568,0.00297892,0.00297892,0.00297892
7094,10730.8,0.21947,0.20074,0.78696,0.95043,0.95744,0.98248,0.96722,0.12851,0.12531,0.74567,0.00297793,0.00297793,0.00297793
7095,10732.3,0.19845,0.18147,0.7765,0.94534,0.95644,0.98271,0.96959,0.12857,0.12546,0.74566,0.00297694,0.00297694,0.00297694
7096,10733.8,0.20331,0.18314,0.78883,0.94385,0.95748,0.98254,0.96761,0.12853,0.12549,0.74564,0.00297595,0.00297595,0.00297595
7097,10735.3,0.19818,0.17849,0.79105,0.94962,0.9594,0.98309,0.96855,0.1285,0.12545,0.74563,0.00297496,0.00297496,0.00297496
7098,10736.8,0.20211,0.18473,0.78551,0.94764,0.95695,0.98275,0.969,0.12854,0.12531,0.74562,0.00297397,0.00297397,0.00297397
7099,10738.4,0.20629,0.18873,0.78991,0.94495,0.95715,0.98195,0.96567,0.12848,0.12562,0.74561,0.00297298,0.00297298,0.00297298
7100,10739.9,0.20518,0.18794,0.7853,0.94642,0.95664,0.98173,0.96559,0.12842,0.12552,0.74563,0.00297199,0.00297199,0.00297199
7101,10741.6,0.20759,0.18989,0.79386,0.94908,0.95664,0.98076,0.96581,0.12839,0.12534,0.74559,0.002971,0.002971,0.002971
7102,10743.1,0.22713,0.1949,0.80362,0.94688,0.95726,0.98235,0.96768,0.12851,0.12554,0.7456,0.00297001,0.00297001,0.00297001
7103,10744.6,0.19009,0.18024,0.78537,0.94823,0.9567,0.98219,0.96884,0.12847,0.12569,0.74558,0.00296902,0.00296902,0.00296902
7104,10746.1,0.21366,0.19957,0.7926,0.95233,0.95769,0.98319,0.9685,0.12842,0.12579,0.74557,0.00296803,0.00296803,0.00296803
7105,10747.6,0.20878,0.19231,0.79125,0.95063,0.95733,0.98266,0.96879,0.12848,0.12565,0.74554,0.00296704,0.00296704,0.00296704
7106,10749.1,0.20096,0.19416,0.77769,0.95209,0.95827,0.98362,0.9687,0.12846,0.12581,0.74555,0.00296605,0.00296605,0.00296605
7107,10750.6,0.20679,0.19373,0.78765,0.95135,0.95978,0.9825,0.96844,0.12842,0.12592,0.74558,0.00296506,0.00296506,0.00296506
7108,10752.2,0.20537,0.19239,0.78494,0.94687,0.9583,0.98262,0.96727,0.12845,0.12581,0.74556,0.00296407,0.00296407,0.00296407
7109,10753.7,0.19316,0.18853,0.78602,0.94398,0.95922,0.98249,0.96797,0.12846,0.12591,0.74556,0.00296308,0.00296308,0.00296308
7110,10755.2,0.21024,0.19371,0.79158,0.94359,0.95803,0.9823,0.96763,0.1284,0.12584,0.74556,0.00296209,0.00296209,0.00296209
7111,10756.8,0.21497,0.18983,0.78804,0.94262,0.9593,0.98341,0.96834,0.12844,0.12589,0.74556,0.0029611,0.0029611,0.0029611
7112,10758.3,0.20521,0.18896,0.7986,0.94508,0.95922,0.98312,0.96733,0.1285,0.12582,0.74558,0.00296011,0.00296011,0.00296011
7113,10759.8,0.19654,0.19,0.78872,0.94484,0.95894,0.98354,0.97036,0.12852,0.12584,0.74553,0.00295912,0.00295912,0.00295912
7114,10761.3,0.18983,0.1838,0.78729,0.94606,0.95864,0.98324,0.97016,0.12845,0.12586,0.74555,0.00295813,0.00295813,0.00295813
7115,10762.8,0.20151,0.18495,0.79123,0.94414,0.95735,0.98267,0.96659,0.12856,0.12608,0.74554,0.00295714,0.00295714,0.00295714
7116,10764.2,0.20414,0.18602,0.78802,0.94606,0.95917,0.98318,0.96733,0.12855,0.12603,0.74552,0.00295615,0.00295615,0.00295615
7117,10765.7,0.20796,0.19014,0.78851,0.94411,0.95677,0.98211,0.96603,0.12853,0.12602,0.74552,0.00295516,0.00295516,0.00295516
7118,10767.2,0.20253,0.18792,0.78692,0.94699,0.95962,0.98242,0.96718,0.12852,0.12614,0.74554,0.00295417,0.00295417,0.00295417
7119,10768.7,0.23541,0.19897,0.79662,0.94639,0.95818,0.98292,0.96681,0.1285,0.12615,0.74552,0.00295318,0.00295318,0.00295318
7120,10770.3,0.21782,0.19167,0.79257,0.9442,0.95734,0.98219,0.96728,0.12863,0.12598,0.74549,0.00295219,0.00295219,0.00295219
7121,10771.9,0.22543,0.18557,0.80374,0.94492,0.95775,0.98166,0.9668,0.12865,0.12613,0.7455,0.0029512,0.0029512,0.0029512
7122,10773.4,0.21373,0.19126,0.79177,0.95191,0.95975,0.98302,0.96742,0.12868,0.12606,0.74549,0.00295021,0.00295021,0.00295021
7123,10775,0.20558,0.19034,0.79418,0.94827,0.9592,0.98322,0.96754,0.12867,0.12598,0.74549,0.00294922,0.00294922,0.00294922
7124,10776.5,0.20794,0.18982,0.79511,0.94848,0.95776,0.98227,0.96699,0.12875,0.12608,0.74548,0.00294823,0.00294823,0.00294823
7125,10778,0.21407,0.19321,0.79821,0.94628,0.9584,0.98292,0.9676,0.12876,0.12632,0.7455,0.00294724,0.00294724,0.00294724
7126,10779.6,0.20789,0.19497,0.78571,0.94642,0.95827,0.98151,0.96793,0.12879,0.12613,0.74547,0.00294625,0.00294625,0.00294625
7127,10781,0.19707,0.18849,0.7892,0.94568,0.95739,0.98175,0.96562,0.12889,0.12605,0.74549,0.00294526,0.00294526,0.00294526
7128,10782.5,0.20497,0.18885,0.79263,0.94392,0.95692,0.98181,0.96732,0.12887,0.12638,0.74549,0.00294427,0.00294427,0.00294427
7129,10784.1,0.21252,0.19454,0.79107,0.94711,0.95925,0.98311,0.96853,0.12893,0.12623,0.74551,0.00294328,0.00294328,0.00294328
7130,10785.6,0.20685,0.19517,0.78853,0.94405,0.95696,0.98072,0.96629,0.12898,0.12622,0.74552,0.00294229,0.00294229,0.00294229
7131,10787.2,0.19872,0.19021,0.78738,0.94497,0.95749,0.98195,0.96588,0.129,0.12623,0.74553,0.0029413,0.0029413,0.0029413
7132,10788.8,0.21722,0.19027,0.79182,0.94674,0.95828,0.98208,0.96659,0.12903,0.12622,0.74553,0.00294031,0.00294031,0.00294031
7133,10790.3,0.20602,0.19503,0.78678,0.93591,0.95934,0.98335,0.96872,0.12894,0.1262,0.74554,0.00293932,0.00293932,0.00293932
7134,10791.8,0.1908,0.18223,0.785,0.94597,0.95702,0.98033,0.9646,0.129,0.12637,0.74552,0.00293833,0.00293833,0.00293833
7135,10793.3,0.23078,0.196,0.80443,0.9335,0.95864,0.98289,0.968,0.12907,0.12638,0.74554,0.00293734,0.00293734,0.00293734
7136,10794.8,0.21062,0.19052,0.79377,0.93298,0.95917,0.98218,0.96841,0.12913,0.12655,0.74555,0.00293635,0.00293635,0.00293635
7137,10796.3,0.21059,0.19554,0.78136,0.93615,0.95842,0.98153,0.96483,0.12915,0.12631,0.74555,0.00293536,0.00293536,0.00293536
7138,10797.9,0.20587,0.18655,0.79557,0.93523,0.9578,0.98109,0.96718,0.12926,0.12627,0.74554,0.00293437,0.00293437,0.00293437
7139,10799.3,0.20249,0.18711,0.78729,0.93584,0.95766,0.98252,0.96625,0.12934,0.12628,0.74553,0.00293338,0.00293338,0.00293338
7140,10800.9,0.19632,0.18629,0.7857,0.93746,0.95889,0.98261,0.96681,0.12941,0.12638,0.74554,0.00293239,0.00293239,0.00293239
7141,10802.4,0.18327,0.17294,0.78166,0.93789,0.95936,0.98267,0.96636,0.12935,0.12629,0.74555,0.0029314,0.0029314,0.0029314
7142,10803.9,0.21931,0.18597,0.79257,0.93527,0.95731,0.98256,0.96599,0.12931,0.12621,0.74553,0.00293041,0.00293041,0.00293041
7143,10805.4,0.2131,0.19288,0.7874,0.93579,0.95822,0.98374,0.96936,0.12926,0.12625,0.74553,0.00292942,0.00292942,0.00292942
7144,10807,0.21061,0.19629,0.78953,0.93692,0.95821,0.98342,0.96978,0.1293,0.12621,0.74554,0.00292843,0.00292843,0.00292843
7145,10808.5,0.20004,0.19057,0.7851,0.93972,0.95818,0.98321,0.96827,0.12929,0.12623,0.74554,0.00292744,0.00292744,0.00292744
7146,10810,0.20236,0.18866,0.78808,0.9399,0.95762,0.98256,0.96755,0.12934,0.12611,0.74555,0.00292645,0.00292645,0.00292645
7147,10811.5,0.20041,0.18827,0.78666,0.94263,0.96013,0.98484,0.9688,0.12925,0.12604,0.74555,0.00292546,0.00292546,0.00292546
7148,10813,0.2051,0.18677,0.79073,0.93905,0.95782,0.98396,0.9682,0.12942,0.12584,0.74558,0.00292447,0.00292447,0.00292447
7149,10814.6,0.20962,0.1848,0.78761,0.93459,0.95783,0.9825,0.96876,0.12939,0.12594,0.74557,0.00292348,0.00292348,0.00292348
7150,10816.2,0.20968,0.19055,0.79671,0.93875,0.95914,0.98438,0.96802,0.12943,0.12603,0.74557,0.00292249,0.00292249,0.00292249
7151,10817.8,0.22673,0.19553,0.79752,0.93506,0.95789,0.98213,0.96615,0.1295,0.12598,0.74557,0.0029215,0.0029215,0.0029215
7152,10819.3,0.19285,0.18262,0.78911,0.94516,0.95697,0.98253,0.96956,0.12936,0.12618,0.74558,0.00292051,0.00292051,0.00292051
7153,10820.8,0.20021,0.18466,0.78962,0.93727,0.95795,0.98317,0.96994,0.12931,0.12617,0.74555,0.00291952,0.00291952,0.00291952
7154,10822.3,0.20554,0.1911,0.78445,0.94887,0.95661,0.98172,0.96861,0.12937,0.12635,0.74557,0.00291853,0.00291853,0.00291853
7155,10823.8,0.21129,0.19071,0.79072,0.95149,0.95833,0.98363,0.969,0.12937,0.12609,0.74558,0.00291754,0.00291754,0.00291754
7156,10825.3,0.19645,0.18089,0.78898,0.93732,0.95879,0.98366,0.96946,0.12925,0.12627,0.74556,0.00291655,0.00291655,0.00291655
7157,10826.8,0.19308,0.18138,0.78278,0.94116,0.95882,0.98276,0.96967,0.12928,0.1261,0.74557,0.00291556,0.00291556,0.00291556
7158,10828.2,0.20708,0.19092,0.7966,0.93707,0.95884,0.98389,0.96953,0.12922,0.12588,0.74556,0.00291457,0.00291457,0.00291457
7159,10829.7,0.2105,0.19026,0.79429,0.93209,0.95679,0.98102,0.96678,0.12908,0.1259,0.74554,0.00291358,0.00291358,0.00291358
7160,10831.3,0.19746,0.18092,0.78606,0.93422,0.95793,0.98275,0.96765,0.12913,0.12593,0.74556,0.00291259,0.00291259,0.00291259
7161,10832.8,0.20147,0.18663,0.78415,0.93453,0.95714,0.98336,0.96892,0.1292,0.12591,0.74557,0.0029116,0.0029116,0.0029116
7162,10834.3,0.20274,0.18523,0.78491,0.93409,0.95789,0.98346,0.96769,0.12904,0.12567,0.74554,0.00291061,0.00291061,0.00291061
7163,10835.8,0.19904,0.19083,0.78895,0.93314,0.95628,0.98226,0.96567,0.12914,0.12583,0.74555,0.00290962,0.00290962,0.00290962
7164,10837.3,0.21982,0.19415,0.79041,0.93305,0.95652,0.98243,0.96612,0.12913,0.12578,0.74558,0.00290863,0.00290863,0.00290863
7165,10838.8,0.19031,0.18097,0.78794,0.9334,0.95651,0.98239,0.96737,0.12917,0.12598,0.74555,0.00290764,0.00290764,0.00290764
7166,10840.3,0.21022,0.19273,0.78556,0.93437,0.95656,0.98169,0.96787,0.1291,0.12597,0.74557,0.00290665,0.00290665,0.00290665
7167,10841.8,0.2022,0.19084,0.78685,0.93583,0.95855,0.9828,0.96645,0.12918,0.12606,0.74558,0.00290566,0.00290566,0.00290566
7168,10843.2,0.20038,0.18125,0.78927,0.93433,0.95711,0.98301,0.96874,0.12914,0.12599,0.74555,0.00290467,0.00290467,0.00290467
7169,10844.7,0.21672,0.18993,0.79008,0.93502,0.95769,0.98313,0.96712,0.12904,0.12594,0.74555,0.00290368,0.00290368,0.00290368
7170,10846.3,0.20381,0.18791,0.79278,0.93344,0.95649,0.98288,0.96766,0.12911,0.12585,0.74556,0.00290269,0.00290269,0.00290269
7171,10847.8,0.19243,0.18151,0.79224,0.95111,0.957,0.98245,0.96763,0.12921,0.12595,0.74555,0.0029017,0.0029017,0.0029017
7172,10849.3,0.19748,0.18008,0.78764,0.9523,0.96031,0.98267,0.9682,0.12927,0.12585,0.74556,0.00290071,0.00290071,0.00290071
7173,10850.8,0.21538,0.19322,0.7884,0.95047,0.95905,0.98355,0.96761,0.1293,0.12589,0.74554,0.00289972,0.00289972,0.00289972
7174,10852.4,0.20399,0.19067,0.79274,0.95337,0.95703,0.98326,0.96847,0.12933,0.12595,0.74556,0.00289873,0.00289873,0.00289873
7175,10853.9,0.20174,0.19069,0.78306,0.94792,0.95484,0.9833,0.96876,0.12929,0.126,0.74554,0.00289774,0.00289774,0.00289774
7176,10855.3,0.20966,0.18939,0.78947,0.94953,0.9547,0.98237,0.96868,0.12934,0.12598,0.74555,0.00289675,0.00289675,0.00289675
7177,10856.8,0.21556,0.18775,0.79171,0.94951,0.95904,0.984,0.97072,0.12947,0.12586,0.74554,0.00289576,0.00289576,0.00289576
7178,10858.3,0.2012,0.18351,0.78658,0.94899,0.95712,0.98314,0.96876,0.12955,0.12606,0.74553,0.00289477,0.00289477,0.00289477
7179,10859.8,0.21362,0.19165,0.78909,0.95193,0.95887,0.98329,0.96814,0.1295,0.1259,0.74554,0.00289378,0.00289378,0.00289378
7180,10861.4,0.18978,0.18311,0.78541,0.95044,0.95551,0.98162,0.96848,0.12938,0.12578,0.74553,0.00289279,0.00289279,0.00289279
7181,10862.9,0.21222,0.18578,0.80102,0.9529,0.95922,0.98318,0.96899,0.12939,0.12582,0.74554,0.0028918,0.0028918,0.0028918
7182,10864.4,0.20482,0.1883,0.79612,0.95099,0.956,0.9826,0.96721,0.12942,0.12599,0.74554,0.00289081,0.00289081,0.00289081
7183,10865.9,0.20136,0.18564,0.79742,0.95316,0.95499,0.98123,0.96627,0.12948,0.12595,0.74551,0.00288982,0.00288982,0.00288982
7184,10867.4,0.20044,0.18823,0.78958,0.95132,0.95663,0.98227,0.96771,0.12952,0.12591,0.74553,0.00288883,0.00288883,0.00288883
7185,10868.8,0.227,0.19683,0.79504,0.95291,0.9558,0.98247,0.96824,0.12935,0.12594,0.74554,0.00288784,0.00288784,0.00288784
7186,10870.4,0.26519,0.21782,0.80482,0.95369,0.95639,0.98287,0.96908,0.12936,0.12584,0.74552,0.00288685,0.00288685,0.00288685
7187,10871.9,0.22115,0.20294,0.79225,0.95159,0.9565,0.9832,0.96722,0.12934,0.12593,0.7455,0.00288586,0.00288586,0.00288586
7188,10873.3,0.201,0.19265,0.78517,0.95375,0.9576,0.98392,0.97008,0.12933,0.12603,0.74549,0.00288487,0.00288487,0.00288487
7189,10874.8,0.19751,0.18698,0.78955,0.95251,0.95592,0.98263,0.96829,0.12936,0.12591,0.74549,0.00288388,0.00288388,0.00288388
7190,10876.4,0.20495,0.19361,0.78996,0.95402,0.95732,0.98329,0.96943,0.12935,0.12578,0.7455,0.00288289,0.00288289,0.00288289
7191,10877.9,0.19626,0.19108,0.78446,0.95378,0.95848,0.98227,0.96774,0.12928,0.12597,0.74551,0.0028819,0.0028819,0.0028819
7192,10879.5,0.19957,0.19079,0.78732,0.9553,0.95655,0.98238,0.96678,0.12923,0.12599,0.74549,0.00288091,0.00288091,0.00288091
7193,10881,0.20234,0.18636,0.78801,0.95409,0.95831,0.9832,0.96935,0.12928,0.126,0.74548,0.00287992,0.00287992,0.00287992
7194,10882.5,0.19047,0.18873,0.78357,0.95327,0.95506,0.98219,0.96729,0.12929,0.12593,0.74551,0.00287893,0.00287893,0.00287893
7195,10884,0.19584,0.18849,0.79149,0.95155,0.95691,0.98338,0.96782,0.12932,0.12596,0.7455,0.00287794,0.00287794,0.00287794
7196,10885.5,0.20716,0.18801,0.79341,0.95343,0.95866,0.98341,0.96846,0.1293,0.12599,0.74552,0.00287695,0.00287695,0.00287695
7197,10886.9,0.21058,0.18774,0.78853,0.95007,0.95791,0.98236,0.96865,0.12931,0.12594,0.7455,0.00287596,0.00287596,0.00287596
7198,10888.4,0.19576,0.18114,0.7872,0.94993,0.95782,0.98339,0.96847,0.12933,0.12619,0.74549,0.00287497,0.00287497,0.00287497
7199,10889.9,0.20884,0.1911,0.79265,0.95134,0.95525,0.98216,0.96626,0.12948,0.12601,0.74549,0.00287398,0.00287398,0.00287398
7200,10891.5,0.19036,0.18956,0.7846,0.95163,0.95698,0.9828,0.96954,0.12939,0.12598,0.74552,0.00287299,0.00287299,0.00287299
7201,10893.2,0.21804,0.19699,0.79656,0.95141,0.95608,0.98062,0.96518,0.12954,0.12609,0.7455,0.002872,0.002872,0.002872
7202,10894.7,0.21101,0.19561,0.78272,0.95267,0.95683,0.98243,0.96722,0.12955,0.12604,0.74552,0.00287101,0.00287101,0.00287101
7203,10896.2,0.20739,0.19145,0.78724,0.95129,0.95682,0.9821,0.96574,0.12955,0.12609,0.74551,0.00287002,0.00287002,0.00287002
7204,10897.7,0.22356,0.2027,0.79173,0.95348,0.95667,0.98224,0.9676,0.12943,0.12571,0.74551,0.00286903,0.00286903,0.00286903
7205,10899.2,0.19324,0.18744,0.78181,0.95388,0.95765,0.98191,0.96786,0.12951,0.12559,0.74549,0.00286804,0.00286804,0.00286804
7206,10900.7,0.1994,0.18729,0.78852,0.95029,0.95683,0.98119,0.96624,0.12951,0.12559,0.7455,0.00286705,0.00286705,0.00286705
7207,10902.2,0.2167,0.19313,0.79092,0.95105,0.95938,0.98297,0.96668,0.12958,0.12586,0.74548,0.00286606,0.00286606,0.00286606
7208,10903.7,0.2067,0.1884,0.79049,0.9516,0.95624,0.98127,0.96514,0.1296,0.1258,0.74547,0.00286507,0.00286507,0.00286507
7209,10905.2,0.20554,0.19561,0.78933,0.95052,0.95688,0.9814,0.96648,0.12964,0.1258,0.74548,0.00286408,0.00286408,0.00286408
7210,10906.7,0.21392,0.19079,0.79053,0.94768,0.95775,0.98122,0.96783,0.1296,0.12587,0.74546,0.00286309,0.00286309,0.00286309
7211,10908.3,0.20255,0.18872,0.78294,0.95138,0.95676,0.98058,0.96611,0.12969,0.12571,0.74546,0.0028621,0.0028621,0.0028621
7212,10909.8,0.21579,0.19095,0.79083,0.95072,0.95849,0.98204,0.96742,0.12962,0.12567,0.74549,0.00286111,0.00286111,0.00286111
7213,10911.4,0.21486,0.19498,0.79191,0.94967,0.95583,0.98193,0.96852,0.12971,0.12573,0.74545,0.00286012,0.00286012,0.00286012
7214,10912.8,0.18393,0.17987,0.78647,0.94932,0.95696,0.98109,0.96637,0.12975,0.12573,0.74546,0.00285913,0.00285913,0.00285913
7215,10914.4,0.2154,0.19106,0.78885,0.94935,0.95732,0.98245,0.96733,0.12985,0.12554,0.74548,0.00285814,0.00285814,0.00285814
7216,10915.9,0.19269,0.17783,0.7904,0.9514,0.95736,0.98195,0.96566,0.12982,0.12586,0.74548,0.00285715,0.00285715,0.00285715
7217,10917.4,0.21587,0.19427,0.79114,0.95002,0.95887,0.98187,0.9684,0.12984,0.12566,0.74548,0.00285616,0.00285616,0.00285616
7218,10918.9,0.19913,0.18372,0.79284,0.94906,0.95888,0.98242,0.96824,0.12993,0.12558,0.74551,0.00285517,0.00285517,0.00285517
7219,10920.5,0.20625,0.18901,0.78917,0.94905,0.95807,0.98226,0.96719,0.12983,0.12579,0.7455,0.00285418,0.00285418,0.00285418
7220,10922.1,0.21663,0.19555,0.79103,0.95032,0.95813,0.98288,0.96648,0.12984,0.12578,0.74552,0.00285319,0.00285319,0.00285319
7221,10923.7,0.19974,0.182,0.78883,0.95015,0.95606,0.98125,0.96762,0.12987,0.12568,0.74553,0.0028522,0.0028522,0.0028522
7222,10925.2,0.21765,0.19056,0.79615,0.94905,0.95595,0.98057,0.9668,0.12989,0.12568,0.74552,0.00285121,0.00285121,0.00285121
7223,10926.7,0.21377,0.18624,0.79501,0.95172,0.95678,0.98249,0.96622,0.12981,0.12586,0.74552,0.00285022,0.00285022,0.00285022
7224,10928.2,0.19941,0.17894,0.79255,0.94974,0.95894,0.9821,0.96606,0.12986,0.12576,0.74553,0.00284923,0.00284923,0.00284923
7225,10929.7,0.2048,0.18225,0.78381,0.94913,0.956,0.98203,0.96659,0.12998,0.12577,0.74553,0.00284824,0.00284824,0.00284824
7226,10931.2,0.20661,0.18991,0.78579,0.95129,0.95963,0.98318,0.96679,0.12992,0.12595,0.74555,0.00284725,0.00284725,0.00284725
7227,10932.7,0.19987,0.18072,0.78855,0.9483,0.95792,0.98271,0.96771,0.12994,0.12601,0.74557,0.00284626,0.00284626,0.00284626
7228,10934.3,0.20511,0.18798,0.7851,0.95298,0.95972,0.98352,0.96911,0.13,0.12589,0.74557,0.00284527,0.00284527,0.00284527
7229,10935.7,0.21529,0.19131,0.79991,0.94584,0.95732,0.98188,0.96756,0.12998,0.12601,0.74557,0.00284428,0.00284428,0.00284428
7230,10937.3,0.19898,0.1858,0.78418,0.94579,0.95771,0.98187,0.96799,0.12999,0.12599,0.74559,0.00284329,0.00284329,0.00284329
7231,10938.9,0.2011,0.19123,0.78524,0.94593,0.95825,0.98229,0.96773,0.13004,0.12588,0.74553,0.0028423,0.0028423,0.0028423
7232,10940.4,0.20566,0.18696,0.79209,0.94425,0.95719,0.98202,0.96739,0.12994,0.12594,0.74556,0.00284131,0.00284131,0.00284131
7233,10941.9,0.20493,0.18933,0.78281,0.94533,0.95921,0.98259,0.9696,0.12999,0.1261,0.74556,0.00284032,0.00284032,0.00284032
7234,10943.4,0.2043,0.18743,0.78484,0.94433,0.95738,0.98201,0.96841,0.1301,0.126,0.74557,0.00283933,0.00283933,0.00283933
7235,10944.9,0.18593,0.17703,0.79101,0.94705,0.956,0.98262,0.9682,0.13008,0.12604,0.74559,0.00283834,0.00283834,0.00283834
7236,10946.4,0.21224,0.20105,0.78597,0.94423,0.95622,0.98088,0.96564,0.13015,0.12623,0.74557,0.00283735,0.00283735,0.00283735
7237,10947.9,0.21322,0.19392,0.79392,0.94306,0.95793,0.98118,0.96687,0.13008,0.12608,0.74559,0.00283636,0.00283636,0.00283636
7238,10949.3,0.19872,0.18896,0.78917,0.94439,0.95885,0.98236,0.96788,0.13005,0.12602,0.7456,0.00283537,0.00283537,0.00283537
7239,10950.8,0.20352,0.18924,0.7863,0.94383,0.95602,0.98008,0.96508,0.13003,0.12599,0.7456,0.00283438,0.00283438,0.00283438
7240,10952.4,0.19696,0.18707,0.78778,0.9439,0.95907,0.98221,0.9694,0.13005,0.12593,0.74559,0.00283339,0.00283339,0.00283339
7241,10953.9,0.20944,0.18496,0.79665,0.94324,0.95692,0.98204,0.96684,0.13009,0.12596,0.74557,0.0028324,0.0028324,0.0028324
7242,10955.4,0.19588,0.18421,0.78963,0.94328,0.95875,0.98161,0.96865,0.13009,0.12611,0.7456,0.00283141,0.00283141,0.00283141
7243,10957,0.2096,0.18628,0.79076,0.94329,0.95639,0.98132,0.96657,0.13008,0.12596,0.7456,0.00283042,0.00283042,0.00283042
7244,10958.5,0.20747,0.18817,0.7932,0.94407,0.95547,0.98147,0.9665,0.13012,0.12594,0.7456,0.00282943,0.00282943,0.00282943
7245,10959.9,0.18929,0.18093,0.78562,0.94419,0.95619,0.98202,0.96838,0.13014,0.12599,0.74558,0.00282844,0.00282844,0.00282844
7246,10961.5,0.18266,0.17325,0.78334,0.94567,0.95756,0.98202,0.96828,0.13012,0.12603,0.74559,0.00282745,0.00282745,0.00282745
7247,10963.1,0.20097,0.18054,0.7806,0.94511,0.95568,0.9822,0.96792,0.13006,0.1258,0.74559,0.00282646,0.00282646,0.00282646
7248,10964.6,0.20943,0.18992,0.79482,0.94459,0.95632,0.98339,0.96837,0.13006,0.1258,0.7456,0.00282547,0.00282547,0.00282547
7249,10966.1,0.22077,0.19374,0.79221,0.94367,0.95501,0.98139,0.96796,0.13003,0.12573,0.7456,0.00282448,0.00282448,0.00282448
7250,10967.9,0.20213,0.18553,0.78996,0.94322,0.95577,0.98173,0.96826,0.12999,0.12581,0.7456,0.00282349,0.00282349,0.00282349
7251,10969.5,0.21249,0.19421,0.79277,0.94481,0.95886,0.98209,0.96713,0.13004,0.12589,0.74561,0.0028225,0.0028225,0.0028225
7252,10971,0.19415,0.18394,0.78431,0.94626,0.95806,0.98127,0.96653,0.13003,0.12595,0.74559,0.00282151,0.00282151,0.00282151
7253,10972.6,0.19358,0.1855,0.79117,0.94254,0.95528,0.9813,0.96495,0.12999,0.12612,0.74558,0.00282052,0.00282052,0.00282052
7254,10974.1,0.20255,0.18708,0.79087,0.94734,0.95827,0.98295,0.96885,0.13001,0.12592,0.74561,0.00281953,0.00281953,0.00281953
7255,10975.5,0.20429,0.18626,0.79283,0.94549,0.95542,0.98114,0.96641,0.13,0.12584,0.74558,0.00281854,0.00281854,0.00281854
7256,10977.1,0.22428,0.2,0.79902,0.94492,0.95533,0.98009,0.96515,0.13003,0.12573,0.7456,0.00281755,0.00281755,0.00281755
7257,10978.6,0.1974,0.18708,0.78568,0.94552,0.95756,0.98196,0.96698,0.13,0.1259,0.7456,0.00281656,0.00281656,0.00281656
7258,10980.1,0.2079,0.19314,0.79251,0.94357,0.95845,0.98259,0.96828,0.12989,0.12578,0.74559,0.00281557,0.00281557,0.00281557
7259,10981.7,0.18575,0.18246,0.78545,0.94426,0.95719,0.98204,0.96726,0.12992,0.12586,0.74559,0.00281458,0.00281458,0.00281458
7260,10983.3,0.20245,0.19325,0.78734,0.94501,0.95646,0.98147,0.96679,0.12992,0.12595,0.7456,0.00281359,0.00281359,0.00281359
7261,10984.9,0.19835,0.19114,0.78935,0.94434,0.95628,0.9813,0.96613,0.12987,0.12599,0.7456,0.0028126,0.0028126,0.0028126
7262,10986.4,0.20141,0.1856,0.79992,0.94297,0.9593,0.9819,0.96842,0.12988,0.12573,0.7456,0.00281161,0.00281161,0.00281161
7263,10987.9,0.21125,0.19386,0.79194,0.94419,0.95998,0.98259,0.96655,0.12984,0.126,0.74558,0.00281062,0.00281062,0.00281062
7264,10989.4,0.19297,0.18319,0.78393,0.94565,0.95665,0.98254,0.96921,0.12998,0.12596,0.74558,0.00280963,0.00280963,0.00280963
7265,10990.9,0.20205,0.18291,0.78482,0.94781,0.95648,0.98161,0.96668,0.12998,0.12594,0.7456,0.00280864,0.00280864,0.00280864
7266,10992.3,0.20088,0.19256,0.78956,0.94536,0.95642,0.98133,0.96616,0.1299,0.12592,0.74559,0.00280765,0.00280765,0.00280765
7267,10993.8,0.19966,0.18808,0.78999,0.94687,0.95557,0.98174,0.96844,0.12999,0.12579,0.74559,0.00280666,0.00280666,0.00280666
7268,10995.3,0.19567,0.18606,0.78262,0.94565,0.95591,0.98164,0.96615,0.1299,0.12583,0.74556,0.00280567,0.00280567,0.00280567
7269,10996.9,0.19719,0.17936,0.78387,0.94353,0.95586,0.98202,0.96766,0.12984,0.12572,0.74556,0.00280468,0.00280468,0.00280468
7270,10998.5,0.19221,0.17616,0.78564,0.94865,0.9583,0.98179,0.96696,0.12984,0.12585,0.74554,0.00280369,0.00280369,0.00280369
7271,11000,0.19242,0.18693,0.7828,0.94754,0.95516,0.98116,0.96688,0.12994,0.1258,0.74554,0.0028027,0.0028027,0.0028027
7272,11001.5,0.21856,0.19294,0.79753,0.94925,0.95863,0.98268,0.96841,0.1299,0.12558,0.74556,0.00280171,0.00280171,0.00280171
7273,11003,0.20878,0.19727,0.7907,0.94627,0.95848,0.98192,0.9688,0.12993,0.1257,0.74555,0.00280072,0.00280072,0.00280072
7274,11004.5,0.21415,0.19798,0.79246,0.94593,0.95758,0.98206,0.96881,0.12989,0.12562,0.74553,0.00279973,0.00279973,0.00279973
7275,11006,0.20675,0.19074,0.79103,0.94793,0.95557,0.98167,0.96893,0.12989,0.12576,0.74555,0.00279874,0.00279874,0.00279874
7276,11007.5,0.19932,0.18872,0.78854,0.94846,0.95902,0.98216,0.96839,0.12985,0.12582,0.74551,0.00279775,0.00279775,0.00279775
7277,11008.9,0.19773,0.17975,0.78719,0.94777,0.95658,0.98259,0.96846,0.12987,0.12593,0.74552,0.00279676,0.00279676,0.00279676
7278,11010.4,0.2097,0.18618,0.79191,0.94461,0.95673,0.98079,0.9664,0.1299,0.12587,0.74552,0.00279577,0.00279577,0.00279577
7279,11012,0.20123,0.18422,0.78919,0.94466,0.95683,0.98118,0.9663,0.12991,0.1257,0.74547,0.00279478,0.00279478,0.00279478
7280,11013.6,0.19968,0.18913,0.79118,0.94558,0.95791,0.98148,0.96808,0.12981,0.12586,0.74546,0.00279379,0.00279379,0.00279379
7281,11015.1,0.20813,0.18573,0.79686,0.94361,0.95909,0.98207,0.96875,0.12989,0.12575,0.74546,0.0027928,0.0027928,0.0027928
7282,11016.6,0.20752,0.18904,0.79051,0.94526,0.95721,0.98234,0.96739,0.12985,0.12592,0.74546,0.00279181,0.00279181,0.00279181
7283,11018.1,0.19204,0.18065,0.79148,0.9432,0.95555,0.98035,0.96527,0.12984,0.12585,0.74545,0.00279082,0.00279082,0.00279082
7284,11019.7,0.20238,0.18399,0.79588,0.94362,0.9557,0.98098,0.96759,0.12985,0.12568,0.74545,0.00278983,0.00278983,0.00278983
7285,11021.1,0.20489,0.19055,0.78589,0.94393,0.9561,0.98148,0.96643,0.12985,0.12568,0.74541,0.00278884,0.00278884,0.00278884
7286,11022.7,0.19764,0.19102,0.7912,0.94436,0.95505,0.98004,0.9636,0.12983,0.12595,0.74542,0.00278785,0.00278785,0.00278785
7287,11024.1,0.20933,0.18808,0.7886,0.94349,0.95686,0.98046,0.9656,0.12991,0.12608,0.74541,0.00278686,0.00278686,0.00278686
7288,11025.7,0.2052,0.18455,0.78792,0.94608,0.95542,0.98157,0.96528,0.12993,0.12608,0.74542,0.00278587,0.00278587,0.00278587
7289,11027.2,0.20891,0.1904,0.79422,0.94697,0.95844,0.98333,0.96787,0.12992,0.12602,0.74542,0.00278488,0.00278488,0.00278488
7290,11028.8,0.19341,0.19114,0.78808,0.94605,0.95791,0.98249,0.96739,0.1299,0.12607,0.7454,0.00278389,0.00278389,0.00278389
7291,11030.3,0.20283,0.19026,0.79329,0.94913,0.95975,0.98236,0.96626,0.12991,0.12588,0.74538,0.0027829,0.0027829,0.0027829
7292,11031.8,0.20894,0.19649,0.78663,0.94688,0.95612,0.98114,0.96471,0.12996,0.12582,0.74538,0.00278191,0.00278191,0.00278191
7293,11033.3,0.20644,0.18989,0.78642,0.94531,0.95682,0.98186,0.96556,0.12992,0.12597,0.74538,0.00278092,0.00278092,0.00278092
7294,11034.8,0.20549,0.19402,0.79701,0.94538,0.95496,0.98184,0.96519,0.13003,0.1262,0.7454,0.00277993,0.00277993,0.00277993
7295,11036.3,0.21066,0.18806,0.79168,0.94562,0.95622,0.98141,0.96682,0.13011,0.12608,0.74538,0.00277894,0.00277894,0.00277894
7296,11037.7,0.19067,0.17987,0.78754,0.94649,0.95906,0.98303,0.96828,0.1301,0.12614,0.74538,0.00277795,0.00277795,0.00277795
7297,11039.2,0.17975,0.17811,0.78326,0.94454,0.9575,0.98126,0.96671,0.13013,0.12604,0.7454,0.00277696,0.00277696,0.00277696
7298,11040.7,0.21235,0.19958,0.78982,0.94677,0.95603,0.98073,0.96671,0.13023,0.1262,0.74537,0.00277597,0.00277597,0.00277597
7299,11042.2,0.20356,0.18669,0.78732,0.94773,0.95511,0.98079,0.96466,0.13029,0.12607,0.74539,0.00277498,0.00277498,0.00277498
7300,11043.8,0.19623,0.18551,0.78835,0.94712,0.95568,0.98204,0.96744,0.13034,0.1261,0.74538,0.00277399,0.00277399,0.00277399
7301,11045.3,0.18425,0.17815,0.78568,0.94895,0.9573,0.98258,0.96718,0.13035,0.12623,0.74538,0.002773,0.002773,0.002773
7302,11046.8,0.21491,0.19103,0.78479,0.94953,0.95563,0.98156,0.96665,0.13042,0.12621,0.74538,0.00277201,0.00277201,0.00277201
7303,11048.3,0.19769,0.18173,0.78508,0.95017,0.95964,0.98356,0.96735,0.13029,0.12617,0.74538,0.00277102,0.00277102,0.00277102
7304,11049.8,0.18511,0.17474,0.78609,0.94909,0.95974,0.98252,0.96769,0.13022,0.12619,0.74536,0.00277003,0.00277003,0.00277003
7305,11051.3,0.18946,0.1791,0.79019,0.94767,0.95551,0.98205,0.96833,0.13034,0.12631,0.74537,0.00276904,0.00276904,0.00276904
7306,11052.8,0.2151,0.19133,0.78972,0.95103,0.95793,0.98246,0.96696,0.13037,0.1264,0.74539,0.00276805,0.00276805,0.00276805
7307,11054.3,0.18793,0.17497,0.78223,0.94914,0.95975,0.98182,0.96658,0.13029,0.12623,0.7454,0.00276706,0.00276706,0.00276706
7308,11055.8,0.19521,0.18097,0.78839,0.94531,0.95689,0.98076,0.96664,0.13029,0.12605,0.74537,0.00276607,0.00276607,0.00276607
7309,11057.3,0.19674,0.18288,0.79188,0.94418,0.95632,0.98142,0.96666,0.13012,0.12606,0.7454,0.00276508,0.00276508,0.00276508
7310,11058.9,0.19631,0.18606,0.7902,0.9472,0.95736,0.9824,0.96593,0.13014,0.126,0.74537,0.00276409,0.00276409,0.00276409
7311,11060.4,0.17888,0.17254,0.78535,0.94405,0.95576,0.98168,0.96662,0.13017,0.12603,0.74538,0.0027631,0.0027631,0.0027631
7312,11062,0.19955,0.18416,0.78796,0.94444,0.95578,0.98201,0.96591,0.13013,0.12615,0.74539,0.00276211,0.00276211,0.00276211
7313,11063.5,0.22279,0.18687,0.79791,0.94734,0.95837,0.98284,0.96743,0.13008,0.12606,0.74538,0.00276112,0.00276112,0.00276112
7314,11064.9,0.20126,0.18846,0.78552,0.94631,0.95746,0.98153,0.96698,0.13009,0.12612,0.7454,0.00276013,0.00276013,0.00276013
7315,11066.4,0.20106,0.18341,0.78628,0.94576,0.95661,0.98211,0.96585,0.13012,0.12625,0.74539,0.00275914,0.00275914,0.00275914
7316,11067.9,0.21985,0.19822,0.79368,0.94791,0.9573,0.98253,0.9669,0.13015,0.12623,0.74541,0.00275815,0.00275815,0.00275815
7317,11069.4,0.20747,0.18737,0.79357,0.94605,0.95644,0.98186,0.96835,0.13025,0.12634,0.74541,0.00275716,0.00275716,0.00275716
7318,11070.9,0.20268,0.19513,0.7792,0.94642,0.95639,0.98228,0.96734,0.13015,0.12632,0.74541,0.00275617,0.00275617,0.00275617
7319,11072.5,0.197,0.18406,0.79038,0.94572,0.95603,0.98171,0.96715,0.13007,0.12616,0.74542,0.00275518,0.00275518,0.00275518
7320,11074.2,0.21321,0.18983,0.79062,0.94525,0.95829,0.98269,0.96732,0.13014,0.12603,0.74541,0.00275419,0.00275419,0.00275419
7321,11075.7,0.19864,0.19016,0.78852,0.94778,0.95688,0.98252,0.96689,0.13013,0.12624,0.7454,0.0027532,0.0027532,0.0027532
7322,11077.3,0.20225,0.19077,0.78199,0.94799,0.95748,0.98176,0.96595,0.13011,0.12614,0.74542,0.00275221,0.00275221,0.00275221
7323,11078.8,0.18837,0.18143,0.78736,0.94759,0.95515,0.9821,0.96837,0.13019,0.12629,0.74543,0.00275122,0.00275122,0.00275122
7324,11080.3,0.19856,0.18273,0.78698,0.94763,0.95829,0.9819,0.96761,0.13015,0.12615,0.74542,0.00275023,0.00275023,0.00275023
7325,11081.7,0.18707,0.18081,0.78221,0.94712,0.95686,0.98175,0.96439,0.13006,0.12609,0.74542,0.00274924,0.00274924,0.00274924
7326,11083.2,0.20272,0.18461,0.79231,0.94976,0.959,0.98416,0.9702,0.1301,0.12626,0.74543,0.00274825,0.00274825,0.00274825
7327,11084.7,0.23,0.19233,0.79303,0.94721,0.95642,0.98208,0.96667,0.13005,0.12624,0.74542,0.00274726,0.00274726,0.00274726
7328,11086.2,0.20008,0.19299,0.78901,0.9463,0.95585,0.98182,0.96588,0.13004,0.12605,0.74545,0.00274627,0.00274627,0.00274627
7329,11087.8,0.19262,0.17925,0.78788,0.94933,0.95798,0.98322,0.96887,0.13007,0.12624,0.74545,0.00274528,0.00274528,0.00274528
7330,11089.3,0.20762,0.18852,0.78872,0.94925,0.95714,0.98237,0.96491,0.13013,0.12632,0.74547,0.00274429,0.00274429,0.00274429
7331,11090.8,0.20667,0.18804,0.78329,0.94819,0.95784,0.9823,0.96539,0.13006,0.12634,0.74548,0.0027433,0.0027433,0.0027433
7332,11092.3,0.18917,0.17719,0.78515,0.94568,0.95579,0.98032,0.96474,0.13,0.12625,0.74545,0.00274231,0.00274231,0.00274231
7333,11093.9,0.20522,0.18799,0.78448,0.9498,0.95719,0.98275,0.96602,0.12997,0.12644,0.7455,0.00274132,0.00274132,0.00274132
7334,11095.3,0.20251,0.18728,0.78878,0.94946,0.9567,0.98269,0.96884,0.1299,0.12634,0.74548,0.00274033,0.00274033,0.00274033
7335,11096.8,0.21912,0.18872,0.79669,0.9529,0.95836,0.98295,0.96624,0.12995,0.12643,0.74547,0.00273934,0.00273934,0.00273934
7336,11098.3,0.20732,0.18582,0.79365,0.94918,0.95573,0.98224,0.96619,0.12989,0.12643,0.74549,0.00273835,0.00273835,0.00273835
7337,11099.8,0.20179,0.18102,0.79283,0.95004,0.95871,0.98316,0.96626,0.12987,0.12618,0.7455,0.00273736,0.00273736,0.00273736
7338,11101.3,0.21342,0.19219,0.79079,0.94844,0.95747,0.98213,0.96864,0.12986,0.12646,0.74549,0.00273637,0.00273637,0.00273637
7339,11102.9,0.1933,0.18528,0.78647,0.95078,0.95782,0.9818,0.96531,0.12987,0.12638,0.7455,0.00273538,0.00273538,0.00273538
7340,11104.4,0.19484,0.18681,0.77664,0.95218,0.95832,0.98253,0.96761,0.12992,0.12661,0.7455,0.00273439,0.00273439,0.00273439
7341,11106,0.19584,0.17965,0.79753,0.95106,0.95731,0.98251,0.96945,0.12991,0.12647,0.74551,0.0027334,0.0027334,0.0027334
7342,11107.5,0.19718,0.18491,0.78702,0.95117,0.95832,0.98362,0.96821,0.12992,0.12656,0.74554,0.00273241,0.00273241,0.00273241
7343,11109,0.19706,0.1823,0.78518,0.95198,0.95621,0.98219,0.96862,0.12986,0.12641,0.74553,0.00273142,0.00273142,0.00273142
7344,11110.5,0.21016,0.18748,0.78523,0.95227,0.9567,0.98202,0.96849,0.12991,0.12638,0.74553,0.00273043,0.00273043,0.00273043
7345,11112,0.194,0.18711,0.7873,0.9527,0.95889,0.98442,0.96792,0.12988,0.12649,0.74554,0.00272944,0.00272944,0.00272944
7346,11113.6,0.19725,0.18912,0.79207,0.95233,0.95723,0.98274,0.96888,0.12983,0.12651,0.74554,0.00272845,0.00272845,0.00272845
7347,11115.1,0.21258,0.19169,0.79564,0.95266,0.95897,0.98358,0.97003,0.12988,0.12667,0.74555,0.00272746,0.00272746,0.00272746
7348,11116.6,0.20879,0.18689,0.79453,0.94875,0.95716,0.98261,0.96918,0.1299,0.12656,0.74555,0.00272647,0.00272647,0.00272647
7349,11118.2,0.19859,0.18495,0.7845,0.95028,0.95789,0.98254,0.96737,0.12992,0.12653,0.74555,0.00272548,0.00272548,0.00272548
7350,11119.7,0.19699,0.18364,0.79196,0.95025,0.95625,0.98264,0.96688,0.12991,0.12641,0.74554,0.00272449,0.00272449,0.00272449
7351,11121.3,0.20643,0.19044,0.78585,0.95342,0.95887,0.98302,0.9704,0.12984,0.12655,0.74551,0.0027235,0.0027235,0.0027235
7352,11122.7,0.21172,0.19024,0.79334,0.95042,0.95672,0.98126,0.96859,0.1299,0.12653,0.74554,0.00272251,0.00272251,0.00272251
7353,11124.3,0.19165,0.1812,0.78328,0.94959,0.95768,0.98279,0.9701,0.12993,0.12633,0.74554,0.00272152,0.00272152,0.00272152
7354,11125.8,0.19387,0.1857,0.7856,0.95124,0.9556,0.98262,0.96904,0.12992,0.12648,0.74552,0.00272053,0.00272053,0.00272053
7355,11127.3,0.20779,0.18954,0.78767,0.95085,0.95706,0.98326,0.97018,0.12995,0.1263,0.74552,0.00271954,0.00271954,0.00271954
7356,11128.8,0.1941,0.18036,0.7833,0.94999,0.95714,0.9833,0.97019,0.12995,0.1263,0.74552,0.00271855,0.00271855,0.00271855
7357,11130.3,0.20943,0.19056,0.78662,0.95033,0.95577,0.9812,0.96815,0.12991,0.12612,0.74549,0.00271756,0.00271756,0.00271756
7358,11131.8,0.19449,0.17423,0.78843,0.95286,0.95789,0.9835,0.9673,0.12986,0.12635,0.74548,0.00271657,0.00271657,0.00271657
7359,11133.4,0.18663,0.17623,0.78334,0.95224,0.95566,0.98153,0.96649,0.13002,0.12613,0.74548,0.00271558,0.00271558,0.00271558
7360,11134.9,0.18413,0.17801,0.78944,0.94965,0.95778,0.98283,0.96792,0.13,0.12632,0.74547,0.00271459,0.00271459,0.00271459
7361,11136.4,0.19152,0.17727,0.79117,0.952,0.95885,0.98375,0.96894,0.13008,0.12625,0.74548,0.0027136,0.0027136,0.0027136
7362,11138,0.18752,0.17614,0.78734,0.94663,0.95701,0.98341,0.96861,0.13004,0.12629,0.74546,0.00271261,0.00271261,0.00271261
7363,11139.5,0.20818,0.188,0.78952,0.95075,0.95669,0.98244,0.96962,0.13,0.12638,0.74548,0.00271162,0.00271162,0.00271162
7364,11141,0.19717,0.18736,0.78864,0.94977,0.95678,0.9819,0.96859,0.13011,0.12652,0.74547,0.00271063,0.00271063,0.00271063
7365,11142.5,0.20991,0.18423,0.79955,0.95109,0.95617,0.98273,0.96921,0.13016,0.12662,0.74547,0.00270964,0.00270964,0.00270964
7366,11144,0.20463,0.18358,0.78813,0.94818,0.95826,0.9835,0.96933,0.13016,0.12656,0.74545,0.00270865,0.00270865,0.00270865
7367,11145.5,0.19938,0.18883,0.78956,0.94669,0.9571,0.98304,0.96855,0.13019,0.12645,0.74545,0.00270766,0.00270766,0.00270766
7368,11147,0.20532,0.19111,0.78852,0.94666,0.95728,0.98263,0.96734,0.13027,0.1265,0.74545,0.00270667,0.00270667,0.00270667
7369,11148.6,0.20613,0.1883,0.78717,0.9452,0.9589,0.98349,0.96825,0.13019,0.12664,0.74541,0.00270568,0.00270568,0.00270568
7370,11150.2,0.22233,0.20086,0.79707,0.94264,0.95711,0.98332,0.96944,0.13036,0.12649,0.74542,0.00270469,0.00270469,0.00270469
7371,11151.6,0.19494,0.18778,0.78688,0.94693,0.95837,0.98358,0.96844,0.13036,0.12666,0.74542,0.0027037,0.0027037,0.0027037
7372,11153.1,0.20196,0.1862,0.78982,0.9489,0.95718,0.98334,0.96774,0.13046,0.12657,0.74539,0.00270271,0.00270271,0.00270271
7373,11154.7,0.17915,0.17333,0.77977,0.94727,0.95638,0.98346,0.96908,0.13054,0.12667,0.7454,0.00270172,0.00270172,0.00270172
7374,11156.2,0.18843,0.18073,0.79072,0.95031,0.95903,0.98495,0.97055,0.13047,0.12678,0.7454,0.00270073,0.00270073,0.00270073
7375,11157.7,0.19941,0.18778,0.78366,0.94923,0.95901,0.9839,0.97039,0.13037,0.12689,0.74539,0.00269974,0.00269974,0.00269974
7376,11159.2,0.20954,0.19461,0.79228,0.9479,0.95576,0.98191,0.96691,0.13045,0.12659,0.74538,0.00269875,0.00269875,0.00269875
7377,11160.7,0.19753,0.19119,0.781,0.94762,0.95642,0.9818,0.96669,0.13047,0.12687,0.74539,0.00269776,0.00269776,0.00269776
7378,11162.3,0.206,0.19713,0.78873,0.94741,0.95796,0.98329,0.97034,0.13036,0.12666,0.7454,0.00269677,0.00269677,0.00269677
7379,11163.9,0.1886,0.18626,0.7838,0.94833,0.95797,0.98377,0.96978,0.13042,0.12667,0.74536,0.00269578,0.00269578,0.00269578
7380,11165.5,0.2,0.18397,0.78601,0.94761,0.95597,0.98327,0.97036,0.13046,0.12673,0.74537,0.00269479,0.00269479,0.00269479
7381,11167,0.19522,0.18354,0.7921,0.94575,0.95717,0.98225,0.9672,0.13045,0.12684,0.74534,0.0026938,0.0026938,0.0026938
7382,11168.5,0.21586,0.19032,0.78956,0.94694,0.95795,0.98365,0.96941,0.13048,0.12698,0.74535,0.00269281,0.00269281,0.00269281
7383,11170,0.20405,0.18559,0.78714,0.94637,0.95747,0.98213,0.9669,0.13049,0.12703,0.74532,0.00269182,0.00269182,0.00269182
7384,11171.5,0.20164,0.18192,0.79019,0.94649,0.95864,0.98366,0.97035,0.13056,0.12697,0.74535,0.00269083,0.00269083,0.00269083
7385,11173,0.22035,0.1951,0.79454,0.94723,0.95799,0.98297,0.96742,0.1305,0.12712,0.74535,0.00268984,0.00268984,0.00268984
7386,11174.5,0.20517,0.1863,0.78844,0.94776,0.95795,0.98348,0.9702,0.1306,0.12717,0.74535,0.00268885,0.00268885,0.00268885
7387,11176,0.19479,0.18055,0.79067,0.94845,0.95542,0.98217,0.96716,0.13054,0.12721,0.74535,0.00268786,0.00268786,0.00268786
7388,11177.5,0.20711,0.18061,0.79536,0.94641,0.95799,0.98403,0.96842,0.13061,0.12728,0.74534,0.00268687,0.00268687,0.00268687
7389,11179.1,0.19767,0.177,0.78659,0.94979,0.95793,0.98337,0.96826,0.13063,0.12738,0.74537,0.00268588,0.00268588,0.00268588
7390,11180.6,0.20017,0.1834,0.78706,0.94753,0.95926,0.98268,0.96793,0.13068,0.1275,0.74538,0.00268489,0.00268489,0.00268489
7391,11182.2,0.20773,0.18967,0.7899,0.94511,0.95681,0.98304,0.96893,0.13059,0.12739,0.74538,0.0026839,0.0026839,0.0026839
7392,11183.7,0.23009,0.20057,0.78874,0.94801,0.95542,0.98118,0.96716,0.13066,0.12734,0.74537,0.00268291,0.00268291,0.00268291
7393,11185.3,0.19307,0.18452,0.77773,0.94549,0.95791,0.98319,0.96987,0.13082,0.12747,0.74537,0.00268192,0.00268192,0.00268192
7394,11186.8,0.2021,0.18562,0.78365,0.94636,0.95741,0.98313,0.96889,0.1308,0.12725,0.7454,0.00268093,0.00268093,0.00268093
7395,11188.3,0.21987,0.19683,0.79438,0.94308,0.95713,0.98174,0.96697,0.13082,0.12733,0.74538,0.00267994,0.00267994,0.00267994
7396,11189.8,0.19657,0.18417,0.78111,0.94243,0.95704,0.98208,0.96902,0.13095,0.12759,0.74539,0.00267895,0.00267895,0.00267895
7397,11191.3,0.20289,0.18346,0.788,0.94976,0.95773,0.98291,0.96882,0.1309,0.1272,0.7454,0.00267796,0.00267796,0.00267796
7398,11192.8,0.20338,0.1829,0.79422,0.94953,0.95915,0.98236,0.96727,0.13101,0.12753,0.74539,0.00267697,0.00267697,0.00267697
7399,11194.5,0.21322,0.18872,0.791,0.94674,0.95709,0.98114,0.96557,0.13111,0.1274,0.7454,0.00267598,0.00267598,0.00267598
7400,11196,0.18678,0.18257,0.78286,0.9497,0.95927,0.98227,0.96906,0.13113,0.12755,0.7454,0.00267499,0.00267499,0.00267499
7401,11197.6,0.20451,0.18724,0.78767,0.94939,0.95651,0.98167,0.96773,0.13125,0.12749,0.74539,0.002674,0.002674,0.002674
7402,11199.1,0.19597,0.18415,0.78323,0.94387,0.95645,0.98233,0.96905,0.13133,0.12746,0.74543,0.00267301,0.00267301,0.00267301
7403,11200.6,0.18931,0.18113,0.78258,0.94585,0.95921,0.98303,0.96834,0.13138,0.12757,0.74542,0.00267202,0.00267202,0.00267202
7404,11202,0.19903,0.18524,0.795,0.94379,0.95648,0.98169,0.9679,0.13141,0.12746,0.74541,0.00267103,0.00267103,0.00267103
7405,11203.5,0.20389,0.18313,0.78732,0.94399,0.9565,0.98075,0.96686,0.13145,0.12739,0.74542,0.00267004,0.00267004,0.00267004
7406,11205.1,0.21483,0.19498,0.79083,0.94579,0.95931,0.9826,0.96869,0.13145,0.12733,0.74542,0.00266905,0.00266905,0.00266905
7407,11206.6,0.17819,0.17123,0.78626,0.94683,0.95876,0.98348,0.96959,0.13139,0.12737,0.7454,0.00266806,0.00266806,0.00266806
7408,11208.2,0.20841,0.19428,0.78714,0.94291,0.95592,0.98124,0.96814,0.13149,0.12741,0.74542,0.00266707,0.00266707,0.00266707
7409,11209.8,0.20382,0.18649,0.78646,0.94389,0.95745,0.98158,0.96833,0.13143,0.12736,0.74542,0.00266608,0.00266608,0.00266608
7410,11211.3,0.2041,0.18245,0.78994,0.94767,0.95747,0.98137,0.96604,0.13155,0.12734,0.74542,0.00266509,0.00266509,0.00266509
7411,11212.9,0.20448,0.19015,0.78979,0.94538,0.95652,0.98118,0.96687,0.13148,0.12712,0.74541,0.0026641,0.0026641,0.0026641
7412,11214.4,0.20786,0.18667,0.79252,0.9468,0.95776,0.98221,0.96923,0.13154,0.12747,0.74543,0.00266311,0.00266311,0.00266311
7413,11215.9,0.20093,0.18533,0.78908,0.94703,0.95593,0.98199,0.96704,0.13148,0.12758,0.74541,0.00266212,0.00266212,0.00266212
7414,11217.4,0.20924,0.18826,0.78777,0.95038,0.95862,0.98244,0.96797,0.13155,0.12741,0.7454,0.00266113,0.00266113,0.00266113
7415,11218.8,0.20118,0.18436,0.79824,0.94956,0.95594,0.98081,0.96579,0.1315,0.12718,0.7454,0.00266014,0.00266014,0.00266014
7416,11220.3,0.2069,0.19205,0.79855,0.95091,0.95595,0.9805,0.96665,0.13147,0.12716,0.74541,0.00265915,0.00265915,0.00265915
7417,11221.9,0.19129,0.18206,0.78876,0.95076,0.95748,0.98207,0.96952,0.1317,0.12755,0.7454,0.00265816,0.00265816,0.00265816
7418,11223.5,0.19962,0.18428,0.78257,0.94494,0.9578,0.98073,0.96694,0.1318,0.12731,0.7454,0.00265717,0.00265717,0.00265717
7419,11225,0.2028,0.19117,0.79102,0.94376,0.95588,0.98043,0.96679,0.13178,0.12745,0.74539,0.00265618,0.00265618,0.00265618
7420,11226.5,0.19586,0.18636,0.78959,0.94447,0.95744,0.98196,0.9694,0.13177,0.12728,0.7454,0.00265519,0.00265519,0.00265519
7421,11228,0.21246,0.19061,0.79464,0.94733,0.95926,0.98159,0.96715,0.13176,0.12707,0.74541,0.0026542,0.0026542,0.0026542
7422,11229.5,0.19375,0.18639,0.78413,0.94621,0.95947,0.98249,0.96824,0.13179,0.12723,0.74539,0.00265321,0.00265321,0.00265321
7423,11231,0.18846,0.17742,0.78854,0.94392,0.95776,0.98185,0.96894,0.13172,0.12708,0.7454,0.00265222,0.00265222,0.00265222
7424,11232.5,0.20839,0.19045,0.78491,0.94795,0.95783,0.9822,0.96773,0.13166,0.12708,0.7454,0.00265123,0.00265123,0.00265123
7425,11234,0.1981,0.1893,0.78539,0.94669,0.9572,0.97998,0.96589,0.1317,0.12702,0.74539,0.00265024,0.00265024,0.00265024
7426,11235.5,0.19299,0.18095,0.78406,0.944,0.95723,0.98023,0.96667,0.13162,0.127,0.74538,0.00264925,0.00264925,0.00264925
7427,11236.9,0.20533,0.19161,0.78309,0.94484,0.95901,0.98136,0.96748,0.13174,0.12711,0.7454,0.00264826,0.00264826,0.00264826
7428,11238.6,0.20741,0.19266,0.78633,0.94565,0.96025,0.9825,0.96828,0.13175,0.12703,0.7454,0.00264727,0.00264727,0.00264727
7429,11240.3,0.20031,0.18632,0.79323,0.94516,0.95886,0.98216,0.96918,0.13185,0.12692,0.74539,0.00264628,0.00264628,0.00264628
7430,11241.8,0.1993,0.18328,0.79265,0.94651,0.95745,0.98144,0.96891,0.13193,0.12697,0.74539,0.00264529,0.00264529,0.00264529
7431,11243.3,0.1928,0.18,0.78841,0.94447,0.95891,0.98166,0.96718,0.13198,0.12706,0.74539,0.0026443,0.0026443,0.0026443
7432,11244.8,0.21501,0.19169,0.78589,0.94492,0.95723,0.98107,0.96784,0.13193,0.12701,0.74539,0.00264331,0.00264331,0.00264331
7433,11246.4,0.20331,0.18959,0.79156,0.94429,0.95656,0.98178,0.96693,0.13191,0.1271,0.7454,0.00264232,0.00264232,0.00264232
7434,11247.9,0.20482,0.18837,0.79478,0.94704,0.95658,0.98143,0.96751,0.13192,0.12694,0.74539,0.00264133,0.00264133,0.00264133
7435,11249.4,0.19418,0.18342,0.78471,0.9436,0.95979,0.98302,0.96987,0.13199,0.12698,0.7454,0.00264034,0.00264034,0.00264034
7436,11250.9,0.1982,0.18134,0.7906,0.94468,0.95822,0.98283,0.96899,0.13203,0.1272,0.7454,0.00263935,0.00263935,0.00263935
7437,11252.4,0.20523,0.18925,0.78463,0.94436,0.95719,0.98128,0.96645,0.13201,0.12712,0.74538,0.00263836,0.00263836,0.00263836
7438,11254,0.19393,0.19048,0.78624,0.94122,0.95595,0.98144,0.96612,0.13202,0.12733,0.74538,0.00263737,0.00263737,0.00263737
7439,11255.5,0.20983,0.19153,0.79161,0.94108,0.95809,0.9814,0.96573,0.13213,0.12711,0.74539,0.00263638,0.00263638,0.00263638
7440,11257,0.1995,0.18274,0.79562,0.94238,0.95809,0.98211,0.96673,0.13217,0.12713,0.74538,0.00263539,0.00263539,0.00263539
7441,11258.6,0.20169,0.1892,0.79604,0.9455,0.95963,0.98237,0.96778,0.13198,0.12724,0.74538,0.0026344,0.0026344,0.0026344
7442,11260,0.20665,0.18551,0.79568,0.9428,0.95732,0.98011,0.96495,0.13204,0.12718,0.74536,0.00263341,0.00263341,0.00263341
7443,11261.5,0.18836,0.17952,0.7907,0.9428,0.95733,0.98139,0.96819,0.13205,0.12739,0.74537,0.00263242,0.00263242,0.00263242
7444,11263.1,0.18959,0.17475,0.78703,0.94618,0.95885,0.98252,0.96793,0.13223,0.1273,0.74536,0.00263143,0.00263143,0.00263143
7445,11264.6,0.19027,0.18101,0.78708,0.94732,0.95828,0.98261,0.96796,0.13218,0.12729,0.74536,0.00263044,0.00263044,0.00263044
7446,11266.1,0.19071,0.17797,0.78264,0.94644,0.95923,0.98328,0.96859,0.13224,0.12754,0.74535,0.00262945,0.00262945,0.00262945
7447,11267.6,0.22641,0.19694,0.79805,0.94665,0.95738,0.98153,0.96458,0.1323,0.1275,0.74535,0.00262846,0.00262846,0.00262846
7448,11269.1,0.20849,0.19071,0.7876,0.94673,0.95846,0.98206,0.96809,0.13221,0.1275,0.74534,0.00262747,0.00262747,0.00262747
7449,11270.6,0.19124,0.17604,0.78878,0.94497,0.95812,0.98207,0.96679,0.13237,0.12748,0.74535,0.00262648,0.00262648,0.00262648
7450,11272.2,0.20239,0.19368,0.78446,0.94781,0.95833,0.98332,0.96792,0.13233,0.12752,0.74531,0.00262549,0.00262549,0.00262549
7451,11273.7,0.20443,0.18446,0.7885,0.94661,0.9574,0.98163,0.96728,0.13235,0.12754,0.74535,0.0026245,0.0026245,0.0026245
7452,11275.2,0.19471,0.18491,0.80341,0.94776,0.9591,0.98255,0.96827,0.13245,0.12767,0.74534,0.00262351,0.00262351,0.00262351
7453,11276.7,0.19515,0.18143,0.79211,0.94494,0.95805,0.98137,0.96667,0.13235,0.12744,0.74534,0.00262252,0.00262252,0.00262252
7454,11278.2,0.21952,0.19649,0.79423,0.94667,0.95814,0.98198,0.96498,0.13241,0.12733,0.74534,0.00262153,0.00262153,0.00262153
7455,11279.7,0.1907,0.18167,0.7889,0.94669,0.95606,0.98142,0.9652,0.13247,0.12754,0.74535,0.00262054,0.00262054,0.00262054
7456,11281.2,0.19854,0.18429,0.79312,0.94325,0.95809,0.98223,0.96794,0.13242,0.12749,0.74531,0.00261955,0.00261955,0.00261955
7457,11282.7,0.21177,0.18822,0.78532,0.94491,0.95603,0.98215,0.96598,0.13255,0.12775,0.74529,0.00261856,0.00261856,0.00261856
7458,11284.2,0.19127,0.1832,0.78824,0.94495,0.95828,0.98244,0.96711,0.13252,0.12777,0.7453,0.00261757,0.00261757,0.00261757
7459,11285.8,0.19638,0.18444,0.78872,0.94498,0.95746,0.98172,0.96404,0.1327,0.12759,0.74531,0.00261658,0.00261658,0.00261658
7460,11287.4,0.20173,0.19205,0.78241,0.95006,0.95964,0.98357,0.96853,0.13254,0.12759,0.74531,0.00261559,0.00261559,0.00261559
7461,11288.9,0.19194,0.17896,0.78802,0.94713,0.95737,0.98202,0.96498,0.13267,0.12758,0.7453,0.0026146,0.0026146,0.0026146
7462,11290.5,0.20157,0.18133,0.79,0.94315,0.95892,0.98238,0.96703,0.13277,0.12756,0.74531,0.00261361,0.00261361,0.00261361
7463,11292,0.17885,0.17657,0.78495,0.94074,0.95735,0.98099,0.96706,0.13278,0.12749,0.74532,0.00261262,0.00261262,0.00261262
7464,11293.5,0.19968,0.18689,0.78709,0.94128,0.95603,0.98241,0.96666,0.13285,0.12769,0.7453,0.00261163,0.00261163,0.00261163
7465,11295,0.21167,0.18954,0.79467,0.94541,0.95303,0.98213,0.96663,0.13278,0.12766,0.74531,0.00261064,0.00261064,0.00261064
7466,11296.5,0.20202,0.18606,0.78603,0.94254,0.95797,0.98298,0.96785,0.13276,0.12758,0.74534,0.00260965,0.00260965,0.00260965
7467,11298,0.21244,0.19121,0.79607,0.93923,0.95545,0.9811,0.96441,0.13283,0.12767,0.74533,0.00260866,0.00260866,0.00260866
7468,11299.6,0.18699,0.17731,0.78247,0.94188,0.95823,0.98323,0.96987,0.13286,0.12746,0.74533,0.00260767,0.00260767,0.00260767
7469,11301.2,0.21334,0.19272,0.79241,0.93871,0.95665,0.98116,0.96624,0.13284,0.12749,0.74533,0.00260668,0.00260668,0.00260668
7470,11302.7,0.213,0.19382,0.78991,0.94238,0.95663,0.98221,0.96818,0.13284,0.12767,0.74531,0.00260569,0.00260569,0.00260569
7471,11304.2,0.1998,0.18458,0.79401,0.93899,0.95743,0.98207,0.96831,0.13294,0.12755,0.74531,0.0026047,0.0026047,0.0026047
7472,11305.7,0.19595,0.1813,0.78699,0.93934,0.95754,0.98197,0.9654,0.13305,0.12767,0.74532,0.00260371,0.00260371,0.00260371
7473,11307.1,0.18866,0.17898,0.7898,0.94456,0.95807,0.98133,0.96631,0.13298,0.12772,0.74531,0.00260272,0.00260272,0.00260272
7474,11308.7,0.18976,0.18324,0.77581,0.93979,0.95747,0.98322,0.96987,0.13294,0.12762,0.74533,0.00260173,0.00260173,0.00260173
7475,11310.2,0.19861,0.18288,0.78538,0.9421,0.95812,0.98224,0.96575,0.13296,0.12777,0.74531,0.00260074,0.00260074,0.00260074
7476,11311.7,0.18427,0.17965,0.78597,0.94027,0.95809,0.98321,0.96993,0.13307,0.12751,0.74534,0.00259975,0.00259975,0.00259975
7477,11313.2,0.20677,0.19203,0.78353,0.93975,0.95746,0.9834,0.96813,0.13293,0.12757,0.74531,0.00259876,0.00259876,0.00259876
7478,11314.8,0.2087,0.18791,0.79849,0.93811,0.95597,0.98267,0.96745,0.13288,0.12736,0.74534,0.00259777,0.00259777,0.00259777
7479,11316.4,0.19939,0.18596,0.78708,0.9398,0.95743,0.98212,0.96551,0.13282,0.1274,0.74531,0.00259678,0.00259678,0.00259678
7480,11317.9,0.19823,0.18266,0.79287,0.94043,0.95728,0.98156,0.96646,0.13289,0.12731,0.74531,0.00259579,0.00259579,0.00259579
7481,11319.5,0.20505,0.18296,0.78937,0.93927,0.95948,0.98148,0.96814,0.13289,0.12747,0.74531,0.0025948,0.0025948,0.0025948
7482,11320.9,0.18916,0.18251,0.78543,0.94259,0.95874,0.98284,0.97007,0.13288,0.12766,0.74532,0.00259381,0.00259381,0.00259381
7483,11322.4,0.20599,0.19014,0.78762,0.94429,0.95961,0.98278,0.97002,0.13281,0.12741,0.74533,0.00259282,0.00259282,0.00259282
7484,11323.9,0.19105,0.17926,0.78456,0.94193,0.95882,0.9816,0.96698,0.13275,0.12756,0.74534,0.00259183,0.00259183,0.00259183
7485,11325.5,0.20068,0.18828,0.78956,0.94086,0.95403,0.97922,0.96433,0.13279,0.12748,0.74532,0.00259084,0.00259084,0.00259084
7486,11327,0.19875,0.18007,0.79029,0.94086,0.95476,0.98164,0.96619,0.13277,0.12741,0.74533,0.00258985,0.00258985,0.00258985
7487,11328.5,0.20581,0.18486,0.79426,0.9396,0.95799,0.98252,0.9673,0.13274,0.12734,0.74532,0.00258886,0.00258886,0.00258886
7488,11330,0.20432,0.18677,0.78662,0.94302,0.95953,0.98393,0.96964,0.13281,0.12748,0.74534,0.00258787,0.00258787,0.00258787
7489,11331.6,0.19813,0.18393,0.78529,0.93977,0.95882,0.9817,0.96714,0.13282,0.12748,0.74532,0.00258688,0.00258688,0.00258688
7490,11333.1,0.19718,0.18322,0.78766,0.93883,0.95751,0.9818,0.96831,0.13284,0.12744,0.74533,0.00258589,0.00258589,0.00258589
7491,11334.6,0.19971,0.18423,0.78725,0.94099,0.95751,0.98322,0.96751,0.13279,0.1275,0.74535,0.0025849,0.0025849,0.0025849
7492,11336.1,0.19832,0.18207,0.78824,0.94161,0.95658,0.98216,0.96785,0.13275,0.12745,0.74534,0.00258391,0.00258391,0.00258391
7493,11337.7,0.19824,0.18396,0.7882,0.93954,0.95817,0.98237,0.96935,0.1327,0.12751,0.74534,0.00258292,0.00258292,0.00258292
7494,11339.2,0.20588,0.192,0.7851,0.94068,0.95469,0.9814,0.96737,0.13275,0.12778,0.74532,0.00258193,0.00258193,0.00258193
7495,11340.7,0.18765,0.1781,0.78529,0.94008,0.95567,0.98174,0.96582,0.13278,0.1276,0.74531,0.00258094,0.00258094,0.00258094
7496,11342.2,0.19735,0.18058,0.79149,0.94227,0.95818,0.98314,0.96803,0.13279,0.12752,0.74533,0.00257995,0.00257995,0.00257995
7497,11343.7,0.20392,0.18976,0.78458,0.94468,0.95818,0.9833,0.96893,0.13276,0.12748,0.74533,0.00257896,0.00257896,0.00257896
7498,11345.4,0.19184,0.178,0.7837,0.93892,0.95513,0.98188,0.96689,0.13281,0.12764,0.74531,0.00257797,0.00257797,0.00257797
7499,11347,0.21316,0.18919,0.78688,0.94403,0.95605,0.98233,0.96682,0.13276,0.12759,0.74531,0.00257698,0.00257698,0.00257698
7500,11348.5,0.20353,0.19182,0.78582,0.94282,0.9575,0.98335,0.96998,0.13266,0.12753,0.74531,0.00257599,0.00257599,0.00257599
7501,11350,0.19314,0.18362,0.78314,0.94434,0.95777,0.98307,0.96855,0.13278,0.1276,0.74531,0.002575,0.002575,0.002575
7502,11351.5,0.18456,0.17672,0.78741,0.94104,0.95745,0.98296,0.96741,0.13272,0.12768,0.74531,0.00257401,0.00257401,0.00257401
7503,11353,0.19997,0.18545,0.78723,0.9452,0.95745,0.98354,0.97015,0.13278,0.12774,0.74531,0.00257302,0.00257302,0.00257302
7504,11354.5,0.20138,0.18452,0.79233,0.94819,0.95948,0.98403,0.96976,0.13279,0.12764,0.74533,0.00257203,0.00257203,0.00257203
7505,11356,0.21944,0.19282,0.79423,0.9439,0.95666,0.98269,0.96788,0.13282,0.12787,0.74532,0.00257104,0.00257104,0.00257104
7506,11357.4,0.18777,0.18079,0.78529,0.94217,0.95673,0.98195,0.96741,0.13281,0.12771,0.74533,0.00257005,0.00257005,0.00257005
7507,11359.1,0.19602,0.1822,0.78663,0.94402,0.95673,0.98318,0.9699,0.13282,0.12764,0.74533,0.00256906,0.00256906,0.00256906
7508,11360.7,0.21332,0.19514,0.79015,0.94811,0.95944,0.98408,0.96848,0.13282,0.12767,0.74534,0.00256807,0.00256807,0.00256807
7509,11362.2,0.18342,0.17848,0.77864,0.94382,0.95754,0.98371,0.97007,0.13287,0.12758,0.74536,0.00256708,0.00256708,0.00256708
7510,11363.7,0.18162,0.17496,0.78609,0.94421,0.95751,0.9831,0.96982,0.13285,0.12769,0.74536,0.00256609,0.00256609,0.00256609
7511,11365.2,0.20423,0.18841,0.7917,0.94325,0.95816,0.98329,0.96964,0.13283,0.1276,0.74537,0.0025651,0.0025651,0.0025651
7512,11366.7,0.21,0.18992,0.78863,0.93986,0.95604,0.98187,0.96657,0.13293,0.12776,0.74537,0.00256411,0.00256411,0.00256411
7513,11368.2,0.20921,0.19251,0.79255,0.94469,0.95737,0.98194,0.96816,0.13304,0.12788,0.74539,0.00256312,0.00256312,0.00256312
7514,11369.7,0.20365,0.18524,0.78464,0.94256,0.95702,0.98126,0.9654,0.13313,0.12774,0.74539,0.00256213,0.00256213,0.00256213
7515,11371.2,0.20686,0.19558,0.78747,0.94197,0.9558,0.98186,0.96727,0.13314,0.1279,0.74538,0.00256114,0.00256114,0.00256114
7516,11372.8,0.1944,0.18325,0.78786,0.94128,0.95696,0.98166,0.96706,0.13309,0.12775,0.7454,0.00256015,0.00256015,0.00256015
7517,11374.3,0.2121,0.19076,0.78737,0.94137,0.95692,0.98228,0.96909,0.13313,0.12807,0.7454,0.00255916,0.00255916,0.00255916
7518,11375.9,0.21091,0.18222,0.79186,0.94468,0.9587,0.98372,0.96993,0.13311,0.12788,0.74541,0.00255817,0.00255817,0.00255817
7519,11377.5,0.19685,0.18907,0.79236,0.94456,0.95764,0.98295,0.96965,0.13315,0.128,0.74542,0.00255718,0.00255718,0.00255718
7520,11379,0.20716,0.19062,0.78832,0.94277,0.9569,0.98293,0.96916,0.13314,0.12816,0.74543,0.00255619,0.00255619,0.00255619
7521,11380.5,0.19165,0.17588,0.78731,0.94392,0.95748,0.98332,0.96943,0.13316,0.12808,0.74545,0.0025552,0.0025552,0.0025552
7522,11382,0.19256,0.17887,0.78843,0.94429,0.95746,0.98303,0.96858,0.13325,0.12798,0.74548,0.00255421,0.00255421,0.00255421
7523,11383.5,0.18441,0.17684,0.78429,0.94425,0.95748,0.98337,0.96792,0.13332,0.12817,0.74547,0.00255322,0.00255322,0.00255322
7524,11385,0.19987,0.18741,0.78204,0.94601,0.95866,0.98418,0.96957,0.13324,0.12815,0.74546,0.00255223,0.00255223,0.00255223
7525,11386.5,0.20159,0.18498,0.78704,0.9466,0.95659,0.98217,0.96717,0.13303,0.12827,0.74547,0.00255124,0.00255124,0.00255124
7526,11387.9,0.18168,0.17284,0.78728,0.94521,0.95866,0.98424,0.96891,0.1332,0.12853,0.74548,0.00255025,0.00255025,0.00255025
7527,11389.5,0.20435,0.18627,0.78424,0.94507,0.95716,0.98288,0.96912,0.13315,0.12828,0.74546,0.00254926,0.00254926,0.00254926
7528,11391.1,0.19768,0.18079,0.78446,0.94664,0.95804,0.98329,0.96877,0.13324,0.12848,0.74547,0.00254827,0.00254827,0.00254827
7529,11392.6,0.19496,0.1788,0.78649,0.94272,0.95493,0.98253,0.96775,0.13323,0.12849,0.74549,0.00254728,0.00254728,0.00254728
7530,11394.1,0.19294,0.17885,0.79395,0.94518,0.95623,0.98261,0.9681,0.13326,0.12849,0.74549,0.00254629,0.00254629,0.00254629
7531,11395.6,0.17969,0.17422,0.78927,0.94791,0.95811,0.98393,0.97024,0.13327,0.12809,0.7455,0.0025453,0.0025453,0.0025453
7532,11397,0.19571,0.18409,0.78719,0.94443,0.95524,0.98217,0.96888,0.13327,0.12814,0.74549,0.00254431,0.00254431,0.00254431
7533,11398.5,0.19472,0.18326,0.79073,0.94522,0.95921,0.9843,0.96967,0.1333,0.12807,0.74552,0.00254332,0.00254332,0.00254332
7534,11400.1,0.19566,0.18288,0.78522,0.94732,0.95712,0.98316,0.96872,0.13337,0.1283,0.74551,0.00254233,0.00254233,0.00254233
7535,11401.5,0.20843,0.18774,0.79219,0.95086,0.9592,0.98354,0.96978,0.13343,0.12809,0.74551,0.00254134,0.00254134,0.00254134
7536,11403.1,0.2117,0.18625,0.79459,0.94236,0.95474,0.98181,0.96727,0.13335,0.12811,0.74552,0.00254035,0.00254035,0.00254035
7537,11404.6,0.19897,0.18658,0.78763,0.94826,0.95766,0.98247,0.96772,0.13344,0.12832,0.74553,0.00253936,0.00253936,0.00253936
7538,11406.2,0.18204,0.17772,0.79196,0.94512,0.95733,0.98412,0.97075,0.13358,0.1285,0.7455,0.00253837,0.00253837,0.00253837
7539,11407.7,0.19332,0.18172,0.792,0.95047,0.95792,0.98397,0.96874,0.13348,0.12851,0.74551,0.00253738,0.00253738,0.00253738
7540,11409.3,0.19082,0.17915,0.79222,0.94353,0.95704,0.98219,0.96695,0.13349,0.12832,0.74552,0.00253639,0.00253639,0.00253639
7541,11410.8,0.20444,0.18813,0.79213,0.94746,0.95686,0.98288,0.96969,0.13348,0.12823,0.74552,0.0025354,0.0025354,0.0025354
7542,11412.2,0.19451,0.18529,0.79218,0.94542,0.95609,0.9826,0.96586,0.13354,0.1285,0.74552,0.00253441,0.00253441,0.00253441
7543,11413.8,0.19069,0.18331,0.78622,0.9477,0.95663,0.98334,0.96892,0.13343,0.12829,0.74551,0.00253342,0.00253342,0.00253342
7544,11415.2,0.18592,0.17657,0.78665,0.94436,0.95687,0.98339,0.9679,0.13343,0.12832,0.74552,0.00253243,0.00253243,0.00253243
7545,11416.7,0.1898,0.17876,0.79201,0.94752,0.95529,0.98297,0.96752,0.13347,0.12831,0.74554,0.00253144,0.00253144,0.00253144
7546,11418.2,0.1816,0.17248,0.78906,0.94358,0.95848,0.98343,0.96703,0.13351,0.12844,0.74554,0.00253045,0.00253045,0.00253045
7547,11419.8,0.21783,0.19551,0.79278,0.94685,0.95748,0.98321,0.96893,0.13362,0.12839,0.74554,0.00252946,0.00252946,0.00252946
7548,11421.4,0.19075,0.18179,0.78997,0.94611,0.95537,0.98281,0.96848,0.13361,0.12835,0.74553,0.00252847,0.00252847,0.00252847
7549,11423,0.19719,0.18126,0.78572,0.94375,0.95535,0.98168,0.96768,0.1336,0.12827,0.74554,0.00252748,0.00252748,0.00252748
7550,11424.5,0.19111,0.18212,0.7861,0.94613,0.95919,0.98406,0.96807,0.13364,0.12829,0.74553,0.00252649,0.00252649,0.00252649
7551,11426,0.22114,0.1984,0.78966,0.9426,0.95625,0.98218,0.9661,0.13363,0.12814,0.74555,0.0025255,0.0025255,0.0025255
7552,11427.5,0.19417,0.18111,0.78623,0.944,0.95789,0.98233,0.96775,0.1336,0.12817,0.74554,0.00252451,0.00252451,0.00252451
7553,11429,0.20603,0.19231,0.78616,0.94129,0.95585,0.98281,0.96869,0.13362,0.12811,0.74555,0.00252352,0.00252352,0.00252352
7554,11430.5,0.19422,0.18279,0.78435,0.94558,0.95541,0.9835,0.96768,0.13363,0.128,0.74556,0.00252253,0.00252253,0.00252253
7555,11432,0.21312,0.19399,0.79014,0.94486,0.95753,0.9831,0.96683,0.13359,0.12814,0.74557,0.00252154,0.00252154,0.00252154
7556,11433.4,0.19216,0.17568,0.79117,0.94174,0.95673,0.98244,0.96567,0.13353,0.12816,0.74555,0.00252055,0.00252055,0.00252055
7557,11435,0.20596,0.18585,0.78872,0.94459,0.95672,0.98367,0.96693,0.13354,0.12812,0.74557,0.00251956,0.00251956,0.00251956
7558,11436.7,0.18994,0.18046,0.78692,0.94326,0.95753,0.98345,0.96675,0.13353,0.12822,0.74556,0.00251857,0.00251857,0.00251857
7559,11438.2,0.20648,0.18854,0.78983,0.94242,0.95818,0.98275,0.96871,0.13353,0.12815,0.74558,0.00251758,0.00251758,0.00251758
7560,11439.7,0.20338,0.18415,0.7914,0.94038,0.95497,0.98225,0.9683,0.13351,0.12818,0.74557,0.00251659,0.00251659,0.00251659
7561,11441.2,0.18352,0.17645,0.78369,0.94345,0.9585,0.98379,0.96854,0.13362,0.12809,0.7456,0.0025156,0.0025156,0.0025156
7562,11442.7,0.20319,0.19035,0.7933,0.94095,0.95777,0.98318,0.96863,0.1335,0.12801,0.74558,0.00251461,0.00251461,0.00251461
7563,11444.1,0.18748,0.17529,0.79065,0.94128,0.95691,0.98164,0.96708,0.13349,0.12828,0.74557,0.00251362,0.00251362,0.00251362
7564,11445.6,0.20414,0.18643,0.79807,0.93813,0.95506,0.98197,0.96566,0.13353,0.12791,0.74558,0.00251263,0.00251263,0.00251263
7565,11447.1,0.2022,0.18341,0.78689,0.93828,0.95608,0.98142,0.96583,0.13349,0.12774,0.74558,0.00251164,0.00251164,0.00251164
7566,11448.6,0.1837,0.17837,0.78444,0.93879,0.95668,0.98262,0.96858,0.13349,0.12805,0.74559,0.00251065,0.00251065,0.00251065
7567,11450.2,0.18766,0.17977,0.78751,0.94143,0.95754,0.98326,0.96753,0.13356,0.12797,0.74559,0.00250966,0.00250966,0.00250966
7568,11451.8,0.21054,0.19045,0.78626,0.93829,0.95593,0.98273,0.96828,0.13359,0.12813,0.74561,0.00250867,0.00250867,0.00250867
7569,11453.3,0.18872,0.18225,0.77958,0.93973,0.95592,0.98214,0.96815,0.13361,0.12788,0.74561,0.00250768,0.00250768,0.00250768
7570,11454.8,0.18788,0.17933,0.78245,0.93746,0.95579,0.98231,0.96708,0.13347,0.12808,0.74561,0.00250669,0.00250669,0.00250669
7571,11456.4,0.19738,0.18334,0.78971,0.93922,0.95599,0.98126,0.9668,0.13351,0.12803,0.74561,0.0025057,0.0025057,0.0025057
7572,11457.8,0.19053,0.17717,0.78679,0.94227,0.95685,0.98328,0.9664,0.13349,0.12806,0.74559,0.00250471,0.00250471,0.00250471
7573,11459.4,0.20932,0.1917,0.78724,0.94146,0.95684,0.98306,0.96679,0.13349,0.12817,0.7456,0.00250372,0.00250372,0.00250372
7574,11460.8,0.18989,0.18104,0.78888,0.94325,0.9591,0.9835,0.96561,0.13355,0.12825,0.7456,0.00250273,0.00250273,0.00250273
7575,11462.4,0.20245,0.1868,0.79298,0.94363,0.95661,0.98311,0.96519,0.13356,0.12816,0.74564,0.00250174,0.00250174,0.00250174
7576,11463.9,0.19067,0.18075,0.78738,0.94434,0.9567,0.98311,0.96711,0.13363,0.12818,0.74562,0.00250075,0.00250075,0.00250075
7577,11465.4,0.19427,0.18391,0.786,0.93987,0.95621,0.98155,0.96507,0.13357,0.1283,0.74563,0.00249976,0.00249976,0.00249976
7578,11467,0.19895,0.18345,0.78813,0.94301,0.9575,0.98386,0.96877,0.13363,0.12838,0.74562,0.00249877,0.00249877,0.00249877
7579,11468.5,0.19586,0.18169,0.79398,0.94153,0.95597,0.98236,0.96727,0.13357,0.12837,0.74562,0.00249778,0.00249778,0.00249778
7580,11470,0.19879,0.18623,0.79138,0.94402,0.95858,0.98337,0.96847,0.13355,0.12824,0.74564,0.00249679,0.00249679,0.00249679
7581,11471.5,0.20182,0.17652,0.78856,0.94358,0.9581,0.98304,0.96808,0.13364,0.12814,0.74565,0.0024958,0.0024958,0.0024958
7582,11473.1,0.18815,0.18041,0.78358,0.93951,0.95756,0.98098,0.96524,0.13359,0.12829,0.74566,0.00249481,0.00249481,0.00249481
7583,11474.6,0.19703,0.1813,0.78774,0.93923,0.95593,0.982,0.96765,0.13358,0.12815,0.74564,0.00249382,0.00249382,0.00249382
7584,11476.1,0.18565,0.18049,0.78259,0.9419,0.9574,0.98265,0.96682,0.13347,0.12824,0.74565,0.00249283,0.00249283,0.00249283
7585,11477.7,0.212,0.19693,0.78719,0.94243,0.95838,0.98314,0.96769,0.13346,0.1281,0.74562,0.00249184,0.00249184,0.00249184
7586,11479.2,0.19064,0.17317,0.79087,0.94115,0.95746,0.98278,0.96631,0.13343,0.12804,0.74565,0.00249085,0.00249085,0.00249085
7587,11480.8,0.19577,0.18637,0.78462,0.94409,0.95937,0.98361,0.96831,0.13354,0.12813,0.74566,0.00248986,0.00248986,0.00248986
7588,11482.4,0.20215,0.18646,0.79671,0.94365,0.95762,0.9824,0.96527,0.13363,0.12817,0.74565,0.00248887,0.00248887,0.00248887
7589,11483.9,0.19454,0.18021,0.78825,0.94292,0.95861,0.98328,0.96701,0.13355,0.12815,0.74565,0.00248788,0.00248788,0.00248788
7590,11485.3,0.19281,0.18539,0.78609,0.94044,0.9574,0.98306,0.9667,0.13362,0.12808,0.74566,0.00248689,0.00248689,0.00248689
7591,11486.9,0.21429,0.19496,0.79126,0.94084,0.95672,0.98125,0.96622,0.13362,0.12818,0.74567,0.0024859,0.0024859,0.0024859
7592,11488.4,0.18394,0.17389,0.789,0.94583,0.95931,0.98297,0.96534,0.13362,0.12806,0.74567,0.00248491,0.00248491,0.00248491
7593,11489.8,0.18988,0.18064,0.78242,0.9458,0.95744,0.98287,0.96588,0.13355,0.12806,0.7457,0.00248392,0.00248392,0.00248392
7594,11491.4,0.21081,0.18989,0.78827,0.94414,0.95742,0.98342,0.96593,0.1336,0.12813,0.74568,0.00248293,0.00248293,0.00248293
7595,11492.9,0.1812,0.17412,0.78174,0.94155,0.95572,0.98179,0.96588,0.13361,0.12826,0.74568,0.00248194,0.00248194,0.00248194
7596,11494.4,0.20174,0.18336,0.79405,0.94759,0.95689,0.98191,0.96446,0.13363,0.12813,0.74566,0.00248095,0.00248095,0.00248095
7597,11496,0.19839,0.18321,0.79107,0.94467,0.95604,0.98258,0.96569,0.13354,0.12817,0.74568,0.00247996,0.00247996,0.00247996
7598,11497.5,0.20596,0.1868,0.79937,0.94515,0.95601,0.98345,0.96915,0.13357,0.12804,0.74569,0.00247897,0.00247897,0.00247897
7599,11499.1,0.19743,0.18392,0.78556,0.94536,0.95784,0.98395,0.96834,0.1336,0.12819,0.74569,0.00247798,0.00247798,0.00247798
7600,11500.6,0.19715,0.18376,0.78783,0.9461,0.95841,0.98368,0.96892,0.13355,0.12836,0.74566,0.00247699,0.00247699,0.00247699
7601,11502.1,0.19872,0.18781,0.78603,0.94607,0.95813,0.98378,0.96793,0.13368,0.12813,0.74567,0.002476,0.002476,0.002476
7602,11503.6,0.19398,0.18163,0.78972,0.94403,0.9574,0.98328,0.96802,0.13366,0.12823,0.74567,0.00247501,0.00247501,0.00247501
7603,11505.1,0.19604,0.18815,0.78826,0.94322,0.9575,0.98375,0.96711,0.13381,0.12828,0.74569,0.00247402,0.00247402,0.00247402
7604,11506.6,0.19176,0.18029,0.78686,0.94246,0.95591,0.98269,0.96586,0.13379,0.12839,0.74565,0.00247303,0.00247303,0.00247303
7605,11508.1,0.19878,0.1794,0.7924,0.94296,0.95316,0.9823,0.96612,0.13387,0.12847,0.74565,0.00247204,0.00247204,0.00247204
7606,11509.6,0.19295,0.17869,0.78686,0.94362,0.9586,0.98437,0.96963,0.13389,0.12837,0.74566,0.00247105,0.00247105,0.00247105
7607,11511.3,0.19792,0.18659,0.78583,0.94122,0.95837,0.98383,0.9684,0.13388,0.12835,0.74565,0.00247006,0.00247006,0.00247006
7608,11512.8,0.18715,0.17883,0.7855,0.94398,0.95851,0.98376,0.96699,0.13397,0.12832,0.74566,0.00246907,0.00246907,0.00246907
7609,11514.4,0.19578,0.18481,0.78654,0.94075,0.95598,0.98186,0.96579,0.13408,0.12876,0.74565,0.00246808,0.00246808,0.00246808
7610,11515.9,0.1966,0.18502,0.78303,0.94023,0.95673,0.98175,0.96733,0.13409,0.12866,0.74566,0.00246709,0.00246709,0.00246709
7611,11517.3,0.20359,0.1841,0.79362,0.94251,0.95762,0.98276,0.96791,0.13418,0.12872,0.74563,0.0024661,0.0024661,0.0024661
7612,11518.8,0.21174,0.18437,0.79032,0.94074,0.95812,0.98316,0.96738,0.13424,0.12875,0.74566,0.00246511,0.00246511,0.00246511
7613,11520.3,0.1962,0.18429,0.78712,0.94022,0.95476,0.98196,0.96752,0.13425,0.1288,0.74565,0.00246412,0.00246412,0.00246412
7614,11521.8,0.21378,0.19181,0.79107,0.94086,0.95753,0.98145,0.96662,0.1342,0.12864,0.74564,0.00246313,0.00246313,0.00246313
7615,11523.3,0.19325,0.18295,0.7938,0.94299,0.95554,0.98222,0.96771,0.13418,0.12866,0.74563,0.00246214,0.00246214,0.00246214
7616,11524.8,0.18842,0.17988,0.78484,0.94392,0.9539,0.98278,0.96584,0.13427,0.12879,0.74564,0.00246115,0.00246115,0.00246115
7617,11526.4,0.19714,0.18457,0.78698,0.94383,0.95413,0.98225,0.96782,0.13417,0.12869,0.74562,0.00246016,0.00246016,0.00246016
7618,11528,0.18952,0.17732,0.78669,0.94306,0.95208,0.98184,0.96512,0.13436,0.12886,0.74564,0.00245917,0.00245917,0.00245917
7619,11529.5,0.20474,0.18383,0.78834,0.94203,0.9576,0.98181,0.9675,0.13435,0.12869,0.74564,0.00245818,0.00245818,0.00245818
7620,11531,0.18967,0.18384,0.78047,0.94342,0.9548,0.98284,0.96864,0.13445,0.12893,0.74566,0.00245719,0.00245719,0.00245719
7621,11532.6,0.20383,0.19254,0.78268,0.94352,0.95925,0.98362,0.96942,0.13441,0.12887,0.74565,0.0024562,0.0024562,0.0024562
7622,11534.1,0.2051,0.18735,0.78755,0.94468,0.95303,0.98252,0.9657,0.13449,0.12907,0.74563,0.00245521,0.00245521,0.00245521
7623,11535.6,0.17894,0.17306,0.79137,0.94404,0.95865,0.9832,0.96693,0.13448,0.12903,0.74563,0.00245422,0.00245422,0.00245422
7624,11537.1,0.1885,0.17901,0.79008,0.94308,0.95865,0.9836,0.96661,0.13456,0.12912,0.74562,0.00245323,0.00245323,0.00245323
